id,version,nome_it,nome_en,dsd_id,dsd_version,dsd_agency
101_1015,1.0,Coltivazioni,Crops,DCSP_COLTIVAZIONI,1.1,IT1
101_1015_DF_DCSP_COLTIVAZIONI_1,1.0,Superfici e produzione - dati in complesso,Areas and production - overall data,DCSP_COLTIVAZIONI,1.1,IT1
101_1015_DF_DCSP_COLTIVAZIONI_10,1.0,Intenzioni di semina,Sowing forecast,DCSP_COLTIVAZIONI,1.1,IT1
101_1015_DF_DCSP_COLTIVAZIONI_2,1.0,Superfici e produzione - dati in complesso - prov,Areas and production - overall data - provinces,DCSP_COLTIVAZIONI,1.1,IT1
101_1030,1.0,Prodotti agroalimentari di qualità DOP/IGP e STG,"PDO, PGI and TSG quality products",DCSP_DOPIGP,1.0,IT1
101_1030_DF_DCSP_DOPIGP_1,1.0,Operatori per settore,Operators by sector,DCSP_DOPIGP,1.0,IT1
101_1030_DF_DCSP_DOPIGP_2,1.0,Operatori per prodotto,Operators by product,DCSP_DOPIGP,1.0,IT1
101_1030_DF_DCSP_DOPIGP_3,1.0,Dinamica degli operatori,Dynamics of operators,DCSP_DOPIGP,1.0,IT1
101_1030_DF_DCSP_DOPIGP_4,1.0,"Prodotti DOP, IGP e STG attivi","PDO, PGI and TSG active products",DCSP_DOPIGP,1.0,IT1
101_1030_DF_DCSP_DOPIGP_5,1.0,Processo di lavorazione per zona altimetrica,Working process by altimetric zone,DCSP_DOPIGP,1.0,IT1
101_1030_DF_DCSP_DOPIGP_6,1.0,Processo di lavorazione per sesso del conduttore,Working process by sex of the conductor,DCSP_DOPIGP,1.0,IT1
101_1033,1.0,Macellazioni,Slaughtering,DCSP_MACELLAZIONI,1.0,IT1
101_1033_DF_DASH_DCSP_MACELLAZIONI_1,1.0,Carni - dati mensili,Meat - monthly data,DCSP_MACELLAZIONI,1.0,IT1
101_1033_DF_DCSP_MACELLAZIONI_1,1.0,Carni rosse - dati mensili,Red meat - monthly data,DCSP_MACELLAZIONI,1.0,IT1
101_1033_DF_DCSP_MACELLAZIONI_2,1.0,Carni bianche - dati mensili,White meat - monthly data,DCSP_MACELLAZIONI,1.0,IT1
101_1033_DF_DCSP_MACELLAZIONI_3,1.0,Carni rosse - dati annuali,Red meat - annual data,DCSP_MACELLAZIONI,1.0,IT1
101_1033_DF_DCSP_MACELLAZIONI_4,1.0,Carni bianche - dati annuali,White meat - annual data,DCSP_MACELLAZIONI,1.0,IT1
101_1039,1.0,Agriturismo - comuni,Agritourism - municipalities,DCSP_AGRITURISMO_COM,1.0,IT1
101_1039_DF_DCSP_AGRITURISMO_COM_1,1.0,Agriturismo - comuni,Agritourism - municipalities,DCSP_AGRITURISMO_COM,1.0,IT1
101_1077,1.0,Prodotti di qualità DOP/IGP e STG: operatori - dati comunali,"PDO, PGI and TSG products:  operators - municipalities data",DCSP_DOPIGP_COM,1.0,IT1
101_1077_DF_DCSP_DOPIGP_COM_1,1.0,Prodotti di qualità DOP/IGP e STG: operatori - dati comunali,"PDO, PGI and TSG products: operators - municipalities data",DCSP_DOPIGP_COM,1.0,IT1
101_12,1.0,Prezzi dei prodotti agricoli,Agricoltural prices,DCSP_PREZZIAGR,1.0,IT1
101_12_DF_DCSP_PREZZIAGR_1,1.0,"Indice dei prezzi dei prodotti acquistati dagli agricoltori, mensile (base 2015)","Agricultural purchase price index, monthly data (base 2015)",DCSP_PREZZIAGR,1.0,IT1
101_12_DF_DCSP_PREZZIAGR_10,1.0,"Indice dei prezzi alla produzione dei prodotti venduti dagli agricoltori, mensile (base 2020)","Agricultural producer price index, monthly data (base 2020)",DCSP_PREZZIAGR,1.0,IT1
101_12_DF_DCSP_PREZZIAGR_11,1.0,"Indice dei prezzi dei prodotti acquistati dagli agricoltori, media annua (base 2020)","Agricultural purchase price index, annual average (base 2020)",DCSP_PREZZIAGR,1.0,IT1
101_12_DF_DCSP_PREZZIAGR_12,1.0,"Indice dei prezzi alla produzione dei prodotti venduti dagli agricoltori, media annua (base 2020)","Agricultural producer price index, annual average (base 2020)",DCSP_PREZZIAGR,1.0,IT1
101_12_DF_DCSP_PREZZIAGR_2,1.0,"Indice dei prezzi alla produzione dei prodotti venduti dagli agricoltori, mensile (base 2015)","Agricultural producer price index, monthly data (base 2015)",DCSP_PREZZIAGR,1.0,IT1
101_12_DF_DCSP_PREZZIAGR_3,1.0,"Indice dei prezzi dei prodotti acquistati dagli agricoltori, media annua (base 2015)","Agricultural purchase price index, annual average (base 2015)",DCSP_PREZZIAGR,1.0,IT1
101_12_DF_DCSP_PREZZIAGR_4,1.0,"Indice dei prezzi alla produzione dei prodotti venduti dagli agricoltori, media annua (base 2015)","Agricultural producer price index, annual average (base 2015)",DCSP_PREZZIAGR,1.0,IT1
101_12_DF_DCSP_PREZZIAGR_5,1.0,"Indice dei prezzi dei prodotti acquistati dagli agricoltori, mensile (base 2010)","Agricultural purchase price index, monthly data (base 2010)",DCSP_PREZZIAGR,1.0,IT1
101_12_DF_DCSP_PREZZIAGR_6,1.0,"Indice dei prezzi alla produzione dei prodotti venduti dagli agricoltori, mensile (base 2010)","Agricultural producer price index, monthly data (base 2010)",DCSP_PREZZIAGR,1.0,IT1
101_12_DF_DCSP_PREZZIAGR_7,1.0,"Indice dei prezzi dei prodotti acquistati dagli agricoltori, media annua (base 2010)","Agricultural purchase price index, annual average (base 2010)",DCSP_PREZZIAGR,1.0,IT1
101_12_DF_DCSP_PREZZIAGR_8,1.0,"Indice dei prezzi alla produzione dei prodotti venduti dagli agricoltori, media annua (base 2010)","Agricultural producer price index, annual average (base 2010)",DCSP_PREZZIAGR,1.0,IT1
101_12_DF_DCSP_PREZZIAGR_9,1.0,"Indice dei prezzi dei prodotti acquistati dagli agricoltori, mensile (base 2020)","Agricultural purchase price index, monthly data (base 2020)",DCSP_PREZZIAGR,1.0,IT1
101_148,1.0,Risultati economici delle aziende agricole,Economic results of farms,DCSP_RICAREA,1.0,IT1
101_148_DF_DCSP_RICAREA_1,1.0,Risultati economici delle aziende agricole - Principali dati,Economic results of farms - Key data,DCSP_RICAREA,1.0,IT1
101_148_DF_DCSP_RICAREA_2,1.0,Valori economici medi per azienda per classe di ULA,Farm average economic values by AWU class,DCSP_RICAREA,1.0,IT1
101_148_DF_DCSP_RICAREA_3,1.0,Valori economici medi per azienda per classe di fatturato,Farm average economic values by turnover class,DCSP_RICAREA,1.0,IT1
101_148_DF_DCSP_RICAREA_4,1.0,Valori economici medi per azienda per forma giuridica,Farm average economic values by legal form,DCSP_RICAREA,1.0,IT1
101_148_DF_DCSP_RICAREA_5,1.0,Idicatori di performance per settore,Performance indicators by sector,DCSP_RICAREA,1.0,IT1
101_22,1.0,Fitosanitari,Plant protection products,DCSP_FITOSANITARI,1.0,IT1
101_22_DF_DCSP_FITOSANITARI_1,1.0,Prodotti distribuiti - prov.,Distributed products - provinces,DCSP_FITOSANITARI,1.0,IT1
101_22_DF_DCSP_FITOSANITARI_2,1.0,Principi attivi contenuti - prov.,Active substances conteined - provinces,DCSP_FITOSANITARI,1.0,IT1
101_22_DF_DCSP_FITOSANITARI_3,1.0,Utilizzo per tipo di coltura - Principali dati,Use by type of crop - Key data,DCSP_FITOSANITARI,1.0,IT1
101_22_DF_DCSP_FITOSANITARI_4,1.0,Utilizzo - dettaglio di principio attivo,Use - detail of active substances,DCSP_FITOSANITARI,1.0,IT1
101_22_DF_DCSP_FITOSANITARI_5,1.0,Classe di trattamenti effettuati,Treatmemts made class,DCSP_FITOSANITARI,1.0,IT1
101_959,1.0,Latte e prodotti lattiero caseari,Milk and dairy products,DCSP_LATTE,1.0,IT1
101_959_DF_DCSP_LATTE_1,1.0,Prodotti - dati mensili,Products - monthly data,DCSP_LATTE,1.0,IT1
101_959_DF_DCSP_LATTE_2,1.0,Prodotti per tipo di unità produttiva,Products by kind of productive unit,DCSP_LATTE,1.0,IT1
101_959_DF_DCSP_LATTE_3,1.0,Quantità di materie prime fresche importate,Quantity of fresh products imported,DCSP_LATTE,1.0,IT1
101_959_DF_DCSP_LATTE_4,1.0,Prodotti e stabilimenti per classi di tonnellate di prodotto,Products and factories by tonnes of product,DCSP_LATTE,1.0,IT1
101_959_DF_DCSP_LATTE_5,1.0,Stabilimenti per unità produttive - reg,Factories by productive unit - reg,DCSP_LATTE,1.0,IT1
101_959_DF_DCSP_LATTE_6,1.0,Prodotti - reg,Products - reg,DCSP_LATTE,1.0,IT1
101_961,1.0,Consistenze degli allevamenti,Livestock,DCSP_CONSISTENZE,1.0,IT1
101_961_DF_DCSP_CONSISTENZE_1,1.0,Consistenze al 1° dicembre - reg,Livestock at 1st of december - regional,DCSP_CONSISTENZE,1.0,IT1
101_961_DF_DCSP_CONSISTENZE_2,1.0,Consistenze al 1° giugno,Livestock at 1st of june,DCSP_CONSISTENZE,1.0,IT1
101_962,1.0,Import export di bestiame,Livestock import export,DCSP_LIVESTIMPEXP,1.0,IT1
101_962_DF_DCSP_LIVESTIMPEXP_1,1.0,Animali vivi - dati mensili,Live animals - Monthly data,DCSP_LIVESTIMPEXP,1.0,IT1
101_962_DF_DCSP_LIVESTIMPEXP_2,1.0,Animali vivi - dati annuali,Live animals - Annual data,DCSP_LIVESTIMPEXP,1.0,IT1
101_962_DF_DCSP_LIVESTIMPEXP_3,1.0,Carni - dati mensili,Meat - Monthly data,DCSP_LIVESTIMPEXP,1.0,IT1
101_962_DF_DCSP_LIVESTIMPEXP_4,1.0,Carni - dati annuali,Meat - Annual data,DCSP_LIVESTIMPEXP,1.0,IT1
101_965,1.0,Agriturismo,Agritourism,DCSP_AGRITURISMO,1.0,IT1
101_965_DF_DCSP_AGRITURISMO_1,1.0,Aziende autorizzate - prov,Authorized farms,DCSP_AGRITURISMO,1.0,IT1
101_965_DF_DCSP_AGRITURISMO_2,1.0,Servizi agrituristici,Agrituristic services,DCSP_AGRITURISMO,1.0,IT1
101_965_DF_DCSP_AGRITURISMO_3,1.0,Zona altimetrica e sesso del conduttore - prov,Altimetric zone and conductor sex - provincial data,DCSP_AGRITURISMO,1.0,IT1
101_965_DF_DCSP_AGRITURISMO_4,1.0,Durata dell'autorizzazione - prov,Authorised duration of agritouristic activity - provincial data,DCSP_AGRITURISMO,1.0,IT1
101_965_DF_DCSP_AGRITURISMO_5,1.0,Dinamica autorizzazioni - prov,Authorized farms dinamic - provincial data,DCSP_AGRITURISMO,1.0,IT1
102_974,1.0,Struttura delle aziende agricole,Farm structure,DCSP_SPA,1.0,IT1
102_974_DF_DCSP_SPA_1,1.0,Aziende e superfici per titolo di possesso,Farm and area by land ownership,DCSP_SPA,1.0,IT1
102_974_DF_DCSP_SPA_10,1.0,Aziende con energia rinnovabile,Farms with renevable energy,DCSP_SPA,1.0,IT1
102_974_DF_DCSP_SPA_11,1.0,Aziende e mezzi meccanici,Farms and mechanical means,DCSP_SPA,1.0,IT1
102_974_DF_DCSP_SPA_12,1.0,Aziende per forma giuridica,Farms by legal form,DCSP_SPA,1.0,IT1
102_974_DF_DCSP_SPA_13,1.0,Aziende per titolo di studio del conduttore,Farms by farm manager educational level,DCSP_SPA,1.0,IT1
102_974_DF_DCSP_SPA_14,1.0,Persone e giornate di lavoro per tipo di manodopera,Persons and working days by labour force category,DCSP_SPA,1.0,IT1
102_974_DF_DCSP_SPA_2,1.0,Aziende e superfici per classe di superficie,Farm and area by class of agricoltural area,DCSP_SPA,1.0,IT1
102_974_DF_DCSP_SPA_3,1.0,Aziende e superfici per forma di conduzione,Farm and area by management system,DCSP_SPA,1.0,IT1
102_974_DF_DCSP_SPA_4,1.0,Aziende a superficie irrigabile ed irrigata,Farm with irrigable and irrigated area,DCSP_SPA,1.0,IT1
102_974_DF_DCSP_SPA_5,1.0,Aziende e superfici per coltivazione biologiche,Farms and agricoltural area with organic farming,DCSP_SPA,1.0,IT1
102_974_DF_DCSP_SPA_6,1.0,Aziende e superfici,Farms and agricoltural area,DCSP_SPA,1.0,IT1
102_974_DF_DCSP_SPA_7,1.0,Aziende e superfici per coltivazione,Farms and agricoltural area by crops,DCSP_SPA,1.0,IT1
102_974_DF_DCSP_SPA_8,1.0,Aziende e consistenze degli allevamenti,Farms and livestock,DCSP_SPA,1.0,IT1
102_974_DF_DCSP_SPA_9,1.0,Aziende con attività connesse,Farms with gainful activities,DCSP_SPA,1.0,IT1
104_466,1.0,Fertilizzanti,Fertilizars,DCSP_FERTILIZZANTI,1.0,IT1
104_466_DF_DCSP_FERTILIZZANTI_1,1.0,Fertilizzanti distribuiti per stato liquido o solido - reg.,Fertilizers distribuited by product status - reg.,DCSP_FERTILIZZANTI,1.0,IT1
104_466_DF_DCSP_FERTILIZZANTI_2,1.0,Fertilizzanti distribuiti per uso in agricoltura biologica - reg.,Fertilizers distribuited for use in organic farming - reg.,DCSP_FERTILIZZANTI,1.0,IT1
104_466_DF_DCSP_FERTILIZZANTI_3,1.0,Fertilizzanti distribuiti per area di produzione - reg.,Fertilizers distribuited by production area - reg.,DCSP_FERTILIZZANTI,1.0,IT1
104_466_DF_DCSP_FERTILIZZANTI_4,1.0,Fertilizzanti distribuiti - prov.,Fertilizers distributed - prov.,DCSP_FERTILIZZANTI,1.0,IT1
104_466_DF_DCSP_FERTILIZZANTI_5,1.0,Elementi nutritivi contenuti - prov.,Plant nutrients contained - prov.,DCSP_FERTILIZZANTI,1.0,IT1
104_466_DF_DCSP_FERTILIZZANTI_6,1.0,Elementi nutritivi contenuti per tipo di fertilizzante,Plant nutrients contained by type of fertilizer,DCSP_FERTILIZZANTI,1.0,IT1
104_466_DF_DCSP_FERTILIZZANTI_7,1.0,Elementi nutritivi contenuti per ettaro di superficie concimabile - reg.,Plant nutrients contained by hectare of area fit for being fertilized - reg.,DCSP_FERTILIZZANTI,1.0,IT1
111_111,1.0,Indicatori  permessi di costruire,Building permits  indicators,DCSC_PERM_RAP1,1.0,IT1
111_111_DF_DCSC_PERM_RAP1_1,1.0,Nuovi fabbricati residenziali,New residential buildings,DCSC_PERM_RAP1,1.0,IT1
111_111_DF_DCSC_PERM_RAP1_2,1.0,Nuova edilizia non residenziale,New non-residential construction,DCSC_PERM_RAP1,1.0,IT1
111_263,1.0,Fiducia delle imprese manifatturiere,Business confidence in the manufacturing sector,DCSC_FIDIMPRMAN,1.0,IT1
111_263_DF_DCSC_FIDIMPRMAN_1,1.0,Clima e saldi mensili destagionalizzati,Monthly seasonally adjusted climate and balances,DCSC_FIDIMPRMAN,1.0,IT1
111_263_DF_DCSC_FIDIMPRMAN_10,1.0,"Clima, saldi e frequenze mensili grezzi - rip.","Monthly raw climate, balances and frequency - geographical areas",DCSC_FIDIMPRMAN,1.0,IT1
111_263_DF_DCSC_FIDIMPRMAN_11,1.0,"Clima, saldi e frequenze mensili grezzi per Ateco","Monthly raw climate, balances and frequency by NACE",DCSC_FIDIMPRMAN,1.0,IT1
111_263_DF_DCSC_FIDIMPRMAN_12,1.0,Saldi e frequenze mensili grezzi per classe di addetti,Monthly raw balances and frequency by size class of persons employed,DCSC_FIDIMPRMAN,1.0,IT1
111_263_DF_DCSC_FIDIMPRMAN_13,1.0,Modulo trimestrale imprese esportatrici e capacità produttiva destagionalizzati,Quarterly seasonally adjusted export and capacity utilisation,DCSC_FIDIMPRMAN,1.0,IT1
111_263_DF_DCSC_FIDIMPRMAN_14,1.0,Modulo trimestrale imprese esportatrici e capacità produttiva grezzi - rip.,Quarterly raw export and capacity utilisation - rip.,DCSC_FIDIMPRMAN,1.0,IT1
111_263_DF_DCSC_FIDIMPRMAN_15,1.0,Modulo trimestrale imprese esportatrici e capacità produttiva grezzi per Ateco,Quarterly raw export and capacity utilisation by NACE,DCSC_FIDIMPRMAN,1.0,IT1
111_263_DF_DCSC_FIDIMPRMAN_16,1.0,Modulo trimestrale imprese esportatrici e capacità produttiva grezzi per classe di addetti,Quarterly raw export and capacity utilisation by size class of persons employed,DCSC_FIDIMPRMAN,1.0,IT1
111_263_DF_DCSC_FIDIMPRMAN_17,1.0,Clima e saldi mensili destagionalizzati,Monthly seasonally adjusted climate and balances,DCSC_FIDIMPRMAN,1.0,IT1
111_263_DF_DCSC_FIDIMPRMAN_18,1.0,"Clima, saldi e frequenze mensili grezzi - rip.","Monthly raw climate, balances and frequency - geographical areas",DCSC_FIDIMPRMAN,1.0,IT1
111_263_DF_DCSC_FIDIMPRMAN_19,1.0,"Clima, saldi e frequenze mensili grezzi per Ateco","Monthly raw climate, balances and frequency by NACE",DCSC_FIDIMPRMAN,1.0,IT1
111_263_DF_DCSC_FIDIMPRMAN_2,1.0,"Clima, saldi e frequenze mensili grezzi - rip.","Monthly raw climate, balances and frequency - geographical areas",DCSC_FIDIMPRMAN,1.0,IT1
111_263_DF_DCSC_FIDIMPRMAN_20,1.0,Saldi e frequenze mensili grezzi per classe di addetti,Monthly raw balances and frequency by size class of persons employed,DCSC_FIDIMPRMAN,1.0,IT1
111_263_DF_DCSC_FIDIMPRMAN_21,1.0,Modulo trimestrale imprese esportatrici e capacità produttiva destagionalizzati,Quarterly seasonally adjusted export and capacity utilisation,DCSC_FIDIMPRMAN,1.0,IT1
111_263_DF_DCSC_FIDIMPRMAN_22,1.0,Modulo trimestrale imprese esportatrici e capacità produttiva grezzi - rip.,Quarterly raw export and capacity utilisation - rip.,DCSC_FIDIMPRMAN,1.0,IT1
111_263_DF_DCSC_FIDIMPRMAN_23,1.0,Modulo trimestrale imprese esportatrici e capacità produttiva grezzi per Ateco,Quarterly raw export and capacity utilisation by NACE,DCSC_FIDIMPRMAN,1.0,IT1
111_263_DF_DCSC_FIDIMPRMAN_24,1.0,Modulo trimestrale imprese esportatrici e capacità produttiva grezzi per classe di addetti,Quarterly raw export and capacity utilisation by size class of persons employed,DCSC_FIDIMPRMAN,1.0,IT1
111_263_DF_DCSC_FIDIMPRMAN_3,1.0,"Clima, saldi e frequenze mensili grezzi per Ateco","Monthly raw climate, balances and frequency by NACE",DCSC_FIDIMPRMAN,1.0,IT1
111_263_DF_DCSC_FIDIMPRMAN_4,1.0,Saldi e frequenze mensili grezzi per classe di addetti,Monthly raw balances and frequency by size class of persons employed,DCSC_FIDIMPRMAN,1.0,IT1
111_263_DF_DCSC_FIDIMPRMAN_5,1.0,Modulo trimestrale imprese esportatrici e capacità produttiva destagionalizzati,Quarterly seasonally adjusted export and capacity utilisation,DCSC_FIDIMPRMAN,1.0,IT1
111_263_DF_DCSC_FIDIMPRMAN_6,1.0,Modulo trimestrale imprese esportatrici e capacità produttiva grezzi - rip.,Quarterly raw export and capacity utilisation - rip.,DCSC_FIDIMPRMAN,1.0,IT1
111_263_DF_DCSC_FIDIMPRMAN_7,1.0,Modulo trimestrale imprese esportatrici e capacità produttiva grezzi per Ateco,Quarterly raw export and capacity utilisation by NACE,DCSC_FIDIMPRMAN,1.0,IT1
111_263_DF_DCSC_FIDIMPRMAN_8,1.0,Modulo trimestrale imprese esportatrici e capacità produttiva grezzi per classe di addetti,Quarterly raw export and capacity utilisation by size class of persons employed,DCSC_FIDIMPRMAN,1.0,IT1
111_263_DF_DCSC_FIDIMPRMAN_9,1.0,Clima e saldi mensili destagionalizzati,Monthly seasonally adjusted climate and balances,DCSC_FIDIMPRMAN,1.0,IT1
111_40,1.0,Fiducia delle imprese costruzioni,Business confidence in the construction sector,DCSC_FIDIMPRCOSTR,1.0,IT1
111_40_DF_DCSC_FIDIMPRCOSTR_1,1.0,Clima e saldi destagionalizzati - mensili,Seasonally adjusted climate and balances - monthly,DCSC_FIDIMPRCOSTR,1.0,IT1
111_40_DF_DCSC_FIDIMPRCOSTR_2,1.0,"Clima, saldi e frequenze grezzi per divisioni delle costruzioni - mensili","Raw climate, balances and frequency by divisions of constructions - monthly",DCSC_FIDIMPRCOSTR,1.0,IT1
111_40_DF_DCSC_FIDIMPRCOSTR_3,1.0,Durata di attività assicurata grezzi - trimestrali,Raw activity secured - quarterly,DCSC_FIDIMPRCOSTR,1.0,IT1
111_40_DF_DCSC_FIDIMPRCOSTR_4,1.0,Clima e saldi destagionalizzati - mensili,Seasonally adjusted climate and balances - monthly,DCSC_FIDIMPRCOSTR,1.0,IT1
111_40_DF_DCSC_FIDIMPRCOSTR_5,1.0,"Clima, saldi e frequenze grezzi per divisioni delle costruzioni - mensili","Raw climate, balances and frequency by divisions of constructions - monthly",DCSC_FIDIMPRCOSTR,1.0,IT1
111_40_DF_DCSC_FIDIMPRCOSTR_6,1.0,Durata di attività assicurata grezzi - trimestrali,Raw activity secured - quarterly,DCSC_FIDIMPRCOSTR,1.0,IT1
111_40_DF_DCSC_FIDIMPRCOSTR_7,1.0,Clima e saldi destagionalizzati - mensili,Seasonally adjusted climate and balances - monthly,DCSC_FIDIMPRCOSTR,1.0,IT1
111_40_DF_DCSC_FIDIMPRCOSTR_8,1.0,"Clima, saldi e frequenze grezzi per divisioni delle costruzioni - mensili","Raw climate, balances and frequency by divisions of constructions - monthly",DCSC_FIDIMPRCOSTR,1.0,IT1
111_40_DF_DCSC_FIDIMPRCOSTR_9,1.0,Durata di attività assicurata grezzi - trimestrali,Raw activity secured - quarterly,DCSC_FIDIMPRCOSTR,1.0,IT1
114_191,1.0,Indice dei nuovi ordinativi e del fatturato dei prodotti industriali,Industrial new orders and turnover index,DCSC_ORDFATT,1.0,IT1
114_191_DF_DCSC_ORDFATT_1,1.0,Fatturato dei prodotti industriali - Mensili (base 2015),Industrial turnover - Monthly (base 2015),DCSC_ORDFATT,1.0,IT1
114_191_DF_DCSC_ORDFATT_10,1.0,Volume del fatturato industriale - Mensili (base 2021),Industrial volume turnover - Monthly data (base 2021),DCSC_ORDFATT,1.0,IT1
114_191_DF_DCSC_ORDFATT_2,1.0,Indice di volume del fatturato manifatturiero - Mensili (base 2015),Manufacturing turnover volume index - Monthly (base 2015),DCSC_ORDFATT,1.0,IT1
114_191_DF_DCSC_ORDFATT_3,1.0,Nuovi ordinativi dei prodotti industriali - Mensili (base 2015 - dati fino a dicembre 2020),Industrial new orders - monthly data (base 2015 - until December 2020),DCSC_ORDFATT,1.0,IT1
114_191_DF_DCSC_ORDFATT_4,1.0,Nuovi ordinativi - Mensili (base 2010),New orders - Monthly (base 2010),DCSC_ORDFATT,1.0,IT1
114_191_DF_DCSC_ORDFATT_5,1.0,Fatturato - Mensili (base 2010),Turnover - Monthly (base 2010),DCSC_ORDFATT,1.0,IT1
114_191_DF_DCSC_ORDFATT_6,1.0,Volume del fatturato manifatturiero - Mensili (base 2010),Manifacturing turnover volume - Monthly (base 2010),DCSC_ORDFATT,1.0,IT1
114_191_DF_DCSC_ORDFATT_7,1.0,Nuovi ordinativi - Mensili (base 2005),New orders - Monthly (base 2005),DCSC_ORDFATT,1.0,IT1
114_191_DF_DCSC_ORDFATT_8,1.0,Fatturato - Mensili (base 2005),Turnover - Monthly (base 2005),DCSC_ORDFATT,1.0,IT1
114_191_DF_DCSC_ORDFATT_9,1.0,Valore del fatturato industriale - Mensili (base 2021),Industrial turnover  - Monthly data (base 2021),DCSC_ORDFATT,1.0,IT1
115_168,1.0,Produzione industriale in quantità e valore,Industrial production volume,DCSP_PRODCOM,1.0,IT1
115_168_DF_DCSP_PRODCOM_1,1.0,Produzione industriale per settore economico (Ateco 2 cifre),Production value by Nace Rev.2 (division),DCSP_PRODCOM,1.0,IT1
115_168_DF_DCSP_PRODCOM_2,1.0,Produzione in valore e quantità per singolo prodotto (Prodcom),Production value and volume by single product (Prodcom),DCSP_PRODCOM,1.0,IT1
115_168_DF_DCSP_PRODCOM_3,1.0,Produzione in valore e quantità per tutti i prodotti (Prodcom),Production value and volume for all products (Prodcom),DCSP_PRODCOM,1.0,IT1
115_333,1.0,Indice della produzione industriale,Industrial production index,DCSC_INDXPRODIND_1,1.0,IT1
115_333_DF_DCSC_INDXPRODIND_1_1,1.0,Indice della produzione industriale - Mensili (base 2015),Industrial production index - Monthly data (base 2015),DCSC_INDXPRODIND_1,1.0,IT1
115_333_DF_DCSC_INDXPRODIND_1_2,1.0,Dettaglio settori economici (Ateco 4 cifre),Detail production index - (Ateco 4 digit),DCSC_INDXPRODIND_1,1.0,IT1
115_333_DF_DCSC_INDXPRODIND_1_4,1.0,Mensili (base 2010),Monthly data (base 2010),DCSC_INDXPRODIND_1,1.0,IT1
115_333_DF_DCSC_INDXPRODIND_1_5,1.0,Mensili (base 2005),Monthly data (base 2005),DCSC_INDXPRODIND_1,1.0,IT1
115_333_DF_DCSC_INDXPRODIND_1_6,1.0,Indice della produzione industriale - Mensili (base 2021),Industrial production index - Monthly data (base 2021),DCSC_INDXPRODIND_1,1.0,IT1
115_362,1.0,Indice della produzione nelle costruzioni,Index of production in construction,DCSC_INDXPRODCOSTR_1,1.0,IT1
115_362_DF_DCSC_INDXPRODCOSTR_1_1,1.0,Indice della produzione nelle costruzioni - Mensili (base 2015),Index of production in construction - Monthly data (base 2015),DCSC_INDXPRODCOSTR_1,1.0,IT1
115_362_DF_DCSC_INDXPRODCOSTR_1_2,1.0,Mensili (base 2010),Monthly data (base 2010),DCSC_INDXPRODCOSTR_1,1.0,IT1
115_362_DF_DCSC_INDXPRODCOSTR_1_3,1.0,Mensili (base 2005),Monthly data (base 2005),DCSC_INDXPRODCOSTR_1,1.0,IT1
115_362_DF_DCSC_INDXPRODCOSTR_1_4,1.0,Indice della produzione nelle costruzioni - Mensili (base 2021),Index of production in construction - Monthly data (base 2021),DCSC_INDXPRODCOSTR_1,1.0,IT1
117_1035,1.0,Servizi bancari - dati comunali,Bank services - municipalities data,DCAT_SERVBANC_COM,1.0,IT1
117_1035_DF_DCAT_SERVBANC_COM_1,1.0,Servizi bancari - dati comunali,Bank services - municipalities data,DCAT_SERVBANC_COM,1.0,IT1
117_1057,1.0,Trasporto ferroviario,Rail transport,DCSC_TRAFERR,1.0,IT1
117_1057_DF_DCSC_TRAFERR_1,1.0,Trasporto ferroviario - Principali dati,Rail transport - Key data,DCSC_TRAFERR,1.0,IT1
117_1057_DF_DCSC_TRAFERR_2,1.0,Passeggeri e percorrenza media per tipo di destinazione,Passengers and average distance dy destination,DCSC_TRAFERR,1.0,IT1
117_1057_DF_DCSC_TRAFERR_3,1.0,Merci trasportate per gruppo merceologico (NST/2007),Goods transported by type of goods (NST/2007),DCSC_TRAFERR,1.0,IT1
117_1057_DF_DCSC_TRAFERR_4,1.0,Merci trasportate per paese di destinazione,Goods transported by destination country,DCSC_TRAFERR,1.0,IT1
117_1057_DF_DCSC_TRAFERR_5,1.0,Merci trasportate per paese di origine,Goods transported by origin caoutry,DCSC_TRAFERR,1.0,IT1
117_1057_DF_DCSC_TRAFERR_6,1.0,Trasporto intermodale,Intermodal transport,DCSC_TRAFERR,1.0,IT1
117_1057_DF_DCSC_TRAFERR_7,1.0,Merci pericolose,Dangerous goods,DCSC_TRAFERR,1.0,IT1
117_1057_DF_DCSC_TRAFERR_8,1.0,Incidenti ferroviari,Rail transport accidents,DCSC_TRAFERR,1.0,IT1
117_262,1.0,Fiducia delle imprese servizi,Business confidence in the market services sector,DCSC_FIDIMPRSERV,1.0,IT1
117_262_DF_DCSC_FIDIMPRSERV_1,1.0,Clima e saldi (Ateco macrosettori) - mensili grezzi e destagionalizzati,"Climate and balance (Nace section) - Monthly data, raw and seasonally adjusted",DCSC_FIDIMPRSERV,1.0,IT1
117_262_DF_DCSC_FIDIMPRSERV_10,1.0,Saldi e frequenze (Ateco 2 cifre) - mensili grezzi,Balance and frequency (Nace 2 digit) - Monthly raw data,DCSC_FIDIMPRSERV,1.0,IT1
117_262_DF_DCSC_FIDIMPRSERV_11,1.0,Saldi e frequenze (ostacoli e capacità) - trimestrali grezzi,Factors limiting production and capacity utilisation raw balance and frequency - Quaterly raw data,DCSC_FIDIMPRSERV,1.0,IT1
117_262_DF_DCSC_FIDIMPRSERV_2,1.0,"Clima, saldi e frequenze - mensili grezzi e destagionalizzati - rip","Climate, frequency and balance - Monthly data, raw and seasonally adjusted - Geographical areas",DCSC_FIDIMPRSERV,1.0,IT1
117_262_DF_DCSC_FIDIMPRSERV_3,1.0,Saldi e frequenze (Ateco 2 cifre) - mensili grezzi,Balance and frequency (Nace 2 digit) - Monthly raw data,DCSC_FIDIMPRSERV,1.0,IT1
117_262_DF_DCSC_FIDIMPRSERV_4,1.0,Saldi e frequenze (ostacoli e capacità) - trimestrali grezzi,Factors limiting production and capacity utilisation raw balance and frequency - Quaterly raw data,DCSC_FIDIMPRSERV,1.0,IT1
117_262_DF_DCSC_FIDIMPRSERV_5,1.0,Clima e saldi mensili destagionalizzati per Ateco2007 - livello nazionale e ripartizionale,Monthly seasonally adjusted climate and balance by NACE Rev. 2 - level national and geographical area,DCSC_FIDIMPRSERV,1.0,IT1
117_262_DF_DCSC_FIDIMPRSERV_6,1.0,"Clima, saldi e frequenze mensili grezzi per Ateco 2007 - livello nazionale e ripartizionale","Monthly raw balance, climate and frequency by NACE Rev.2 - level national and geografical area",DCSC_FIDIMPRSERV,1.0,IT1
117_262_DF_DCSC_FIDIMPRSERV_7,1.0,Saldi e frequenze modulo trimestrale ostacoli e capacità grezzi,Quaterly factors limiting production and capacity utilisation raw balance and frequency -,DCSC_FIDIMPRSERV,1.0,IT1
117_262_DF_DCSC_FIDIMPRSERV_8,1.0,Clima e saldi (Ateco macrosettori) - mensili grezzi e destagionalizzati,"Climate and balance (Nace section) - Monthly data, raw and seasonally adjusted",DCSC_FIDIMPRSERV,1.0,IT1
117_262_DF_DCSC_FIDIMPRSERV_9,1.0,"Clima, saldi e frequenze - mensili grezzi e destagionalizzati - rip","Climate, frequency and balance - Monthly data, raw and seasonally adjusted - Geographical areas",DCSC_FIDIMPRSERV,1.0,IT1
117_266,1.0,Fiducia delle imprese del commercio,Business confidence in the retail trade Sector,DCSC_FIDCOMM,1.0,IT1
117_266_DF_DCSC_FIDCOMM_1,1.0,Clima e saldi per forma di vendita - mensili destagionalizzati,Climate and balances by type of sales - Monthly data seasonally adjusted,DCSC_FIDCOMM,1.0,IT1
117_266_DF_DCSC_FIDCOMM_2,1.0,"Clima, saldi e frequenze per Ateco 2007 e forma di vendita - mensili grezzi","Climate, balances and frequencies by Nace Rev.2 and type of sales - Monthly raw data",DCSC_FIDCOMM,1.0,IT1
117_266_DF_DCSC_FIDCOMM_3,1.0,Clima e saldi mensili destagionalizzati per forma di vendita,Monthly seasonally adjusted climate and balances by type of sales,DCSC_FIDCOMM,1.0,IT1
117_266_DF_DCSC_FIDCOMM_4,1.0,"Clima, saldi e frequenze mensili grezzi per Ateco e forma di vendita",Monthly seasonally adjusted climate and balances by type of sales,DCSC_FIDCOMM,1.0,IT1
117_266_DF_DCSC_FIDCOMM_5,1.0,Clima e saldi per forma di vendita - mensili destagionalizzati,Climate and balances by type of sales - Monthly data seasonally adjusted,DCSC_FIDCOMM,1.0,IT1
117_266_DF_DCSC_FIDCOMM_6,1.0,"Clima, saldi e frequenze per Ateco 2007 e forma di vendita - mensili grezzi","Climate, balances and frequencies by Nace Rev.2 and type of sales - Monthly raw data",DCSC_FIDCOMM,1.0,IT1
119_367,1.0,Indice del fatturato dei servizi,Indexes of turnover in other services,DCSC_FATTSERVIZ_1,1.0,IT1
119_367_DF_DCSC_FATTSERVIZ_1_1,1.0,Indice del fatturato dei servizi - Trimestrali (base 2015),Raw data - Quarterly data (base 2015),DCSC_FATTSERVIZ_1,1.0,IT1
119_367_DF_DCSC_FATTSERVIZ_1_2,1.0,Trimestrali (base 2010),Quarterly data (base 2010),DCSC_FATTSERVIZ_1,1.0,IT1
119_367_DF_DCSC_FATTSERVIZ_1_3,1.0,Trimestrali (base 2005),Quarterly data (base 2005),DCSC_FATTSERVIZ_1,1.0,IT1
119_367_DF_DCSC_FATTSERVIZ_1_4,1.0,Indice del fatturato dei servizi - Mensili (base 2021=100),Indexes of turnover in services - Monthly (base 2021=100),DCSC_FATTSERVIZ_1,1.0,IT1
11_111,1.0,Edilizia residenziale - dati annuali,Residential construction - annual data,DCSC_RESID_CONSTR,1.0,IT1
11_111_DF_DCSC_RESID_CONSTR_1,1.0,Fabbricati residenziali nuovi e relative abitazioni  - province e classi di comune,New residential buildings and related dwellings - provinces and municipality classes,DCSC_RESID_CONSTR,1.0,IT1
11_111_DF_DCSC_RESID_CONSTR_10,1.0,Superfici dei fabbricati residenziali nuovi per destinazione d'uso -  ripartizioni e classi di comune,Surface areas of new residential buildings by intended use  - geographical areas and municipality classes,DCSC_RESID_CONSTR,1.0,IT1
11_111_DF_DCSC_RESID_CONSTR_11,1.0,Fabbricati residenziali nuovi e ampliamenti con relative abitazioni per richiedente il titolo abilitativo - regioni e classi di comune,New residential buildings and extensions with related dwellings by holder of the title to build - regions and municipality classes,DCSC_RESID_CONSTR,1.0,IT1
11_111_DF_DCSC_RESID_CONSTR_12,1.0,Fabbricati residenziali nuovi per tipologia dell'impianto - ripartizioni e e classi di comune,New residential buildings by heating system type - geographical areas and municipality classes,DCSC_RESID_CONSTR,1.0,IT1
11_111_DF_DCSC_RESID_CONSTR_13,1.0,Ampliamenti di fabbricati residenziali con o senza sopraelevazione - ripartizioni e e classi di comune,Extensions of residential buildings with or without additional floors - geographical areas and municipality classes,DCSC_RESID_CONSTR,1.0,IT1
11_111_DF_DCSC_RESID_CONSTR_14,1.0,Fabbricati nuovi e ampliamenti di fabbricati destinati a collettività - ripartizioni e classi di comune,New residences for communities and extensions of residences for communities - geographical areas and municipality classes,DCSC_RESID_CONSTR,1.0,IT1
11_111_DF_DCSC_RESID_CONSTR_15,1.0,Fabbricati residenziali nuovi e ampliamenti di fabbricati residenziali per piano casa - ripartizioni e classi di comune,New residential buildings and extensions of residential buildings by piano casa - geographical areas and municipality classes,DCSC_RESID_CONSTR,1.0,IT1
11_111_DF_DCSC_RESID_CONSTR_2,1.0,Ampliamenti di fabbricati residenziali - province e classi di comune,Extensions of residential buildings - provinces and municipality classes,DCSC_RESID_CONSTR,1.0,IT1
11_111_DF_DCSC_RESID_CONSTR_3,1.0,Fabbricati residenziali nuovi per numero di abitazioni - regioni e classi di comune,New residential buildings by number of dwellings - regions and municipality classes,DCSC_RESID_CONSTR,1.0,IT1
11_111_DF_DCSC_RESID_CONSTR_4,1.0,Fabbricati residenziali nuovi e ampliamenti per titolo abilitativo - ripartizioni e classi di comune,New residential buildings and extensions of residential buildings by title to build - geographical areas and municipality classes,DCSC_RESID_CONSTR,1.0,IT1
11_111_DF_DCSC_RESID_CONSTR_5,1.0,Fabbricati residenziali nuovi e ampliamenti per durata prevista dei lavori -  ripartizioni e classi di comune,New residential buildings and extensions of residential buildings by estimated duration of works - geographical areas and municipality classes,DCSC_RESID_CONSTR,1.0,IT1
11_111_DF_DCSC_RESID_CONSTR_6,1.0,Abitazioni in fabbricati residenziali nuovi per numero di stanze - province,Dwellings in new residential buildings by number of rooms - provinces,DCSC_RESID_CONSTR,1.0,IT1
11_111_DF_DCSC_RESID_CONSTR_7,1.0,Abitazioni in fabbricati residenziali nuovi per classi di superficie utile abitabile - province,Dwellings in new residential buildings by useful floor area classes - provinces,DCSC_RESID_CONSTR,1.0,IT1
11_111_DF_DCSC_RESID_CONSTR_8,1.0,Abitazioni in fabbricati residenziali nuovi per numero di stanze e superficie utile abitabile - ripartizioni e classi di comune,Dwellings in new residential buildings by number of rooms and useful floor area classes - geographical areas and municipality classes,DCSC_RESID_CONSTR,1.0,IT1
11_111_DF_DCSC_RESID_CONSTR_9,1.0,Fabbricati residenziali nuovi per numero di piani - regioni e classi di comune,New residential buildings by number of floors - regions and municipality classes,DCSC_RESID_CONSTR,1.0,IT1
120_337,1.0,Indice delle vendite del commercio al dettaglio,Index of retail trade sales,DCSC_COMMDET_1,1.0,IT1
120_337_DF_DCSC_COMMDET_1_1,1.0,Valore delle vendite per settore merceologico e classe di addetti -mensili (base 2015),Retail trade sales by type of product employment size class- monthly data (base 2015),DCSC_COMMDET_1,1.0,IT1
120_337_DF_DCSC_COMMDET_1_10,1.0,Valore delle vendite per settore merceologico e forma distributiva - dati mensili (base 2005),Retail trade sales by type of product and type of sales - Monthly data (base 2005),DCSC_COMMDET_1,1.0,IT1
120_337_DF_DCSC_COMMDET_1_11,1.0,"Valore delle vendite per settore merceologico, gruppi di prodotti e classe di addetti - dati mensili (base 2005)",Retail trade sales by type of product and employment size class - Monthly data (base 2005),DCSC_COMMDET_1,1.0,IT1
120_337_DF_DCSC_COMMDET_1_12,1.0,Valore delle vendite per settore merceologico e classe di addetti - mensili (base 2021),Retail trade sales by type of product employment size class - monthly data (base 2021),DCSC_COMMDET_1,1.0,IT1
120_337_DF_DCSC_COMMDET_1_13,1.0,Valore delle vendite per settore merceologico e forma distributiva - mensili (base 2021),Retail trade sales by type of product and type of sales - monthly data (base 2021),DCSC_COMMDET_1,1.0,IT1
120_337_DF_DCSC_COMMDET_1_14,1.0,Valore delle vendite per settore merceologico e gruppi di prodotti - mensili grezzi (base 2021),Retail trade sales by type of product - monthly raw data (base 2021),DCSC_COMMDET_1,1.0,IT1
120_337_DF_DCSC_COMMDET_1_15,1.0,Volume delle vendite per settore merceologico - mensili (base 2021),Volume of retail trade sales index by type of product - monthly data (base 2021),DCSC_COMMDET_1,1.0,IT1
120_337_DF_DCSC_COMMDET_1_2,1.0,Valore delle vendite per settore merceologico e forma distributiva - mensili (base 2015),Retail trade sales by type of product and type of sales - monthly data (base 2015),DCSC_COMMDET_1,1.0,IT1
120_337_DF_DCSC_COMMDET_1_3,1.0,Valore delle vendite per settore merceologico e gruppi di prodotti - mensili grezzi (base 2015),Retail trade sales by type of product - monthly raw data (base 2015),DCSC_COMMDET_1,1.0,IT1
120_337_DF_DCSC_COMMDET_1_4,1.0,Volume delle vendite per settore merceologico - mensili (base 2015),Volume of retail trade sales index by type of product - monthly data (base 2015),DCSC_COMMDET_1,1.0,IT1
120_337_DF_DCSC_COMMDET_1_5,1.0,Valore delle vendite per forma distributiva e classe di addetti - dati mensili (base 2010),Retail trade sales by type of sales and employment size class - monthly data (base 2010),DCSC_COMMDET_1,1.0,IT1
120_337_DF_DCSC_COMMDET_1_6,1.0,Valore delle vendite per settore merceologico e forma distributiva - dati mensili (base 2010),Retail trade sales by type of product and type of sales - monthly data (base 2010),DCSC_COMMDET_1,1.0,IT1
120_337_DF_DCSC_COMMDET_1_7,1.0,"Valore delle vendite per settore merceologico, gruppi di prodotti e classe di addetti - dati mensili (base 2010)",Retail trade sales by type of product and employment size class - monthly data (base 2010),DCSC_COMMDET_1,1.0,IT1
120_337_DF_DCSC_COMMDET_1_8,1.0,Volume delle vendite per settore merceologico - dati mensili (base 2010),Retail trade sales index by type of product - monthly data (base 2010),DCSC_COMMDET_1,1.0,IT1
120_337_DF_DCSC_COMMDET_1_9,1.0,Valore delle vendite per forma distributiva e classe di addetti - dati mensili (base 2005),Retail trade sales by type of sales and employment size class - Monthly data (base 2005),DCSC_COMMDET_1,1.0,IT1
121_329,1.0,Road freight carriage by category of transport,Road freight carriage by category of transport,DCSC_TRAMERCIS2,1.0,IT1
121_329_DF_DCSC_TRAMERCIS2_1,1.0,"Trasporto merci su strada per tipo di trasporto, classe di percorrenza e titolo di trasporto","Road freight transport by category of transport, distance class and type of transport",DCSC_TRAMERCIS2,1.0,IT1
121_330,1.0,Trasporto merci su strada,Road freight transport,DCSC_TRAMERCIS1,1.0,IT1
121_330_DF_DCSC_TRAMERCIS1_1,1.0,Merci trasportate per titolo di trasporto e classe di percorrenza,Goods carried by type of transport and distance class,DCSC_TRAMERCIS1,1.0,IT1
121_330_DF_DCSC_TRAMERCIS1_2,1.0,Merci trasportate - tonnellate per territorio di origine e di destinazione e macrobranca merceologica,"Goods carried - tons by type of goods (chapter), loading and unloading region",DCSC_TRAMERCIS1,1.0,IT1
121_330_DF_DCSC_TRAMERCIS1_3,1.0,Merci trasportate - tonnellate per territorio di origine e di destinazione e titolo di trasporto,"Goods carried - tons- by type of transport, loading and unloading region",DCSC_TRAMERCIS1,1.0,IT1
121_330_DF_DCSC_TRAMERCIS1_4,1.0,Merci trasportate per territorio di origine e titolo di trasporto (trasporto interno),Goods carried by oading place and type of transport (domestic transport),DCSC_TRAMERCIS1,1.0,IT1
121_330_DF_DCSC_TRAMERCIS1_5,1.0,Merci trasportate per territorio di origine e titolo di trasporto (trasporto complessivo),Goods carried by loading place and type of transport (total transport),DCSC_TRAMERCIS1,1.0,IT1
121_330_DF_DCSC_TRAMERCIS1_6,1.0,Merci trasportate per territorio di destinazione e titolo di trasporto (trasporto interno),Goods carried by unloading place and type of transport (domestic transport),DCSC_TRAMERCIS1,1.0,IT1
121_330_DF_DCSC_TRAMERCIS1_7,1.0,Merci trasportate per territorio di destinazione e titolo di trasporto (trasporto complessivo),Goods carried by unloading place and type of transport (total transport),DCSC_TRAMERCIS1,1.0,IT1
121_331,1.0,Trasporto aereo,Air transport,DCSC_INDTRAEREO,1.0,IT1
121_331_DF_DCSC_INDTRAEREO_1,1.0,Voli interni e internazionali,Internal and internazional,DCSC_INDTRAEREO,1.0,IT1
121_331_DF_DCSC_INDTRAEREO_2,1.0,Voli internazionali per paese di origine/destinazione,International by country of origin/destination,DCSC_INDTRAEREO,1.0,IT1
121_331_DF_DCSC_INDTRAEREO_3,1.0,"Voli internazionali da e per Linate, Malpensa, Fiumicino","International from and to Linate, Malpensa, Fiumicino",DCSC_INDTRAEREO,1.0,IT1
121_331_DF_DCSC_INDTRAEREO_4,1.0,Dato trimestrale,Quarterly data,DCSC_INDTRAEREO,1.0,IT1
121_393,1.0,Trasporto marittimo,Maritime transport,DCSC_TRAMAR,1.0,IT1
121_393_DF_DCSC_TRAMAR_1,1.0,Passeggeri e merci,Passengers and goods,DCSC_TRAMAR,1.0,IT1
121_393_DF_DCSC_TRAMAR_2,1.0,Passeggeri per porto di imbarco e sbarco,Passengers for each port by direction,DCSC_TRAMAR,1.0,IT1
121_393_DF_DCSC_TRAMAR_3,1.0,"Merci per porto di imbarco e sbarco, tipo di carico e merce NST 2007","Goods for port by direction, by tipe of cargo and goods NST 2007",DCSC_TRAMAR,1.0,IT1
121_393_DF_DCSC_TRAMAR_4,1.0,Navigazione internazionale per paesi con almeno un milione di tonnellate movimentate e tipo merce NST 2007,International goods by country of origin or destination and type of goods NST 2007 (Countries that transport more than one million tons),DCSC_TRAMAR,1.0,IT1
121_393_DF_DCSC_TRAMAR_5,1.0,Navigazione di cabotaggio per regione italiana di imbarco e sbarco,National goods by italian region of loading or destination,DCSC_TRAMAR,1.0,IT1
121_393_DF_DCSC_TRAMAR_6,1.0,"Merci, navi arrivate e tonnellate di stazza lorda per regione","Goods, number and gross tonnage of vessel by italian region",DCSC_TRAMAR,1.0,IT1
121_393_DF_DCSC_TRAMAR_7,1.0,Porto e tipo merce NST/R,Port and type of goods NST/R,DCSC_TRAMAR,1.0,IT1
121_393_DF_DCSC_TRAMAR_8,1.0,Navigazione internazionale per paesi con almeno un milione di tonnellate movimentate e tipo merce NST/R,International goods by country of origin or destination and type of goods NST/R (Countries that transport more than one million tons),DCSC_TRAMAR,1.0,IT1
122_54,1.0,Capacità degli esercizi ricettivi e Movimento dei clienti negli esercizi ricettivi,Capacity of collective accommodation establishments and Occupancy in collective accommodation establishments,DCSC_TUR,1.0,IT1
122_54_DF_DCSC_TUR_1,1.0,Capacità degli esercizi ricettivi per tipo di esercizio - com.,Capacity of collective accommodation establishments by type of accomodation - com.,DCSC_TUR,1.0,IT1
122_54_DF_DCSC_TUR_10,1.0,Tipo di località e paese di residenza,Type of locality and country of residence,DCSC_TUR,1.0,IT1
122_54_DF_DCSC_TUR_11,1.0,Per regione e per residenza del cliente - mensili e annuali,"By region, by residence - monthly and yearly",DCSC_TUR,1.0,IT1
122_54_DF_DCSC_TUR_12,1.0,Per tipo di esercizio e residenza del cliente - annuali,"By class, by residence - yearly",DCSC_TUR,1.0,IT1
122_54_DF_DCSC_TUR_13,1.0,"Arrivi, presenze, permanenza media - Mensili","Arrivals, nights spent, average lenght of stay - Monthly data",DCSC_TUR,1.0,IT1
122_54_DF_DCSC_TUR_2,1.0,Dimensione dell'albergo - prov.,Size of hotels and similar establishments - prov.,DCSC_TUR,1.0,IT1
122_54_DF_DCSC_TUR_3,1.0,Movimento dei clienti negli esercizi ricettivi per tipo di esercizio - mensili,Occupancy in collective tourist accomodation by type of accomodation - monthly data,DCSC_TUR,1.0,IT1
122_54_DF_DCSC_TUR_4,1.0,Residenti per regione di origine,Residents by region of origin,DCSC_TUR,1.0,IT1
122_54_DF_DCSC_TUR_5,1.0,Paese di origine,Country of origin,DCSC_TUR,1.0,IT1
122_54_DF_DCSC_TUR_6,1.0,Tipo di località,Type of locality,DCSC_TUR,1.0,IT1
122_54_DF_DCSC_TUR_7,1.0,Movimento dei clienti negli esercizi ricettivi per tipo di esercizio - annuali,Movement of guests in the collective accommodation establishments by type of accommodation - annual data,DCSC_TUR,1.0,IT1
122_54_DF_DCSC_TUR_8,1.0,Residenti per regione di origine,Residents by region,DCSC_TUR,1.0,IT1
122_54_DF_DCSC_TUR_9,1.0,Paese di origine - prov,Country of origin - prov,DCSC_TUR,1.0,IT1
123_712,1.0,Indicatori di bilancio e dati sul personale delle unità istituzionali,Accounts indicators and institutional units personnel indicators,DCAR_INDBILPER,1.0,IT1
123_712_DF_DCAR_INDBILPER_1,1.0,Indicatori di bilancio e dati sul personale delle unità istituzionali,Accounts indicators and institutional units personnel indicators,DCAR_INDBILPER,1.0,IT1
123_713,1.0,Numero e tipo di unità istituzionali,Number and type of institutional units,DCAR_UI,1.0,IT1
123_713_DF_DCAR_UI_1,1.0,Numero e tipo di unità istituzionali,Number and type of institutional units,DCAR_UI,1.0,IT1
123_840,1.0,Attività e organizzazione delle unità istituzionali,Institutional units activities and organization,DCAR_INDCENS_PA,1.0,IT1
123_840_DF_DCAR_INDCENS_PA_1,1.0,Indicatori,Indicators,DCAR_INDCENS_PA,1.0,IT1
123_840_DF_DCAR_INDCENS_PA_2,1.0,Funzionalità di alcuni servizi,Some services functionality,DCAR_INDCENS_PA,1.0,IT1
124_1156,1.0,"Stato patrimoniale delle università, politecnici ed istituti di istruzione universitaria (euro)","Universities, polytechnic institutes and institutes of higher education balance sheet (euros)",DCAR_STATPAT_UNI,1.0,IT1
124_1156_DF_DCAR_STATPAT_UNI_1,1.0,"Stato patrimoniale delle università, politecnici ed istituti di istruzione universitaria (euro)","Public universities, polytechnic institutes and institutes of higher education balance sheet (euros)",DCAR_STATPAT_UNI,1.0,IT1
124_1157,1.0,"Conto economico delle università, politecnici ed istituti di istruzione universitaria (euro)","Universities, polytechnic institutes and institutes of higher education profit and loss account (euros)",DCAR_CONTECON_UNI,1.0,IT1
124_1157_DF_DCAR_CONTECON_UNI_1,1.0,"Conto economico delle università, politecnici ed istituti di istruzione universitaria (euro)","Universities, polytechnic institutes and institutes of higher education profit and loss account (euros)",DCAR_CONTECON_UNI,1.0,IT1
124_229,1.0,Stato patrimoniale delle camere di commercio - euro,Chamber of commerce balance sheet - euros,DCAR_STATPATCC,1.1,IT1
124_229_DF_DCAR_STATPATCC_1,1.0,Stato patrimoniale delle camere di commercio (euro),Chamber of commerce balance sheet (euros),DCAR_STATPATCC,1.1,IT1
124_231,1.0,Entrate delle unità istituzionali locali (euro),Revenue of institutional local unities (euros),DCAR_ENTIST,1.0,IT1
124_231_DF_DCAR_ENTIST_1,1.0,Entrate delle unità istituzionali locali (euro),Revenue of institutional local unities (euros),DCAR_ENTIST,1.0,IT1
124_232,1.0,Spese delle unità istituzionali locali (euro),Expenditures of institutional local unities  (euros),DCAR_SPEIST,1.0,IT1
124_232_DF_DCAR_SPEIST_1,1.0,Spese delle unità istituzionali locali (euro),Expenditures of institutional local unities (euros),DCAR_SPEIST,1.0,IT1
124_233_DF_DCAR_ENTIST_PA_1,1.0,Entrate del Rendiconto Generale dello Stato (euro),Revenue of State General Account (euro),DCAR_ENTIST_PA,1.0,IT1
124_234_DF_DCAR_SPEIST_PA_1,1.0,Spese del Rendiconto Generale dello Stato (euro),Expenditures of State General Account (euro),DCAR_SPEIST_PA,1.0,IT1
124_234_DF_DCAR_SPEIST_PA_2,1.0,"Spese delle università, politecnici ed istituti di istruzione universitaria (euro)","Expenditures of public universities, polytechnic institutes and institutes of higher education (euro)",DCAR_SPEIST_PA,1.0,IT1
124_322,1.0,Conto economico delle camere di commercio - euro,Chambers of commerce profit and loss account - euros,DCAR_CONTECON_CC,1.0,IT1
124_322_DF_DCAR_CONTECON_CC_1,1.0,Conto economico delle camere di commercio (euro),Chambers of commerce profit and loss account (euros),DCAR_CONTECON_CC,1.0,IT1
124_722,1.0,"Conto economico delle Asl, aziende ospedaliere, aziende ospedaliere universitarie, policlinici e IRCCS (migliaia di euro)","Local health units, hospital companies, university hospitals, general hospitals and hospitals with a scientific character profit and loss account ( thousands of euro)",DCAR_CONTECON_ASLAO,1.0,IT1
124_722_DF_DCAR_CONTECON_ASLAO_1,1.0,"Conto economico delle Asl, aziende ospedaliere, aziende ospedaliere universitarie, Policlinici e IRCCS (migliaia di euro)","Local health units, hospital companies, university hospitals, general hospitals and hospitals with a scientific character profit and loss account (thousands of euro)",DCAR_CONTECON_ASLAO,1.0,IT1
12_323,1.0,Impianti di depurazione delle acque reflue urbane,Urban wastewater treatment plants,DCCV_IMPDEP,1.0,IT1
12_323_DF_DCCV_IMPDEP_1,1.0,Impianti di depurazione delle acque reflue urbane - reg.,Urban wastewater treatment plants - reg.,DCCV_IMPDEP,1.0,IT1
12_323_DF_DCCV_IMPDEP_2,1.0,Impianti di depurazione delle acque reflue urbane - ato,Urban wastewater treatment plants - ato,DCCV_IMPDEP,1.0,IT1
12_340,1.0,Prelievo di acqua per uso potabile,Water abstraction for drinkable use,DCCV_PRELACQ,1.0,IT1
12_340_DF_DCCV_PRELACQ_1,1.0,Prelievo di acqua per uso potabile,Water abstraction for drinkable use,DCCV_PRELACQ,1.0,IT1
12_60,1.0,Distribuzione di acqua potabile,Public water supply use,DCCV_CONSACQUA,1.0,IT1
12_60_DF_DCCV_CONSACQUA_1,1.0,Distribuzione di acqua potabile - reg.,Public water supply use - reg.,DCCV_CONSACQUA,1.0,IT1
12_60_DF_DCCV_CONSACQUA_2,1.0,Distribuzione di acqua potabile,Public water supply use - municipalities,DCCV_CONSACQUA,1.0,IT1
12_60_DF_DCCV_CONSACQUA_3,1.0,Distribuzione di acqua potabile - Distretto idrografico,Public water supply use - River basin district,DCCV_CONSACQUA,1.0,IT1
139_176,1.0,Importazioni ed esportazioni per paese e merce Ateco 2007,Import and export by country and commodity Nace 2007,DCSP_COEIMPEX1,1.0,IT1
140_180,1.0,Nic - mensili sino al  2010 (base 1995),Nic - monthly data until 2010 (base 1995),DCSP_NICUNOB,1.0,IT1
143_1043,1.0,Indici dei prezzi alla produzione delle costruzioni,Construction producer prices indeces,DCSC_INDPREPROCOSTR,1.0,IT1
143_1043_DF_DCSC_INDPREPROCOSTR_1,1.0,Prezzi alla produzione delle costruzioni (base 2015),Construction producer prices (base 2015),DCSC_INDPREPROCOSTR,1.0,IT1
143_1043_DF_DCSC_INDPREPROCOSTR_2,1.0,Prezzi alla produzione delle costruzioni (base 2021),Construction producer prices (base 2021),DCSC_INDPREPROCOSTR,1.0,IT1
143_222,1.0,Indice dei prezzi all'importazione - dati mensili,Import price index - monthly data,DCSC_PREIMPIND,1.0,IT1
143_222_DF_DCSC_PREIMPIND_1,1.0,Prezzi all'importazione - Dati mensili (base 2015),Import prices - Monthly data (base 2015),DCSC_PREIMPIND,1.0,IT1
143_222_DF_DCSC_PREIMPIND_2,1.0,Prezzi all'importazione - Dati mensili (base 2021),Import prices - Monthly data (base 2021),DCSC_PREIMPIND,1.0,IT1
143_497,1.0,Prezzi delle abitazioni (Ipab),House prices (Ipab),DCSP_IPAB,1.0,IT1
143_497_DF_DCSP_IPAB_1,1.0,Trimestrali dal 2010 al 2024 (base 2015),Quarterly data from 2010 until 2024 (base 2015),DCSP_IPAB,1.0,IT1
143_497_DF_DCSP_IPAB_2,1.0,Medie annue dal 2010 al 2024 (base 2015),Annual average from 2010 until 2024 (base 2015),DCSP_IPAB,1.0,IT1
143_497_DF_DCSP_IPAB_3,1.0,Pesi dal 2010,Weights from 2010 onwards,DCSP_IPAB,1.0,IT1
143_497_DF_DCSP_IPAB_4,1.0,Trimestrali dal 2010 al 2016 (base 2010),Quarterly data from 2010 until 2016 (base 2010),DCSP_IPAB,1.0,IT1
143_497_DF_DCSP_IPAB_5,1.0,Medie annue dal 2010 al 2016 (base 2010),Annual average from 2010 until 2016 (base 2010),DCSP_IPAB,1.0,IT1
143_497_DF_DCSP_IPAB_6,1.0,Trimestrali dal 2010 (base 2025),Quarterly data from 2010 onwards (base 2025),DCSP_IPAB,1.0,IT1
143_497_DF_DCSP_IPAB_7,1.0,Medie annue dal 2010 (base 2025),Annual average from 2010 onwards (base 2025),DCSP_IPAB,1.0,IT1
144_107_DF_DCSP_FOI3_1,1.0,Foi - pesi sino al 2010,Foi – weights until 2010,DCSP_FOI3,1.0,IT1
144_110_DF_DCSP_FOI1_1,1.0,Foi - mensili sino al 2010 (base 1995),Foi - monthly data until 2010 (base 1995),DCSP_FOI1,1.0,IT1
144_118_DF_DCSP_FOI2_1,1.0,Foi - medie annue sino al 2010 (base 1995),Foi - annual data until 2010 (base 1995),DCSP_FOI2,1.0,IT1
144_125_DF_DCSP_NICDUE_1,1.0,Classificazione Coicop (2 cifre) (base dicembre 1998) - prov.,Coicop classification (2 digit) (base December 1998) - prov.,DCSP_NICDUE,1.0,IT1
144_125_DF_DCSP_NICDUE_2,1.0,Tipologie di prodotto (base 1995),Product types (base 1995),DCSP_NICDUE,1.0,IT1
144_125_DF_DCSP_NICDUE_3,1.0,Classificazione Coicop (5 cifre) (base 1995),Coicop classification (5 digit) (base 1995),DCSP_NICDUE,1.0,IT1
144_126_DF_DCSP_NICTRE_1,1.0,Tipologie di prodotto,Product types,DCSP_NICTRE,1.0,IT1
144_126_DF_DCSP_NICTRE_2,1.0,Classificazione Coicop (5 cifre),Coicop classification (5 digit),DCSP_NICTRE,1.0,IT1
144_180_DF_DCSP_NICUNOB_1,1.0,Classificazione Coicop (2 cifre) (base dicembre 1998),Coicop classification (2 digit) (base december 1998),DCSP_NICUNOB,1.0,IT1
144_180_DF_DCSP_NICUNOB_2,1.0,Tipologie di prodotto (base 1995),Product types (base 1995),DCSP_NICUNOB,1.0,IT1
144_180_DF_DCSP_NICUNOB_3,1.0,Classificazione Coicop (5 cifre) (base 1995),Coicop classification (5 digit) (base 1995),DCSP_NICUNOB,1.0,IT1
145_360,1.0,Prezzi alla produzione dell'industria,Industrial producer prices,DCSC_PREZZPIND_1,1.0,IT1
145_360_DF_DCSC_PREZZPIND_1_1,1.0,Prezzi alla produzione dell'industria - mensili (base 2015),Industrial producer prices - monthly data (base 2015),DCSC_PREZZPIND_1,1.0,IT1
145_360_DF_DCSC_PREZZPIND_1_2,1.0,Mensili (base 2010),Monthly data (base 2010),DCSC_PREZZPIND_1,1.0,IT1
145_360_DF_DCSC_PREZZPIND_1_3,1.0,Mensili (base 2005),Monthly data (base 2005),DCSC_PREZZPIND_1,1.0,IT1
145_360_DF_DCSC_PREZZPIND_1_4,1.0,Prezzi alla produzione dell'industria - mensili (base 2021),Industrial producer prices - monthly data (base 2021),DCSC_PREZZPIND_1,1.0,IT1
145_361,1.0,Costi di costruzione,Construction costs,DCSC_FABBRESID_1,1.0,IT1
145_361_DF_DCSC_FABBRESID_1_1,1.0,Fabbricato residenziale e capannone industriale - mensili (base 2015),Residential and non-residential buildings - monthly data (base 2015),DCSC_FABBRESID_1,1.0,IT1
145_361_DF_DCSC_FABBRESID_1_2,1.0,Tronco stradale con tratto in galleria - mensili (base 2015),Roads with tunnel section - monthly data (base 2015),DCSC_FABBRESID_1,1.0,IT1
145_361_DF_DCSC_FABBRESID_1_3,1.0,Tronchi stradali - serie interrotta - mensili (base 2015),Road stretches - broken series - monthly data (base 2015),DCSC_FABBRESID_1,1.0,IT1
145_361_DF_DCSC_FABBRESID_1_4,1.0,Fabbricato residenziale - mensili (base 2010),Residential building - monthly data (base 2010),DCSC_FABBRESID_1,1.0,IT1
145_361_DF_DCSC_FABBRESID_1_5,1.0,Tronchi stradali - mensili (base 2010),Road stretches - monthly data (base 2010),DCSC_FABBRESID_1,1.0,IT1
145_361_DF_DCSC_FABBRESID_1_6,1.0,Fabbricato residenziale dal 2000 al 2012 (base 2005) - mensili,Residential building from 2000 until 2012 (base 2005) - monthly data,DCSC_FABBRESID_1,1.0,IT1
145_361_DF_DCSC_FABBRESID_1_7,1.0,Fabbricato residenziale e capannone industriale - mensili (base 2021),Residential and non-residential buildings - monthly data (base 2021),DCSC_FABBRESID_1,1.0,IT1
145_361_DF_DCSC_FABBRESID_1_8,1.0,Tronco stradale con tratto in galleria - mensili (base 2021),Roads with tunnel section - monthly data (base 2021),DCSC_FABBRESID_1,1.0,IT1
145_361_DF_DCSC_FABBRESID_1_9,1.0,Tronchi stradali - serie interrotta - mensili (base 2015),Road stretches - broken series - monthly data (base 2015),DCSC_FABBRESID_1,1.0,IT1
145_362_DCSC_INDICITOL_1,1.0,Tipologie omogenee di lavorazioni (TOL) - mensili (base 2022),Homogeneous types of works - monthly data (base 2022),DCSC_INDICITOL,1.0,IT1
145_376,1.0,Prezzi alla produzione dei servizi,Services producer prices,DCSC_PREZPRODSERV_1,1.0,IT1
145_376_DF_DCSC_PREZPRODSERV_1_1,1.0,Trimestrali business to business dal 2006 al 2023 (base 2015),Quarterly data business to business from 2006 to 2023 (base 2015),DCSC_PREZPRODSERV_1,1.0,IT1
145_376_DF_DCSC_PREZPRODSERV_1_2,1.0,Medie annue business to business dal 2006 al 2023 (base 2015),Annual average business to business from 2006 to 2023 (base 2015),DCSC_PREZPRODSERV_1,1.0,IT1
145_376_DF_DCSC_PREZPRODSERV_1_3,1.0,Trimestrali business to business dal 2006 al 2017 (base 2010),Quarterly data business to business from 2006 to 2017 (base 2010),DCSC_PREZPRODSERV_1,1.0,IT1
145_376_DF_DCSC_PREZPRODSERV_1_4,1.0,Medie annue business to business dal 2006 al 2017 (base 2010),Annual average business to business from 2006 to 2012 (base 2010),DCSC_PREZPRODSERV_1,1.0,IT1
145_376_DF_DCSC_PREZPRODSERV_1_5,1.0,Trimestrali business to business dal 2006 al 2012 (base 2006),Quarterly data business to business from 2006 until 2012 (base 2006),DCSC_PREZPRODSERV_1,1.0,IT1
145_376_DF_DCSC_PREZPRODSERV_1_6,1.0,Medie annue business to business dal 2006 al 2012 (base 2006),Annual average business to business from 2006 until 2012 (base 2006),DCSC_PREZPRODSERV_1,1.0,IT1
145_376_DF_DCSC_PREZPRODSERV_1_7,1.0,Trimestrali business to business dal 2006 (base 2021),Quarterly data business to business from 2006 (base 2021),DCSC_PREZPRODSERV_1,1.0,IT1
145_376_DF_DCSC_PREZPRODSERV_1_8,1.0,Trimestrali business to all dal 2006 (base 2021),Quarterly data business to all from 2006 (base 2021),DCSC_PREZPRODSERV_1,1.0,IT1
149_319,1.0,Tensione contrattuale,Bargaining tension,DCSC_RETRCONTR1T,1.0,IT1
149_319_DF_DCSC_RETRCONTR1T_1,1.0,Tensioni contrattuale - indicatori (base 2015),Bargaining tension - indicators (base 2015),DCSC_RETRCONTR1T,1.0,IT1
149_319_DF_DCSC_RETRCONTR1T_2,1.0,Indicatori (base 2010),Indicators (base 2010),DCSC_RETRCONTR1T,1.0,IT1
149_319_DF_DCSC_RETRCONTR1T_3,1.0,Indicatori (base 2005),Indicators (base 2005),DCSC_RETRCONTR1T,1.0,IT1
149_319_DF_DCSC_RETRCONTR1T_4,1.0,Tensione contrattuale - indicatori (base 2021),Bargaining tension - indicators (base 2021),DCSC_RETRCONTR1T,1.0,IT1
149_327,1.0,"Orario contrattuale, ferie e altre riduzioni orarie - dipendenti a tempo pieno","Annual gross hours, net hours, holidays and other hours reduction - full-time employees",DCSC_RETRCONTR1O,1.0,IT1
149_327_DF_DCSC_RETRCONTR1O_1,1.0,"Orario contrattuale, ferie e altre riduzioni orarie - dipendenti a tempo pieno","Annual gross hours, net hours, holidays and other hours reduction - full-time employees",DCSC_RETRCONTR1O,1.0,IT1
149_577,1.0,Posizioni lavorative alle dipendenze,Number of payroll jobs,DCSC_OROS_1,1.0,IT1
149_577_DF_DCSC_OROS_1_1,1.0,Posizioni lavorative alle dipendenze (base 2015),Number of payroll jobs (base 2015),DCSC_OROS_1,1.0,IT1
149_577_DF_DCSC_OROS_1_2,1.0,Posizioni lavorative alle dipendenze (base 2010),Number of payroll jobs (base 2010),DCSC_OROS_1,1.0,IT1
149_577_DF_DCSC_OROS_1_3,1.0,Posizioni lavorative alle dipendenze (base 2021),Number of payroll jobs (base 2021),DCSC_OROS_1,1.0,IT1
14_121_DF_DCCV_TRASPUB_1,1.0,Trasporto pubblico,Public transport,DCCV_TRASPUB,1.0,IT1
14_122_DF_DCCV_VERDURB_1,1.0,Verde urbano - dati fino al 2009,Public green areas - data until 2009,DCCV_VERDURB,1.0,IT1
14_166_DF_DCCV_INTBONRUM_1,1.0,Interventi di bonifica del rumore,Remediation of noise,DCCV_INTBONRUM,1.0,IT1
14_167_DF_DCCV_MONINQACS_1,1.0,Inquinamento acustico,Acoustic pollution,DCCV_MONINQACS,1.0,IT1
150_105,1.0,Occupati per ore settimanali lavorate e numero di ore settimanali lavorate procapite,Employment by number of actual weekly hours and average number of actual weekly hours,DCCV_ORELAVMED,1.0,IT1
150_105_DF_DCCV_ORELAVMED_UNT2020_1,1.0,Numero di ore medie settimanali effettivamente lavorate pro-capite - livello ripartizionale,Average number of actual weekly hours - ripartitional level,DCCV_ORELAVMED_UNT2020,1.0,IT1
150_105_DF_DCCV_ORELAVMED_UNT2020_2,1.0,Numero di occupati per ore settimanali effettivamente lavorate - livello ripartizionale,Employment by number of actual weekly hours - ripartitional level,DCCV_ORELAVMED_UNT2020,1.0,IT1
150_1168,1.0,Tasso di occupazione  - dati mensili - regolamento precedente (fino al 2020),Employment rate  - monthly data - previous regulation (until 2020),DCCV_TAXOCCUMENS1_UNT2020,1.0,IT1
150_1168_DF_DCCV_TAXOCCUMENS1_UNT2020_1,1.0,Tasso di occupazione - dati mensili - regolamento precedente (fino al 2020),Employment rate - monthly data - previous regulation (until 2020),DCCV_TAXOCCUMENS1_UNT2020,1.0,IT1
150_1169,1.0,Forze lavoro  - dati mensili - regolamento precedente (fino al 2020),Labour force  - monthly data - previous regulation (until 2020),DCCV_FORZLVMENS1_UNT2020,1.0,IT1
150_1169_DF_DCCV_FORZLVMENS1_UNT2020_1,1.0,Forze lavoro  - dati mensili - regolamento precedente (fino al 2020),Labour force  - monthly data - previous regulation (until 2020),DCCV_FORZLVMENS1_UNT2020,1.0,IT1
150_1170,1.0,Occupati -  dati mensili - regolamento precedente (fino al 2020),Employed -  monthly data - previous regulation (until 2020),DCCV_OCCUPATIMENS1_UNT2020,1.0,IT1
150_1170_DF_DCCV_OCCUPATIMENS1_UNT2020_1,1.0,"Posizione professionale, carattere occupazione","Professional status, temporary employees",DCCV_OCCUPATIMENS1_UNT2020,1.0,IT1
150_1170_DF_DCCV_OCCUPATIMENS1_UNT2020_2,1.0,"Sesso, età","Gender, age",DCCV_OCCUPATIMENS1_UNT2020,1.0,IT1
150_1171,1.0,Tasso di attività  - dati mensili - regolamento precedente (fino al 2020),Activity rate  - monthly data - previous regulation (until 2020),DCCV_TAXATVTMENS1_UNT2020,1.0,IT1
150_1171_DF_DCCV_TAXATVTMENS1_UNT2020_1,1.0,Tasso di attività - dati mensili - regolamento precedente (fino al 2020),Activity rate - monthly data - previous regulation (until 2020),DCCV_TAXATVTMENS1_UNT2020,1.0,IT1
150_1172,1.0,Tasso di attività - dati trimestrali destagionalizzati - regolamento precedente (fino al 2020),Activity rate - quarterly seasonally adjusted data - previous regulation (until 2020),DCCV_TAXATVTDE1_UNT2020,1.0,IT1
150_1172_DF_DCCV_TAXATVTDE1_UNT2020_1,1.0,"Sesso, età","Gender, age",DCCV_TAXATVTDE1_UNT2020,1.0,IT1
150_1172_DF_DCCV_TAXATVTDE1_UNT2020_2,1.0,Ripartizioni,Geographical areas,DCCV_TAXATVTDE1_UNT2020,1.0,IT1
150_1173,1.0,Forze di lavoro - dati trimestrali destagionalizzati - regolamento precedente (fino al 2020),Labour force - quarterly seasonally adjusted data - previous regulation (until 2020),DCCV_FORZLVDE1_UNT2020,1.0,IT1
150_1173_DF_DCCV_FORZLVDE1_UNT2020_1,1.0,"Sesso, età","Gender, age",DCCV_FORZLVDE1_UNT2020,1.0,IT1
150_1173_DF_DCCV_FORZLVDE1_UNT2020_2,1.0,Ripartizioni,Geographical areas,DCCV_FORZLVDE1_UNT2020,1.0,IT1
150_1174,1.0,Occupati - dati trimestrali destagionalizzati - regolamento precedente (fino al 2020),Employed - quarterly seasonally adjusted data - previous regulation (until 2020),DCCV_OCCUPATITDE1_UNT2020,1.0,IT1
150_1174_DF_DCCV_OCCUPATITDE1_UNT2020_1,1.0,"Posizione professionale, carattere occupazione","Professional status, permanent or temporary employees",DCCV_OCCUPATITDE1_UNT2020,1.0,IT1
150_1174_DF_DCCV_OCCUPATITDE1_UNT2020_2,1.0,Macrosettori economici,Sectors of economic activity,DCCV_OCCUPATITDE1_UNT2020,1.0,IT1
150_1174_DF_DCCV_OCCUPATITDE1_UNT2020_3,1.0,"Sesso, età","Gender, age",DCCV_OCCUPATITDE1_UNT2020,1.0,IT1
150_1174_DF_DCCV_OCCUPATITDE1_UNT2020_4,1.0,Ripartizioni,Geographical areas,DCCV_OCCUPATITDE1_UNT2020,1.0,IT1
150_1175,1.0,Tasso di occupazione - dati trimestrali destagionalizzati - regolamento precedente (fino al 2020),Employment rate - quarterly seasonally adjusted data - previous regulation (until 2020),DCCV_TAXOCCUDE1_UNT2020,1.0,IT1
150_1175_DF_DCCV_TAXOCCUDE1_UNT2020_1,1.0,"Sesso, età","Gender, age",DCCV_TAXOCCUDE1_UNT2020,1.0,IT1
150_1175_DF_DCCV_TAXOCCUDE1_UNT2020_2,1.0,Ripartizioni,Geographical areas,DCCV_TAXOCCUDE1_UNT2020,1.0,IT1
150_1188,1.0,Occupati (migliaia) - regolamento precedente (fino al 2020),Employment (thousands) - previous regulation (until 2020),DCCV_OCCUPATIT1_UNT2020,1.0,IT1
150_1188_DF_DCCV_OCCUPATIT1_UNT2020_1,1.0,"Occupati (migliaia) - regolamento precedente (fino al 2020)- Titolo di studio, cittadinanza, età","Employment (thousands) - previous regulation (until 2020) - Highest level of education attained, citizenship, age",DCCV_OCCUPATIT1_UNT2020,1.0,IT1
150_1188_DF_DCCV_OCCUPATIT1_UNT2020_10,1.0,Occupati (migliaia) - regolamento precedente (fino al 2020)- Ateco 2007 (dettaglio) - posizione professionale,Employment (thousands) - previous regulation (until 2020)- Nace 2007 (detail) - professional status,DCCV_OCCUPATIT1_UNT2020,1.0,IT1
150_1188_DF_DCCV_OCCUPATIT1_UNT2020_11,1.0,Occupati (migliaia) - regolamento precedente (fino al 2020)- Ateco 2007 - profilo professionale,Employment (thousands) - previous regulation (until 2020)- Nace 2007 - professional status detailed,DCCV_OCCUPATIT1_UNT2020,1.0,IT1
150_1188_DF_DCCV_OCCUPATIT1_UNT2020_12,1.0,"Occupati (migliaia) - regolamento precedente (fino al 2020)- Ateco 2007 - dipendenti, carattere occupazione, età","Employment (thousands) - previous regulation (until 2020)- Nace 2007 - employees, temporary employees, age",DCCV_OCCUPATIT1_UNT2020,1.0,IT1
150_1188_DF_DCCV_OCCUPATIT1_UNT2020_13,1.0,"Occupati (migliaia) - regolamento precedente (fino al 2020)- Ateco 2002 - posizione professionale, età","Employment (thousands) - previous regulation (until 2020)- Nace 2002 - professional status, age",DCCV_OCCUPATIT1_UNT2020,1.0,IT1
150_1188_DF_DCCV_OCCUPATIT1_UNT2020_14,1.0,"Occupati (migliaia) - regolamento precedente (fino al 2020)- Ateco 2002 - posizione professionale, cittadinanza","Employment (thousands) - previous regulation (until 2020)- Nace 2002 - professional status, citizenship",DCCV_OCCUPATIT1_UNT2020,1.0,IT1
150_1188_DF_DCCV_OCCUPATIT1_UNT2020_15,1.0,"Occupati (migliaia) - regolamento precedente (fino al 2020)- Ateco 2002 - posizione professionale, tempo pieno/parziale","Employment (thousands) - previous regulation (until 2020)- Nace 2002 - professional status, full-time/part-time",DCCV_OCCUPATIT1_UNT2020,1.0,IT1
150_1188_DF_DCCV_OCCUPATIT1_UNT2020_16,1.0,Occupati (migliaia) - regolamento precedente (fino al 2020)- Ateco 2002 (dettaglio) - posizione professionale,Employment (thousands) - previous regulation (until 2020)- Nace 2002 (detail) - professional status,DCCV_OCCUPATIT1_UNT2020,1.0,IT1
150_1188_DF_DCCV_OCCUPATIT1_UNT2020_17,1.0,Occupati (migliaia) - regolamento precedente (fino al 2020)- Ateco 2002 - profilo professionale,Employment (thousands) - previous regulation (until 2020)- Nace 2002 - professional status detailed,DCCV_OCCUPATIT1_UNT2020,1.0,IT1
150_1188_DF_DCCV_OCCUPATIT1_UNT2020_18,1.0,"Ateco 2002 - dipendenti, carattere occupazione, età","Nace 2001 - employees, temporary employees, age",DCCV_OCCUPATIT1_UNT2020,1.0,IT1
150_1188_DF_DCCV_OCCUPATIT1_UNT2020_19,1.0,"Occupati (migliaia) - regolamento precedente (fino al 2020)- Ateco 2002, Ateco 2007 (2008-2010)","Employment (thousands) - previous regulation (until 2020)- Nace 2002, Nace 2007 (2008-2010)",DCCV_OCCUPATIT1_UNT2020,1.0,IT1
150_1188_DF_DCCV_OCCUPATIT1_UNT2020_2,1.0,Occupati (migliaia) - regolamento precedente (fino al 2020)- Profilo professionale,Employment (thousands) - previous regulation (until 2020)- Professional status detailed,DCCV_OCCUPATIT1_UNT2020,1.0,IT1
150_1188_DF_DCCV_OCCUPATIT1_UNT2020_20,1.0,Occupati (migliaia) - regolamento precedente (fino al 2020)- Professione 2011 (dettaglio),Employment (thousands) - previous regulation (until 2020)- Occupation 2011 (detail),DCCV_OCCUPATIT1_UNT2020,1.0,IT1
150_1188_DF_DCCV_OCCUPATIT1_UNT2020_21,1.0,"Occupati (migliaia) - regolamento precedente (fino al 2020)- Professione 2011, cittadinanza","Employment (thousands) - previous regulation (until 2020)- Occupation 2011, citizenship",DCCV_OCCUPATIT1_UNT2020,1.0,IT1
150_1188_DF_DCCV_OCCUPATIT1_UNT2020_22,1.0,Occupati (migliaia) - regolamento precedente (fino al 2020)- Professione 2001 (dettaglio),Employment (thousands) - previous regulation (until 2020)- Occupation 2001 (detail),DCCV_OCCUPATIT1_UNT2020,1.0,IT1
150_1188_DF_DCCV_OCCUPATIT1_UNT2020_23,1.0,"Occupati (migliaia) - regolamento precedente (fino al 2020)- Professione 2001, cittadinanza","Employment (thousands) - previous regulation (until 2020)- Occupation 2001, citizenship",DCCV_OCCUPATIT1_UNT2020,1.0,IT1
150_1188_DF_DCCV_OCCUPATIT1_UNT2020_24,1.0,Occupati (migliaia) - regolamento precedente (fino al 2020)- Età,Employment (thousands) - previous regulation (until 2020)- Age,DCCV_OCCUPATIT1_UNT2020,1.0,IT1
150_1188_DF_DCCV_OCCUPATIT1_UNT2020_25,1.0,Occupati (migliaia) - regolamento precedente (fino al 2020)- Titolo di studio,Employment (thousands) - previous regulation (until 2020)- Highest level of education attained,DCCV_OCCUPATIT1_UNT2020,1.0,IT1
150_1188_DF_DCCV_OCCUPATIT1_UNT2020_26,1.0,"Occupati (migliaia) - regolamento precedente (fino al 2020)- Posizione professionale, tempo pieno/parziale","Employment (thousands) - previous regulation (until 2020)- Professional status, full-time/part-time",DCCV_OCCUPATIT1_UNT2020,1.0,IT1
150_1188_DF_DCCV_OCCUPATIT1_UNT2020_27,1.0,Occupati (migliaia) - regolamento precedente (fino al 2020)- Ateco 2007 - posizione professionale - trimestrali,Employment (thousands) - previous regulation (until 2020)- Nace 2007 - pofessional status - quarterly data,DCCV_OCCUPATIT1_UNT2020,1.0,IT1
150_1188_DF_DCCV_OCCUPATIT1_UNT2020_28,1.0,Occupati (migliaia) - regolamento precedente (fino al 2020)- Dipendenti - carattere occupazione,Employment (thousands) - previous regulation (until 2020)- Employees - temporary employees,DCCV_OCCUPATIT1_UNT2020,1.0,IT1
150_1188_DF_DCCV_OCCUPATIT1_UNT2020_29,1.0,Occupati (migliaia) - regolamento precedente (fino al 2020)- Sesso,Employment (thousands) - previous regulation (until 2020)- Gender,DCCV_OCCUPATIT1_UNT2020,1.0,IT1
150_1188_DF_DCCV_OCCUPATIT1_UNT2020_3,1.0,"Occupati (migliaia) - regolamento precedente (fino al 2020)- Tempo pieno/parziale, posizione professionale, età","Employment (thousands) - previous regulation (until 2020)- Full-time/part-time, professional status, age",DCCV_OCCUPATIT1_UNT2020,1.0,IT1
150_1188_DF_DCCV_OCCUPATIT1_UNT2020_30,1.0,Occupati (migliaia) - regolamento precedente (fino al 2020)- Ateco 2007 - posizione professionale,Employment (thousands) - previous regulation (until 2020)- Nace 2007 - professional status,DCCV_OCCUPATIT1_UNT2020,1.0,IT1
150_1188_DF_DCCV_OCCUPATIT1_UNT2020_31,1.0,Occupati (migliaia) - regolamento precedente (fino al 2020)- Ateco 2002 - posizione professionale,Employment (thousands) - previous regulation (until 2020)- Nace 2002 - professional status,DCCV_OCCUPATIT1_UNT2020,1.0,IT1
150_1188_DF_DCCV_OCCUPATIT1_UNT2020_32,1.0,Occupati (migliaia) - regolamento precedente (fino al 2020)- Dal I 1977 - età,Employment (thousands) - previous regulation (until 2020)- Since I 1977 - age,DCCV_OCCUPATIT1_UNT2020,1.0,IT1
150_1188_DF_DCCV_OCCUPATIT1_UNT2020_33,1.0,Occupati (migliaia) - regolamento precedente (fino al 2020)- Dal I 1977 - titolo di studio,Employment (thousands) - previous regulation (until 2020)- Since I 1977 - highest level of education attained,DCCV_OCCUPATIT1_UNT2020,1.0,IT1
150_1188_DF_DCCV_OCCUPATIT1_UNT2020_34,1.0,Occupati (migliaia) - regolamento precedente (fino al 2020)- Dal I 1977 - posizione professionale,Employment (thousands) - previous regulation (until 2020)- Since I 1977 - professional status,DCCV_OCCUPATIT1_UNT2020,1.0,IT1
150_1188_DF_DCCV_OCCUPATIT1_UNT2020_35,1.0,Occupati (migliaia) - regolamento precedente (fino al 2020)- Dal IV 1992 - dettaglio età,Employment (thousands) - previous regulation (until 2020)- Since IV 1992 - age detail,DCCV_OCCUPATIT1_UNT2020,1.0,IT1
150_1188_DF_DCCV_OCCUPATIT1_UNT2020_36,1.0,"Occupati (migliaia) - regolamento precedente (fino al 2020)- Dal IV 1992 - titolo di studio, età","Employment (thousands) - previous regulation (until 2020)- Since IV 1992 - highest level of education attained, age",DCCV_OCCUPATIT1_UNT2020,1.0,IT1
150_1188_DF_DCCV_OCCUPATIT1_UNT2020_37,1.0,"Occupati (migliaia) - regolamento precedente (fino al 2020)- Dal IV 1992 - posizione professionale, carattere occupazione","Employment (thousands) - previous regulation (until 2020)- Since IV 1992 - professional status, temporary employees",DCCV_OCCUPATIT1_UNT2020,1.0,IT1
150_1188_DF_DCCV_OCCUPATIT1_UNT2020_38,1.0,Occupati (migliaia) - regolamento precedente (fino al 2020)- Dal IV 1992 - tempo pieno/parziale,Employment (thousands) - previous regulation (until 2020)- Since IV 1992 - full-time/part-time,DCCV_OCCUPATIT1_UNT2020,1.0,IT1
150_1188_DF_DCCV_OCCUPATIT1_UNT2020_39,1.0,Occupati (migliaia) - regolamento precedente (fino al 2020)- Dal IV 1992 - dati regionali,Employment (thousands) - previous regulation (until 2020)- Since IV 1992 - regional data,DCCV_OCCUPATIT1_UNT2020,1.0,IT1
150_1188_DF_DCCV_OCCUPATIT1_UNT2020_4,1.0,"Occupati (migliaia) - regolamento precedente (fino al 2020)- Tempo pieno/parziale, cittadinanza","Employment (thousands) - previous regulation (until 2020)- Full-time/part-time, citizenship",DCCV_OCCUPATIT1_UNT2020,1.0,IT1
150_1188_DF_DCCV_OCCUPATIT1_UNT2020_40,1.0,Occupati (migliaia) - regolamento precedente (fino al 2020)- Ateco 2002 (dal I 1977-2010) - posizione professionale,Employment (thousands) - previous regulation (until 2020)- Nace 2002 (since I 1977-2010) - employees,DCCV_OCCUPATIT1_UNT2020,1.0,IT1
150_1188_DF_DCCV_OCCUPATIT1_UNT2020_41,1.0,"Occupati (migliaia) - regolamento precedente (fino al 2020)- Ateco 2002 (dal IV 1992-2010) - posizione professionale, carattere occupazione","Employment (thousands) - previous regulation (until 2020)- Nace 2002 (since IV 1992-2010) - temporary employees, professional status",DCCV_OCCUPATIT1_UNT2020,1.0,IT1
150_1188_DF_DCCV_OCCUPATIT1_UNT2020_42,1.0,Occupati (migliaia) - regolamento precedente (fino al 2020)- Ateco 2002 (dal IV 1992-2010) - tempo pieno/parziale,Employment (thousands) - previous regulation (until 2020)- Nace 2002 (since IV 1992-2010) - full-time/part-time,DCCV_OCCUPATIT1_UNT2020,1.0,IT1
150_1188_DF_DCCV_OCCUPATIT1_UNT2020_43,1.0,Occupati (migliaia) - regolamento precedente (fino al 2020)- Ateco 2002 (dal IV 1992-2010) - dati regionali,Employment (thousands) - previous regulation (until 2020)- Nace 2002 (since IV 1992-2010) - regional data,DCCV_OCCUPATIT1_UNT2020,1.0,IT1
150_1188_DF_DCCV_OCCUPATIT1_UNT2020_5,1.0,"Occupati (migliaia) - regolamento precedente (fino al 2020)- Dipendenti a tempo determinato/indeterminato, tempo pieno/parziale, età","Employment (thousands) - previous regulation (until 2020)- Employees by temporary employees/permanent employees, full-time/part-time, age",DCCV_OCCUPATIT1_UNT2020,1.0,IT1
150_1188_DF_DCCV_OCCUPATIT1_UNT2020_6,1.0,"Occupati (migliaia) - regolamento precedente (fino al 2020)- Dipendenti a tempo determinato/indeterminato, cittadinanza","Employment (thousands) - previous regulation (until 2020)- Employees by temporary employees/permanent employees, citizenship",DCCV_OCCUPATIT1_UNT2020,1.0,IT1
150_1188_DF_DCCV_OCCUPATIT1_UNT2020_7,1.0,"Occupati (migliaia) - regolamento precedente (fino al 2020)- Ateco 2007 - posizione professionale, età","Employment (thousands) - previous regulation (until 2020)- Nace 2007 - professional status, age",DCCV_OCCUPATIT1_UNT2020,1.0,IT1
150_1188_DF_DCCV_OCCUPATIT1_UNT2020_8,1.0,"Occupati (migliaia) - regolamento precedente (fino al 2020)- Ateco 2007 - posizione professionale, cittadinanza","Employment (thousands) - previous regulation (until 2020)- Nace 2007 - professional status, citizenship",DCCV_OCCUPATIT1_UNT2020,1.0,IT1
150_1188_DF_DCCV_OCCUPATIT1_UNT2020_9,1.0,"Occupati (migliaia) - regolamento precedente (fino al 2020)- Ateco 2007 - posizione professionale, tempo pieno/parziale","Employment (thousands) - previous regulation (until 2020)- Nace 2007 - professional status, full-time/part-time",DCCV_OCCUPATIT1_UNT2020,1.0,IT1
150_1189,1.0,Tasso di  occupazione - regolamento precedente (fino al 2020),Employment  rate - previous regulation (until 2020),DCCV_TAXOCCU1_UNT2020,1.0,IT1
150_1189_DF_DCCV_TAXOCCU1_UNT2020_1,1.0,"Titolo di studio, età","Highest level of education attained, age",DCCV_TAXOCCU1_UNT2020,1.0,IT1
150_1189_DF_DCCV_TAXOCCU1_UNT2020_2,1.0,"Titolo di studio, cittadinanza","Highest level of education attained, citizenship",DCCV_TAXOCCU1_UNT2020,1.0,IT1
150_1189_DF_DCCV_TAXOCCU1_UNT2020_3,1.0,Dati regionali,Regional data,DCCV_TAXOCCU1_UNT2020,1.0,IT1
150_1189_DF_DCCV_TAXOCCU1_UNT2020_4,1.0,Dati provinciali,Provincial data,DCCV_TAXOCCU1_UNT2020,1.0,IT1
150_1189_DF_DCCV_TAXOCCU1_UNT2020_5,1.0,Since I 1977 - age,Dal I 1977 - età,DCCV_TAXOCCU1_UNT2020,1.0,IT1
150_1189_DF_DCCV_TAXOCCU1_UNT2020_6,1.0,Dal I 1977 - titolo di studio,Since I 1977 - highest level of education attained,DCCV_TAXOCCU1_UNT2020,1.0,IT1
150_1189_DF_DCCV_TAXOCCU1_UNT2020_7,1.0,Dal IV 1992 - dettaglio età,Since IV 1992 - age detail,DCCV_TAXOCCU1_UNT2020,1.0,IT1
150_1189_DF_DCCV_TAXOCCU1_UNT2020_8,1.0,"Dal IV 1992 - titolo di studio, età","Since IV 1992 - highest level of education attained, age",DCCV_TAXOCCU1_UNT2020,1.0,IT1
150_1189_DF_DCCV_TAXOCCU1_UNT2020_9,1.0,Dal IV 1992 - dati regionali,Since IV 1992 - regional data,DCCV_TAXOCCU1_UNT2020,1.0,IT1
150_1190,1.0,Forze di  lavoro - regolamento precedente (fino al 2020),Labour  force - previous regulation (until 2020),DCCV_FORZLV1_UNT2020,1.0,IT1
150_1190_DF_DCCV_FORZLV1_UNT2020_1,1.0,"Titolo di studio, età","Highest level of education attained, age",DCCV_FORZLV1_UNT2020,1.0,IT1
150_1190_DF_DCCV_FORZLV1_UNT2020_10,1.0,"Dal IV 1992 - titolo di studio, età","Since IV 1992 - highest level of education attained, age",DCCV_FORZLV1_UNT2020,1.0,IT1
150_1190_DF_DCCV_FORZLV1_UNT2020_11,1.0,Dal IV 1992 - dati regionali,Since IV 1992 - regional data,DCCV_FORZLV1_UNT2020,1.0,IT1
150_1190_DF_DCCV_FORZLV1_UNT2020_2,1.0,"Titolo di studio, cittadinanza","Highest level of education attained, citizenship",DCCV_FORZLV1_UNT2020,1.0,IT1
150_1190_DF_DCCV_FORZLV1_UNT2020_3,1.0,Dati regionali - sesso,Regional data - gender,DCCV_FORZLV1_UNT2020,1.0,IT1
150_1190_DF_DCCV_FORZLV1_UNT2020_4,1.0,Dati regionali - età,Regional data - age,DCCV_FORZLV1_UNT2020,1.0,IT1
150_1190_DF_DCCV_FORZLV1_UNT2020_5,1.0,Dati regionali - titolo di studio,Regional data - highest level of education attained,DCCV_FORZLV1_UNT2020,1.0,IT1
150_1190_DF_DCCV_FORZLV1_UNT2020_6,1.0,Dati provinciali,Provincial data,DCCV_FORZLV1_UNT2020,1.0,IT1
150_1190_DF_DCCV_FORZLV1_UNT2020_7,1.0,Dal I 1977 - età,Since I 1977 - age,DCCV_FORZLV1_UNT2020,1.0,IT1
150_1190_DF_DCCV_FORZLV1_UNT2020_8,1.0,Dal I 1977 - titolo di studio,Since I 1977 - highest level of education attained,DCCV_FORZLV1_UNT2020,1.0,IT1
150_1190_DF_DCCV_FORZLV1_UNT2020_9,1.0,Dal IV 1992 - dettaglio età,Since IV 1992 - age detail,DCCV_FORZLV1_UNT2020,1.0,IT1
150_1191,1.0,Tasso di  attività - regolamento precedente (fino al 2020),Activity  rate - previous regulation (until 2020),DCCV_TAXATVT1_UNT2020,1.0,IT1
150_1191_DF_DCCV_TAXATVT1_UNT2020_1,1.0,"Titolo di studio, età","Highest level of education attained, age",DCCV_TAXATVT1_UNT2020,1.0,IT1
150_1191_DF_DCCV_TAXATVT1_UNT2020_2,1.0,"Titolo di studio, cittadinanza","Highest level of education attained, ctizenship",DCCV_TAXATVT1_UNT2020,1.0,IT1
150_1191_DF_DCCV_TAXATVT1_UNT2020_3,1.0,Dati regionali,Regional data,DCCV_TAXATVT1_UNT2020,1.0,IT1
150_1191_DF_DCCV_TAXATVT1_UNT2020_4,1.0,Dati provinciali,Provincial data,DCCV_TAXATVT1_UNT2020,1.0,IT1
150_1191_DF_DCCV_TAXATVT1_UNT2020_5,1.0,Dal I 1977 - età,Since I 1977 - age,DCCV_TAXATVT1_UNT2020,1.0,IT1
150_1191_DF_DCCV_TAXATVT1_UNT2020_6,1.0,Dal I 1977 - titolo di studio,Since I 1977 - highest level of education attained,DCCV_TAXATVT1_UNT2020,1.0,IT1
150_1191_DF_DCCV_TAXATVT1_UNT2020_7,1.0,Dal IV 1992 - dettaglio età,Since IV 1992 - age detail,DCCV_TAXATVT1_UNT2020,1.0,IT1
150_1191_DF_DCCV_TAXATVT1_UNT2020_8,1.0,"Dal IV 1992 - Titolo di studio, età","Since IV 1992 - Highest level of education attained, age",DCCV_TAXATVT1_UNT2020,1.0,IT1
150_1191_DF_DCCV_TAXATVT1_UNT2020_9,1.0,Dal IV 1992 - dati regionali,Since IV 1992 - regional data,DCCV_TAXATVT1_UNT2020,1.0,IT1
150_872,1.0,Tasso di occupazione  - dati mensili,Employment rate  - monthly data,DCCV_TAXOCCUMENS1,1.0,IT1
150_872_DF_DCCV_TAXOCCUMENS1_1,1.0,Tasso di occupazione - dati mensili,Employment rate - monthly data,DCCV_TAXOCCUMENS1,1.0,IT1
150_873,1.0,Forze lavoro  - dati mensili,Labour force  - monthly data,DCCV_FORZLVMENS1,1.0,IT1
150_873_DF_DCCV_FORZLVMENS1_1,1.0,Forze lavoro - dati mensili,Labour force - monthly data,DCCV_FORZLVMENS1,1.0,IT1
150_875,1.0,Occupati -  dati mensili,Employed -  monthly data,DCCV_OCCUPATIMENS1,1.0,IT1
150_875_DF_DCCV_OCCUPATIMENS1_1,1.0,"Posizione professionale, carattere occupazione","Professional status, temporary employees",DCCV_OCCUPATIMENS1,1.0,IT1
150_875_DF_DCCV_OCCUPATIMENS1_2,1.0,"Sesso, età","Gender, age",DCCV_OCCUPATIMENS1,1.0,IT1
150_876,1.0,Tasso di attività  - dati mensili,Activity rate  - monthly data,DCCV_TAXATVTMENS1,1.0,IT1
150_876_DF_DCCV_TAXATVTMENS1_1,1.0,Tasso di attività - dati mensili,Activity rate - monthly data,DCCV_TAXATVTMENS1,1.0,IT1
150_880,1.0,Tasso di attività - dati trimestrali destagionalizzati,Activity rate - quarterly seasonally adjusted data,DCCV_TAXATVTDE1,1.0,IT1
150_880_DF_DCCV_TAXATVTDE1_1,1.0,"Sesso, età","Gender, age",DCCV_TAXATVTDE1,1.0,IT1
150_880_DF_DCCV_TAXATVTDE1_2,1.0,Ripartizioni,Geographical areas,DCCV_TAXATVTDE1,1.0,IT1
150_881,1.0,Forze di lavoro - dati trimestrali destagionalizzati,Labour force - quarterly seasonally adjusted data,DCCV_FORZLVDE1,1.0,IT1
150_881_DF_DCCV_FORZLVDE1_1,1.0,"Sesso, età","Gender, age",DCCV_FORZLVDE1,1.0,IT1
150_881_DF_DCCV_FORZLVDE1_2,1.0,Ripartizioni,Geographical areas,DCCV_FORZLVDE1,1.0,IT1
150_882,1.0,Occupati - dati trimestrali destagionalizzati,Employed - quarterly seasonally adjusted data,DCCV_OCCUPATITDE1,1.0,IT1
150_882_DF_DCCV_OCCUPATITDE1_1,1.0,"Posizione professionale, carattere occupazione","Professional status, permanent or temporary employees",DCCV_OCCUPATITDE1,1.0,IT1
150_882_DF_DCCV_OCCUPATITDE1_2,1.0,Macrosettori economici,Sectors of economic activity,DCCV_OCCUPATITDE1,1.0,IT1
150_882_DF_DCCV_OCCUPATITDE1_3,1.0,"Sesso, età","Gender, age",DCCV_OCCUPATITDE1,1.0,IT1
150_882_DF_DCCV_OCCUPATITDE1_4,1.0,Ripartizioni,Geographical areas,DCCV_OCCUPATITDE1,1.0,IT1
150_883,1.0,Tasso di occupazione - dati trimestrali destagionalizzati,Employment rate - quarterly seasonally adjusted data,DCCV_TAXOCCUDE1,1.0,IT1
150_883_DF_DCCV_TAXOCCUDE1_1,1.0,"Sesso, età","Gender, age",DCCV_TAXOCCUDE1,1.0,IT1
150_883_DF_DCCV_TAXOCCUDE1_2,1.0,Ripartizioni,Geographical areas,DCCV_TAXOCCUDE1,1.0,IT1
150_908,1.0,Forze di  lavoro,Labour  force,DCCV_FORZLV1,1.0,IT1
150_908_DF_DCCV_FORZLV1_1,1.0,Classe di età,Age class,DCCV_FORZLV1,1.0,IT1
150_908_DF_DCCV_FORZLV1_2,1.0,"Titolo di studio, età","Highest level of education attained, age",DCCV_FORZLV1,1.0,IT1
150_908_DF_DCCV_FORZLV1_3,1.0,"Cittadinanza, titolo di studio, età","Citizenship, highest level of education attained, age",DCCV_FORZLV1,1.0,IT1
150_908_DF_DCCV_FORZLV1_4,1.0,Dati regionali - sesso,Regional data - gender,DCCV_FORZLV1,1.0,IT1
150_908_DF_DCCV_FORZLV1_5,1.0,Dati regionali - età,Regional data - age,DCCV_FORZLV1,1.0,IT1
150_908_DF_DCCV_FORZLV1_6,1.0,Dati regionali - titolo di studio,Regional data - highest level of education attained,DCCV_FORZLV1,1.0,IT1
150_908_DF_DCCV_FORZLV1_7,1.0,Dati provinciali,Provincial data,DCCV_FORZLV1,1.0,IT1
150_908_DF_DCCV_FORZLV1_8,1.0,Dal I 2004 - età,Since I 2004 - age,DCCV_FORZLV1,1.0,IT1
150_915,1.0,Tasso di  occupazione,Employment  rate,DCCV_TAXOCCU1,1.0,IT1
150_915_DF_DCCV_TAXOCCU1_1,1.0,Classe di età,Age class,DCCV_TAXOCCU1,1.0,IT1
150_915_DF_DCCV_TAXOCCU1_2,1.0,"Titolo di studio, età","Highest level of education attained, age",DCCV_TAXOCCU1,1.0,IT1
150_915_DF_DCCV_TAXOCCU1_3,1.0,"Titolo di studio, cittadinanza, età","Highest level of education attained, citizenship, age",DCCV_TAXOCCU1,1.0,IT1
150_915_DF_DCCV_TAXOCCU1_4,1.0,Dati regionali,Regional data,DCCV_TAXOCCU1,1.0,IT1
150_915_DF_DCCV_TAXOCCU1_5,1.0,Dati provinciali,Provincial data,DCCV_TAXOCCU1,1.0,IT1
150_915_DF_DCCV_TAXOCCU1_6,1.0,Dal I 2004 - età,Since I 2004 - age,DCCV_TAXOCCU1,1.0,IT1
150_915_DF_DCCV_TAXOCCU1_YOUTH_1,1.0,Giovani - Tasso di occupazione - dati annuali e trimestrali,Youth - Employment rate - annual and quarterly data,DCCV_TAXOCCU1,1.0,IT1
150_916,1.0,Tasso di  attività,Activity  rate,DCCV_TAXATVT1,1.0,IT1
150_916_DF_DCCV_TAXATVT1_1,1.0,Classe di età,Age class,DCCV_TAXATVT1,1.0,IT1
150_916_DF_DCCV_TAXATVT1_2,1.0,"Titolo di studio, età","Highest level of education attained, age",DCCV_TAXATVT1,1.0,IT1
150_916_DF_DCCV_TAXATVT1_3,1.0,"Titolo di studio, cittadinanza","Highest level of education attained, ctizenship",DCCV_TAXATVT1,1.0,IT1
150_916_DF_DCCV_TAXATVT1_4,1.0,Dati regionali,Regional data,DCCV_TAXATVT1,1.0,IT1
150_916_DF_DCCV_TAXATVT1_5,1.0,Dati provinciali,Provincial data,DCCV_TAXATVT1,1.0,IT1
150_916_DF_DCCV_TAXATVT1_6,1.0,Dal I 2004 - età,Since I 2004 - age,DCCV_TAXATVT1,1.0,IT1
150_916_DF_DCCV_TAXATVT1_YOUTH_1,1.0,Tasso di attività - dati annuali e trimestrali,Youth - Activity rate - annual and quarterly data,DCCV_TAXATVT1,1.0,IT1
150_938,1.0,Occupati  (migliaia),Employment  (thousands),DCCV_OCCUPATIT1,1.0,IT1
150_938_DF_DCCV_OCCUPATIT1_1,1.0,Occupati  (migliaia) - Classe di età,Employment  (thousands) - Age class,DCCV_OCCUPATIT1,1.0,IT1
150_938_DF_DCCV_OCCUPATIT1_10,1.0,"Occupati  (migliaia) - Ateco 2007 - posizione professionale, tempo pieno/parziale","Employment  (thousands) - Nace 2007 - professional status, full-time/part-time",DCCV_OCCUPATIT1,1.0,IT1
150_938_DF_DCCV_OCCUPATIT1_11,1.0,Occupati  (migliaia) - Ateco 2007 (dettaglio) - posizione professionale,Employment  (thousands) - Nace 2007 (detail) - professional status,DCCV_OCCUPATIT1,1.0,IT1
150_938_DF_DCCV_OCCUPATIT1_12,1.0,Occupati  (migliaia) - Ateco 2007 - profilo professionale,Employment  (thousands) - Nace 2007 - professional status detailed,DCCV_OCCUPATIT1,1.0,IT1
150_938_DF_DCCV_OCCUPATIT1_13,1.0,"Occupati  (migliaia) - Ateco 2007 - dipendenti, carattere occupazione, età","Employment  (thousands) - Nace 2007 - employees, temporary employees, age",DCCV_OCCUPATIT1,1.0,IT1
150_938_DF_DCCV_OCCUPATIT1_14,1.0,Occupati  (migliaia) - Professione (dettaglio),Employment  (thousands) - Occupation (detail),DCCV_OCCUPATIT1,1.0,IT1
150_938_DF_DCCV_OCCUPATIT1_15,1.0,"Occupati  (migliaia) - Professione, cittadinanza","Employment  (thousands) - Occupation, citizenship",DCCV_OCCUPATIT1,1.0,IT1
150_938_DF_DCCV_OCCUPATIT1_16,1.0,Occupati  (migliaia) - Età,Employment  (thousands) - Age,DCCV_OCCUPATIT1,1.0,IT1
150_938_DF_DCCV_OCCUPATIT1_17,1.0,Occupati  (migliaia) - Titolo di studio,Employment  (thousands) - Highest level of education attained,DCCV_OCCUPATIT1,1.0,IT1
150_938_DF_DCCV_OCCUPATIT1_18,1.0,"Occupati  (migliaia)  - Posizione professionale, tempo pieno/parziale","Employment  (thousands) - Professional status, full-time/part-time",DCCV_OCCUPATIT1,1.0,IT1
150_938_DF_DCCV_OCCUPATIT1_19,1.0,Occupati  (migliaia) - Ateco 2007 - posizione professionale - trimestrali,Employment  (thousands) - Nace 2007 - pofessional status - quarterly data,DCCV_OCCUPATIT1,1.0,IT1
150_938_DF_DCCV_OCCUPATIT1_2,1.0,"Occupati  (migliaia) - Titolo di studio, cittadinanza, età","Employment  (thousands) - Highest level of education attained, citizenship, age",DCCV_OCCUPATIT1,1.0,IT1
150_938_DF_DCCV_OCCUPATIT1_20,1.0,Occupati  (migliaia) - Dipendenti - carattere occupazione,Employment  (thousands) - Employees - temporary employees,DCCV_OCCUPATIT1,1.0,IT1
150_938_DF_DCCV_OCCUPATIT1_21,1.0,Occupati  (migliaia) - Sesso,Employment  (thousands) - Gender,DCCV_OCCUPATIT1,1.0,IT1
150_938_DF_DCCV_OCCUPATIT1_22,1.0,Occupati  (migliaia) - Ateco 2007,Employment  (thousands) - Nace 2007,DCCV_OCCUPATIT1,1.0,IT1
150_938_DF_DCCV_OCCUPATIT1_23,1.0,Occupati  (migliaia) - Posizione professionale,Employment  (thousands) - Professional status,DCCV_OCCUPATIT1,1.0,IT1
150_938_DF_DCCV_OCCUPATIT1_24,1.0,Occupati  (migliaia) - Dal I 2004 - età,Employment  (thousands) - Since I 2004 - age,DCCV_OCCUPATIT1,1.0,IT1
150_938_DF_DCCV_OCCUPATIT1_25,1.0,"Occupati  (migliaia) - Dal I 2004 - Ateco, posizione professionale","Employment  (thousands) - Since I 2004 - Nace, professional status",DCCV_OCCUPATIT1,1.0,IT1
150_938_DF_DCCV_OCCUPATIT1_26,1.0,"Occupati  (migliaia) - Dal I 2004 - Ateco, dipendente e carattere occupazione","Employment  (thousands) - Since I 2004 - Nace, employees, temporary employees",DCCV_OCCUPATIT1,1.0,IT1
150_938_DF_DCCV_OCCUPATIT1_3,1.0,Occupati  (migliaia) - Profilo professionale,Employment  (thousands) - Professional status detailed,DCCV_OCCUPATIT1,1.0,IT1
150_938_DF_DCCV_OCCUPATIT1_4,1.0,"Occupati  (migliaia) - Tempo pieno/parziale, posizione professionale, età","Employment  (thousands) - Full-time/part-time, professional status, age",DCCV_OCCUPATIT1,1.0,IT1
150_938_DF_DCCV_OCCUPATIT1_5,1.0,"Occupati  (migliaia) - Tempo pieno/parziale, cittadinanza","Employment  (thousands) - Full-time/part-time, citizenship",DCCV_OCCUPATIT1,1.0,IT1
150_938_DF_DCCV_OCCUPATIT1_6,1.0,"Occupati  (migliaia) - Dipendenti a tempo determinato/indeterminato, tempo pieno/parziale, età","Employment  (thousands) - Employees by temporary employees/permanent employees, full-time/part-time, age",DCCV_OCCUPATIT1,1.0,IT1
150_938_DF_DCCV_OCCUPATIT1_7,1.0,"Occupati  (migliaia) - Dipendenti a tempo determinato/indeterminato, cittadinanza","Employment  (thousands) - Employees by temporary employees/permanent employees, citizenship",DCCV_OCCUPATIT1,1.0,IT1
150_938_DF_DCCV_OCCUPATIT1_8,1.0,"Occupati  (migliaia) - Ateco 2007 - posizione professionale, età","Employment  (thousands) - Nace 2007 - professional status, age",DCCV_OCCUPATIT1,1.0,IT1
150_938_DF_DCCV_OCCUPATIT1_9,1.0,"Occupati  (migliaia) - Ateco 2007 - posizione professionale, cittadinanza","Employment  (thousands) - Nace 2007 - professional status, citizenship",DCCV_OCCUPATIT1,1.0,IT1
151_1176,1.0,Tasso di disoccupazione  - dati mensili- regolamento precedente (fino al 2020),Unemployment rate  - monthly data- previous regulation (until 2020),DCCV_TAXDISOCCUMENS1_UNT2020,1.0,IT1
151_1176_DF_DCCV_TAXDISOCCUMENS1_UNT2020,1.0,Tasso di disoccupazione - dati mensili - regolamento precedente (fino al 2020),Unemployment rate - monthly data - previous regulation (until 2020),DCCV_TAXDISOCCUMENS1_UNT2020,1.0,IT1
151_1177,1.0,Disoccupati  - dati mensili - regolamento precedente (fino al 2020),Unemployed  - monthly data - previous regulation (until 2020),DCCV_DISOCCUPTMENS1_UNT2020,1.0,IT1
151_1177_DF_DCCV_DISOCCUPTMENS1_UNT20201,1.0,"Sesso, età","Gender, age",DCCV_DISOCCUPTMENS1_UNT2020,1.0,IT1
151_1177_DF_DCCV_DISOCCUPTMENS1_UNT20202,1.0,Incidenza dei disoccupati sulla popolazione,Unemployment ratio - monthly data,DCCV_DISOCCUPTMENS1_UNT2020,1.0,IT1
151_1178,1.0,Tasso di disoccupazione - dati trimestrali destagionalizzati  - regolamento precedente (fino al 2020),Unemployment rate - quarterly seasonally adjusted data - previous regulation (until 2020),DCCV_TAXDISOCCUDE1_UNT2020,1.0,IT1
151_1178_DF_DCCV_TAXDISOCCUDE1_UNT2020_1,1.0,"Sesso, età","Gender, age",DCCV_TAXDISOCCUDE1_UNT2020,1.0,IT1
151_1178_DF_DCCV_TAXDISOCCUDE1_UNT2020_2,1.0,Ripartizioni,Geographical areas,DCCV_TAXDISOCCUDE1_UNT2020,1.0,IT1
151_1179,1.0,Disoccupati - dati trimestrali destagionalizzati - regolamento precedente (fino al 2020),Unemployed - quarterly seasonally adjusted data - previous regulation (until 2020),DCCV_DISOCCUPTDE1_UNT2020,1.0,IT1
151_1179_DF_DCCV_DISOCCUPTDE1_UNT2020_1,1.0,"Sesso, età","Gender, age",DCCV_DISOCCUPTDE1_UNT2020,1.0,IT1
151_1179_DF_DCCV_DISOCCUPTDE1_UNT2020_2,1.0,Ripartizioni,Geographical areas,DCCV_DISOCCUPTDE1_UNT2020,1.0,IT1
151_1192,1.0,Disoccupati - regolamento precedente (fino al 2020),Unemployment - previous regulation (until 2020),DCCV_DISOCCUPT1_UNT2020,1.0,IT1
151_1192_DF_DCCV_DISOCCUPT1_UNT2020_1,1.0,"Titolo di studio, età","Highest level of education attained, age",DCCV_DISOCCUPT1_UNT2020,1.0,IT1
151_1192_DF_DCCV_DISOCCUPT1_UNT2020_10,1.0,"Dal IV 1992 - titolo di studio, età","Since IV 1992 - highest level of education attained, age",DCCV_DISOCCUPT1_UNT2020,1.0,IT1
151_1192_DF_DCCV_DISOCCUPT1_UNT2020_11,1.0,Dal IV 1992 - durata della disoccupazione,Since IV 1992 - duration of unemployment,DCCV_DISOCCUPT1_UNT2020,1.0,IT1
151_1192_DF_DCCV_DISOCCUPT1_UNT2020_12,1.0,Dal IV 1992 - dati regionali,Since IV 1992 - regional data,DCCV_DISOCCUPT1_UNT2020,1.0,IT1
151_1192_DF_DCCV_DISOCCUPT1_UNT2020_2,1.0,Cittadinanza,Citizenship,DCCV_DISOCCUPT1_UNT2020,1.0,IT1
151_1192_DF_DCCV_DISOCCUPT1_UNT2020_3,1.0,"Condizione professionale, disoccupazione di lunga durata","Labour status, long term unemployment",DCCV_DISOCCUPT1_UNT2020,1.0,IT1
151_1192_DF_DCCV_DISOCCUPT1_UNT2020_4,1.0,Dati regionali - titolo di studio,Regional data - highest level of education attained,DCCV_DISOCCUPT1_UNT2020,1.0,IT1
151_1192_DF_DCCV_DISOCCUPT1_UNT2020_5,1.0,Dati regionali - condizione professionale,Regional data - labour status,DCCV_DISOCCUPT1_UNT2020,1.0,IT1
151_1192_DF_DCCV_DISOCCUPT1_UNT2020_6,1.0,Dati provinciali,Provincial data,DCCV_DISOCCUPT1_UNT2020,1.0,IT1
151_1192_DF_DCCV_DISOCCUPT1_UNT2020_7,1.0,Dal I 1977 - età,Since I 1977 - age,DCCV_DISOCCUPT1_UNT2020,1.0,IT1
151_1192_DF_DCCV_DISOCCUPT1_UNT2020_8,1.0,Dal I 1977 - titolo di studio,Since I 1977 - highest level of education attained,DCCV_DISOCCUPT1_UNT2020,1.0,IT1
151_1192_DF_DCCV_DISOCCUPT1_UNT2020_9,1.0,Dal IV 1992 - dettaglio età,Since IV 1992 - age detail,DCCV_DISOCCUPT1_UNT2020,1.0,IT1
151_1193,1.0,Tasso di  disoccupazione - regolamento precedente (fino al 2020),Unemployment  rate - previous regulation (until 2020),DCCV_TAXDISOCCU1_UNT2020,1.0,IT1
151_1193_DF_DCCV_TAXDISOCCU1_UNT2020_1,1.0,"Titolo di studio, età","Highest level of education attained, age",DCCV_TAXDISOCCU1_UNT2020,1.0,IT1
151_1193_DF_DCCV_TAXDISOCCU1_UNT2020_10,1.0,Dal IV 1992 - dettaglio età,Since IV 1992 - age detail,DCCV_TAXDISOCCU1_UNT2020,1.0,IT1
151_1193_DF_DCCV_TAXDISOCCU1_UNT2020_11,1.0,"Dal IV 1992 - titolo di studio, età","Since IV 1992 - highest level of education attained, age",DCCV_TAXDISOCCU1_UNT2020,1.0,IT1
151_1193_DF_DCCV_TAXDISOCCU1_UNT2020_12,1.0,"Dal IV 1992 - dati regionali, età","Since IV 1992 - regional data, age",DCCV_TAXDISOCCU1_UNT2020,1.0,IT1
151_1193_DF_DCCV_TAXDISOCCU1_UNT2020_13,1.0,"Dal IV 1992 - dati regionali, durata della disoccupazione","Since IV 1992- regional data, duration of unemployment",DCCV_TAXDISOCCU1_UNT2020,1.0,IT1
151_1193_DF_DCCV_TAXDISOCCU1_UNT2020_2,1.0,"Titolo di studio, cittadinanza","Highest level of education attained, citizenship",DCCV_TAXDISOCCU1_UNT2020,1.0,IT1
151_1193_DF_DCCV_TAXDISOCCU1_UNT2020_3,1.0,Durata della disoccupazione,Duration of unemployment,DCCV_TAXDISOCCU1_UNT2020,1.0,IT1
151_1193_DF_DCCV_TAXDISOCCU1_UNT2020_4,1.0,Dati regionali - età,Regional data - age,DCCV_TAXDISOCCU1_UNT2020,1.0,IT1
151_1193_DF_DCCV_TAXDISOCCU1_UNT2020_5,1.0,Dati regionali - titolo di studio,Regional data - highest level of education attained,DCCV_TAXDISOCCU1_UNT2020,1.0,IT1
151_1193_DF_DCCV_TAXDISOCCU1_UNT2020_6,1.0,Dati regionali - durata della disoccupazione,Regional data - duration of unemployment,DCCV_TAXDISOCCU1_UNT2020,1.0,IT1
151_1193_DF_DCCV_TAXDISOCCU1_UNT2020_7,1.0,Dati provinciali,Provincial data,DCCV_TAXDISOCCU1_UNT2020,1.0,IT1
151_1193_DF_DCCV_TAXDISOCCU1_UNT2020_8,1.0,Dal I 1977 - età,Since I 1977 - age,DCCV_TAXDISOCCU1_UNT2020,1.0,IT1
151_1193_DF_DCCV_TAXDISOCCU1_UNT2020_9,1.0,Dal I 1977 - titolo di studio,Since I 1977 - highest level of education attained,DCCV_TAXDISOCCU1_UNT2020,1.0,IT1
151_874,1.0,Tasso di disoccupazione  - dati mensili,Unemployment rate  - monthly data,DCCV_TAXDISOCCUMENS1,1.0,IT1
151_874_DF_DCCV_TAXDISOCCUMENS1_1,1.0,Tasso di disoccupazione - dati mensili,Unemployment rate - monthly data,DCCV_TAXDISOCCUMENS1,1.0,IT1
151_877,1.0,Disoccupati  - dati mensili,Unemployed  - monthly data,DCCV_DISOCCUPTMENS1,1.0,IT1
151_877_DF_DCCV_DISOCCUPTMENS1_1,1.0,"Sesso, età","Gender, age",DCCV_DISOCCUPTMENS1,1.0,IT1
151_877_DF_DCCV_DISOCCUPTMENS1_2,1.0,Incidenza dei disoccupati sulla popolazione,Unemployment ratio - monthly data,DCCV_DISOCCUPTMENS1,1.0,IT1
151_884,1.0,Tasso di disoccupazione - dati trimestrali destagionalizzati,Unemployment rate - quarterly seasonally adjusted data,DCCV_TAXDISOCCUDE1,1.0,IT1
151_884_DF_DCCV_TAXDISOCCUDE1_1,1.0,"Sesso, età","Gender, age",DCCV_TAXDISOCCUDE1,1.0,IT1
151_884_DF_DCCV_TAXDISOCCUDE1_2,1.0,Ripartizioni,Geographical areas,DCCV_TAXDISOCCUDE1,1.0,IT1
151_885,1.0,Disoccupati - dati trimestrali destagionalizzati,Unemployed - quarterly seasonally adjusted data,DCCV_DISOCCUPTDE1,1.0,IT1
151_885_DF_DCCV_DISOCCUPTDE1_1,1.0,"Sesso, età","Gender, age",DCCV_DISOCCUPTDE1,1.0,IT1
151_885_DF_DCCV_DISOCCUPTDE1_2,1.0,Ripartizioni,Geographical areas,DCCV_DISOCCUPTDE1,1.0,IT1
151_914,1.0,Tasso di  disoccupazione,Unemployment  rate,DCCV_TAXDISOCCU1,1.0,IT1
151_914_DF_DCCV_TAXDISOCCU1_1,1.0,Classe di età,Age class,DCCV_TAXDISOCCU1,1.0,IT1
151_914_DF_DCCV_TAXDISOCCU1_2,1.0,"Titolo di studio, età","Highest level of education attained, age",DCCV_TAXDISOCCU1,1.0,IT1
151_914_DF_DCCV_TAXDISOCCU1_3,1.0,"Titolo di studio, cittadinanza","Highest level of education attained, citizenship",DCCV_TAXDISOCCU1,1.0,IT1
151_914_DF_DCCV_TAXDISOCCU1_4,1.0,Durata della disoccupazione,Duration of unemployment,DCCV_TAXDISOCCU1,1.0,IT1
151_914_DF_DCCV_TAXDISOCCU1_5,1.0,Dati regionali - età,Regional data - age,DCCV_TAXDISOCCU1,1.0,IT1
151_914_DF_DCCV_TAXDISOCCU1_6,1.0,Dati regionali - titolo di studio,Regional data - highest level of education attained,DCCV_TAXDISOCCU1,1.0,IT1
151_914_DF_DCCV_TAXDISOCCU1_7,1.0,Dati regionali - durata della disoccupazione,Regional data - duration of unemployment,DCCV_TAXDISOCCU1,1.0,IT1
151_914_DF_DCCV_TAXDISOCCU1_8,1.0,Dati provinciali,Provincial data,DCCV_TAXDISOCCU1,1.0,IT1
151_914_DF_DCCV_TAXDISOCCU1_9,1.0,Dal I 2004 - età,Since I 2004 - age,DCCV_TAXDISOCCU1,1.0,IT1
151_914_DF_DCCV_TAXDISOCCU1_YOUTH_1,1.0,Giovani - Tasso di disoccupazione - Dati annuali e trimestrali,Youth - Unemployment rate - annual and quarterly data,DCCV_TAXDISOCCU1,1.0,IT1
151_929,1.0,Disoccupati,Unemployment,DCCV_DISOCCUPT1,1.0,IT1
151_929_DF_DCCV_DISOCCUPT1_1,1.0,Classe di età,Age class,DCCV_DISOCCUPT1,1.0,IT1
151_929_DF_DCCV_DISOCCUPT1_2,1.0,"Titolo di studio, età","Highest level of education attained, age",DCCV_DISOCCUPT1,1.0,IT1
151_929_DF_DCCV_DISOCCUPT1_3,1.0,Cittadinanza,Citizenship,DCCV_DISOCCUPT1,1.0,IT1
151_929_DF_DCCV_DISOCCUPT1_4,1.0,"Condizione professionale, disoccupazione di lunga durata","Labour status, long term unemployment",DCCV_DISOCCUPT1,1.0,IT1
151_929_DF_DCCV_DISOCCUPT1_5,1.0,Dati regionali - titolo di studio,Regional data - highest level of education attained,DCCV_DISOCCUPT1,1.0,IT1
151_929_DF_DCCV_DISOCCUPT1_6,1.0,Dati regionali - condizione professionale,Regional data - labour status,DCCV_DISOCCUPT1,1.0,IT1
151_929_DF_DCCV_DISOCCUPT1_7,1.0,Dati provinciali,Provincial data,DCCV_DISOCCUPT1,1.0,IT1
151_929_DF_DCCV_DISOCCUPT1_8,1.0,Dal I 2004 - età,Since I 2004 - age,DCCV_DISOCCUPT1,1.0,IT1
152,1.0,Inattivi,Inactive  population,DCCV_INATTIV1,1.0,IT1
152_1180,1.0,Tasso di inattività  - dati mensili- regolamento precedente (fino al 2020),Inactivity rate  - monthly data- previous regulation (until 2020),DCCV_TAXINATTMENS1_UNT2020,1.0,IT1
152_1180_DF_DCCV_TAXINATTMENS1_UNT2020_1,1.0,Tasso di inattività - dati mensili - regolamento precedente (fino al 2020),Inactivity rate - monthly data - previous regulation (until 2020),DCCV_TAXINATTMENS1_UNT2020,1.0,IT1
152_1181,1.0,Inattivi  - dati mensili- regolamento precedente (fino al 2020),Inactive population  - monthly data- previous regulation (until 2020),DCCV_INATTIVMENS1_UNT2020,1.0,IT1
152_1181_DF_DCCV_INATTIVMENS1_UNT2020_1,1.0,Inattivi - dati mensili - regolamento precedente (fino al 2020),Inactive population - monthly data- previous regulation (until 2020),DCCV_INATTIVMENS1_UNT2020,1.0,IT1
152_1182,1.0,Tasso di inattività - dati trimestrali destagionalizzati- regolamento precedente (fino al 2020),Inactivity rate - quarterly seasonally adjusted data- previous regulation (until 2020),DCCV_TAXINATTDE1_UNT2020,1.0,IT1
152_1182_DF_DCCV_TAXINATTDE1_UNT2020_1,1.0,"Sesso, età","Gender, age",DCCV_TAXINATTDE1_UNT2020,1.0,IT1
152_1182_DF_DCCV_TAXINATTDE1_UNT2020_2,1.0,Ripartizioni,Geographical areas,DCCV_TAXINATTDE1_UNT2020,1.0,IT1
152_1183,1.0,Inattivi - dati trimestrali destagionalizzati- regolamento precedente (fino al 2020),Inactive population - quarterly seasonally adjusted data- previous regulation (until 2020),DCCV_INATTIVDE1_UNT2020,1.0,IT1
152_1183_DF_DCCV_INATTIVDE1_UNT2020_1,1.0,"Sesso, età","Gender, age",DCCV_INATTIVDE1_UNT2020,1.0,IT1
152_1183_DF_DCCV_INATTIVDE1_UNT2020_2,1.0,Ripartizioni,Geographical areas,DCCV_INATTIVDE1_UNT2020,1.0,IT1
152_1185,1.0,Inattivi- regolamento precedente (fino al 2020),Inactive  population- previous regulation (until 2020),DCCV_INATTIV1_UNT2020,1.0,IT1
152_1185_DF_DCCV_INATTIV1_UNT2020_1,1.0,"Titolo di studio, età","Highest level of education attained, age",DCCV_INATTIV1_UNT2020,1.0,IT1
152_1185_DF_DCCV_INATTIV1_UNT2020_10,1.0,Dal I 1977 - età,Since I 1977 - age,DCCV_INATTIV1_UNT2020,1.0,IT1
152_1185_DF_DCCV_INATTIV1_UNT2020_11,1.0,Dal I 1977 - titolo di studio,Since I 1977 - highest level of education attained,DCCV_INATTIV1_UNT2020,1.0,IT1
152_1185_DF_DCCV_INATTIV1_UNT2020_12,1.0,Dal IV 1992 - dettaglio età,Since IV 1992 - age detail,DCCV_INATTIV1_UNT2020,1.0,IT1
152_1185_DF_DCCV_INATTIV1_UNT2020_13,1.0,"Dal IV 1992 - titolo di studio, età","Since IV 1992 - highest level of education attained, age",DCCV_INATTIV1_UNT2020,1.0,IT1
152_1185_DF_DCCV_INATTIV1_UNT2020_14,1.0,Dal IV 1992 - dati regionali,Since IV 1992 - regional data,DCCV_INATTIV1_UNT2020,1.0,IT1
152_1185_DF_DCCV_INATTIV1_UNT2020_2,1.0,"Titolo di studio, cittadinanza","Highest level of education attained, citizenship",DCCV_INATTIV1_UNT2020,1.0,IT1
152_1185_DF_DCCV_INATTIV1_UNT2020_3,1.0,Condizione professionale,"Labour status, gender",DCCV_INATTIV1_UNT2020,1.0,IT1
152_1185_DF_DCCV_INATTIV1_UNT2020_4,1.0,Motivo inattività,Inactivity reasons,DCCV_INATTIV1_UNT2020,1.0,IT1
152_1185_DF_DCCV_INATTIV1_UNT2020_5,1.0,Condizione dichiarata,Main status,DCCV_INATTIV1_UNT2020,1.0,IT1
152_1185_DF_DCCV_INATTIV1_UNT2020_6,1.0,Dati regionali - età,Regional data - age,DCCV_INATTIV1_UNT2020,1.0,IT1
152_1185_DF_DCCV_INATTIV1_UNT2020_7,1.0,Dati regionali - titolo di studio,Regional data - highest level of education attained,DCCV_INATTIV1_UNT2020,1.0,IT1
152_1185_DF_DCCV_INATTIV1_UNT2020_8,1.0,Dati regionali - condizione professionale,Regional data - labour status,DCCV_INATTIV1_UNT2020,1.0,IT1
152_1185_DF_DCCV_INATTIV1_UNT2020_9,1.0,Dati provinciali,Provincial data,DCCV_INATTIV1_UNT2020,1.0,IT1
152_1196,1.0,Tasso di  inattività- regolamento precedente (fino al 2020),Inactivity  rate- previous regulation (until 2020),DCCV_TAXINATT1_UNT2020,1.0,IT1
152_1196_DF_DCCV_TAXINATT1_UNT2020_1,1.0,"Titolo di studio, età","Highest level of education attained, age",DCCV_TAXINATT1_UNT2020,1.0,IT1
152_1196_DF_DCCV_TAXINATT1_UNT2020_2,1.0,"Titolo di studio, cittadinanza","Highest level of education attained, citizenship",DCCV_TAXINATT1_UNT2020,1.0,IT1
152_1196_DF_DCCV_TAXINATT1_UNT2020_3,1.0,Dati regionali,Regional data,DCCV_TAXINATT1_UNT2020,1.0,IT1
152_1196_DF_DCCV_TAXINATT1_UNT2020_4,1.0,Dati provinciali,Provincial data,DCCV_TAXINATT1_UNT2020,1.0,IT1
152_1196_DF_DCCV_TAXINATT1_UNT2020_5,1.0,Dal I 1977 - età,Since I 1977 - age,DCCV_TAXINATT1_UNT2020,1.0,IT1
152_1196_DF_DCCV_TAXINATT1_UNT2020_6,1.0,Dal I 1977 - titolo di studio,Since I 1977 - highest level of education attained,DCCV_TAXINATT1_UNT2020,1.0,IT1
152_1196_DF_DCCV_TAXINATT1_UNT2020_7,1.0,Dal IV 1992 - dettaglio età,Since IV 1992 - age detail,DCCV_TAXINATT1_UNT2020,1.0,IT1
152_1196_DF_DCCV_TAXINATT1_UNT2020_8,1.0,"Dal IV 1992 - titolo di studio, età","Since IV 1992 - highest level of education attained, age",DCCV_TAXINATT1_UNT2020,1.0,IT1
152_1196_DF_DCCV_TAXINATT1_UNT2020_9,1.0,Dal IV 1992 - dati regionali,Since IV 1992 - regional data,DCCV_TAXINATT1_UNT2020,1.0,IT1
152_878,1.0,Tasso di inattività  - dati mensili,Inactivity rate  - monthly data,DCCV_TAXINATTMENS1,1.0,IT1
152_878_DF_DCCV_TAXINATTMENS1_1,1.0,Tasso di inattività - dati mensili,Inactivity rate - monthly data,DCCV_TAXINATTMENS1,1.0,IT1
152_879,1.0,Inattivi  - dati mensili,Inactive population  - monthly data,DCCV_INATTIVMENS1,1.0,IT1
152_879_DF_DCCV_INATTIVMENS1_1,1.0,Inattivi - dati mensili,Inactive population - monthly data,DCCV_INATTIVMENS1,1.0,IT1
152_886,1.0,Tasso di inattività - dati trimestrali destagionalizzati,Inactivity rate - quarterly seasonally adjusted data,DCCV_TAXINATTDE1,1.0,IT1
152_886_DF_DCCV_TAXINATTDE1_1,1.0,"Sesso, età","Gender, age",DCCV_TAXINATTDE1,1.0,IT1
152_886_DF_DCCV_TAXINATTDE1_2,1.0,Ripartizioni,Geographical areas,DCCV_TAXINATTDE1,1.0,IT1
152_887,1.0,Inattivi - dati trimestrali destagionalizzati,Inactive population - quarterly seasonally adjusted data,DCCV_INATTIVDE1,1.0,IT1
152_887_DF_DCCV_INATTIVDE1_1,1.0,"Sesso, età","Gender, age",DCCV_INATTIVDE1,1.0,IT1
152_887_DF_DCCV_INATTIVDE1_2,1.0,Ripartizioni,Geographical areas,DCCV_INATTIVDE1,1.0,IT1
152_913,1.0,Tasso di  inattività,Inactivity  rate,DCCV_TAXINATT1,1.0,IT1
152_913_DF_DCCV_TAXINATT1_1,1.0,Classe di età,Age class,DCCV_TAXINATT1,1.0,IT1
152_913_DF_DCCV_TAXINATT1_2,1.0,"Titolo di studio, età","Highest level of education attained, age",DCCV_TAXINATT1,1.0,IT1
152_913_DF_DCCV_TAXINATT1_3,1.0,"Titolo di studio, cittadinanza","Highest level of education attained, citizenship",DCCV_TAXINATT1,1.0,IT1
152_913_DF_DCCV_TAXINATT1_4,1.0,Dati regionali,Regional data,DCCV_TAXINATT1,1.0,IT1
152_913_DF_DCCV_TAXINATT1_5,1.0,Dati provinciali,Provincial data,DCCV_TAXINATT1,1.0,IT1
152_913_DF_DCCV_TAXINATT1_6,1.0,Dal I 2004 - età,Since I 2004 - age,DCCV_TAXINATT1,1.0,IT1
152_913_DF_DCCV_TAXINATT1_YOUTH_1,1.0,Giovani - Tasso di inattività - Dati annuali e trimestrali,Youth - Inactivity rate - annual and quarterly data,DCCV_TAXINATT1,1.0,IT1
152_928,1.0,Inattivi,Inactive  population,DCCV_INATTIV1,1.0,IT1
152_928_DF_DCCV_INATTIV1_1,1.0,Classe di età,Age class,DCCV_INATTIV1,1.0,IT1
152_928_DF_DCCV_INATTIV1_10,1.0,Dati provinciali,Provincial data,DCCV_INATTIV1,1.0,IT1
152_928_DF_DCCV_INATTIV1_11,1.0,Dal I 2004 - età,Since I 2004 - age,DCCV_INATTIV1,1.0,IT1
152_928_DF_DCCV_INATTIV1_2,1.0,"Titolo di studio, età","Highest level of education attained, age",DCCV_INATTIV1,1.0,IT1
152_928_DF_DCCV_INATTIV1_3,1.0,"Cittadinanza, età","Citizenship, age",DCCV_INATTIV1,1.0,IT1
152_928_DF_DCCV_INATTIV1_4,1.0,Condizione professionale,"Labour status, gender",DCCV_INATTIV1,1.0,IT1
152_928_DF_DCCV_INATTIV1_5,1.0,Motivo inattività,Inactivity reasons,DCCV_INATTIV1,1.0,IT1
152_928_DF_DCCV_INATTIV1_6,1.0,Condizione dichiarata,Main status,DCCV_INATTIV1,1.0,IT1
152_928_DF_DCCV_INATTIV1_7,1.0,Dati regionali - età,Regional data - age,DCCV_INATTIV1,1.0,IT1
152_928_DF_DCCV_INATTIV1_8,1.0,Dati regionali - titolo di studio,Regional data - highest level of education attained,DCCV_INATTIV1,1.0,IT1
152_928_DF_DCCV_INATTIV1_9,1.0,Dati regionali - condizione professionale,Regional data - labour status,DCCV_INATTIV1,1.0,IT1
154_373,1.0,Indicatori - Imprese con dipendenti,Indicators - Enterprises with employee,DCSC_COSTLAVULAOROS_1,1.0,IT1
154_373_DF_DCSC_COSTLAVULAOROS_1_1,1.0,Costo del lavoro per Ula (base 2015),Labour cost per full time equivalent unit (base 2015),DCSC_COSTLAVULAOROS_1,1.0,IT1
154_373_DF_DCSC_COSTLAVULAOROS_1_2,1.0,Costo del lavoro per Ula (base 2010),Labour cost per full time equivalent unit (base 2010),DCSC_COSTLAVULAOROS_1,1.0,IT1
154_373_DF_DCSC_COSTLAVULAOROS_1_3,1.0,Costo del lavoro per Ula (base 2005),Labour cost per full time equivalent unit (base 2005),DCSC_COSTLAVULAOROS_1,1.0,IT1
154_373_DF_DCSC_COSTLAVULAOROS_1_7,1.0,Costo del lavoro per Ula (base 2021),Labour cost per full time equivalent unit (base 2021),DCSC_COSTLAVULAOROS_1,1.0,IT1
154_373_DF_DCSC_COSTLAVULAOROS_1_8,1.0,Contributi sociali per Ula (base 2021),Social contributions per full time equivalent unit (base 2021),DCSC_COSTLAVULAOROS_1,1.0,IT1
155_274,1.0,Retribuzioni contrattuali nella Pubblica amministrazione,Wages according to collective labour agreements in Public administration,DCSC_RETRCASSCOMPPA,1.0,IT1
155_274_DF_DCSC_RETRCASSCOMPPA_1,1.0,Retribuzioni contrattuali nella PA (base 2015),Wages according to collective labour agreements in Public administration (base 2015),DCSC_RETRCASSCOMPPA,1.0,IT1
155_274_DF_DCSC_RETRCASSCOMPPA_2,1.0,Retribuzioni nella PA (base 2010),Wages in Public administration (base 2010),DCSC_RETRCASSCOMPPA,1.0,IT1
155_274_DF_DCSC_RETRCASSCOMPPA_3,1.0,Retribuzioni nella PA (base 2005),Wages in Public administration (base 2005),DCSC_RETRCASSCOMPPA,1.0,IT1
155_274_DF_DCSC_RETRCASSCOMPPA_4,1.0,Retribuzioni contrattuali nella PA (base 2021),Wages according to collective labour agreements in Public administration (base 2021),DCSC_RETRCASSCOMPPA,1.0,IT1
155_318,1.0,Retribuzioni contrattuali per tipo di contratto,Wages according to collective labour agreements by agreement,DCSC_RETRCONTR1C,1.0,IT1
155_318_DF_DCSC_RETRCONTR1C_1,1.0,Retribuzioni contrattuali (base 2015),Wages according to collective labour agreements (base 2015),DCSC_RETRCONTR1C,1.0,IT1
155_318_DF_DCSC_RETRCONTR1C_2,1.0,Retribuzioni contrattuali (base 2010),Wages according to collective labour agreements (base 2010),DCSC_RETRCONTR1C,1.0,IT1
155_318_DF_DCSC_RETRCONTR1C_3,1.0,Retribuzioni contrattuali (base 2005),Wages according to collective labour agreements (base 2005),DCSC_RETRCONTR1C,1.0,IT1
155_318_DF_DCSC_RETRCONTR1C_4,1.0,Retribuzioni contrattuali (base 2021),Wages according to collective labour agreements (base 2021),DCSC_RETRCONTR1C,1.0,IT1
155_358,1.0,Retribuzioni contrattuali per settore economico (Ateco),Wages according to collective labour agreements by economic sector (Nace rev.2),DCSC_RETRATECO1,1.0,IT1
155_358_DF_DCSC_RETRATECO1_1,1.0,Retribuzione oraria e per dipendente (base 2015),Hourly wages and wages per employee (base 2015),DCSC_RETRATECO1,1.0,IT1
155_358_DF_DCSC_RETRATECO1_2,1.0,Retribuzione di cassa per dipendente (base 2015),Cash wages per employee (base 2015),DCSC_RETRATECO1,1.0,IT1
155_358_DF_DCSC_RETRATECO1_3,1.0,Retribuzione oraria e per dipendente (base 2010),Hourly wages and wages per employee (base 2010),DCSC_RETRATECO1,1.0,IT1
155_358_DF_DCSC_RETRATECO1_4,1.0,Retribuzione di cassa per dipendente (base 2010),Cash wages per employee (base 2010),DCSC_RETRATECO1,1.0,IT1
155_358_DF_DCSC_RETRATECO1_5,1.0,Retribuzione oraria e per dipendente (base 2005),Hourly wages and wages per employee (base 2005),DCSC_RETRATECO1,1.0,IT1
155_358_DF_DCSC_RETRATECO1_6,1.0,Retribuzione di cassa per dipendente (base 2005),Cash wages per employee (base 2005),DCSC_RETRATECO1,1.0,IT1
155_358_DF_DCSC_RETRATECO1_7,1.0,Retribuzione oraria e per dipendente (base 2021),Hourly wages and wages per employee (base 2021),DCSC_RETRATECO1,1.0,IT1
155_358_DF_DCSC_RETRATECO1_8,1.0,Retribuzione di cassa per dipendente (base 2021),Cash wages per employee (base 2021),DCSC_RETRATECO1,1.0,IT1
155_374,1.0,Retribuzioni lorde - Imprese con dipendenti,Gross earnings - Enterprises with employees,DCSC_RETRULAOROS_1,1.0,IT1
155_374_DF_DCSC_RETRULAOROS_1_1,1.0,Retribuzioni per Ula (base 2015),Gross earnings per full time equivalent unit (base 2015),DCSC_RETRULAOROS_1,1.0,IT1
155_374_DF_DCSC_RETRULAOROS_1_2,1.0,Retribuzioni per Ula (base 2010),Gross earnings per full time equivalent unit (base 2010),DCSC_RETRULAOROS_1,1.0,IT1
155_374_DF_DCSC_RETRULAOROS_1_3,1.0,Retribuzioni per Ula (base 2005),Gross earnings per full time equivalent unit (base 2005),DCSC_RETRULAOROS_1,1.0,IT1
155_374_DF_DCSC_RETRULAOROS_1_4,1.0,Retribuzioni per Ula (base 2021),Gross earnings per full time equivalent unit (base 2021),DCSC_RETRULAOROS_1,1.0,IT1
158_149,1.0,Scuola dell'infanzia,Pre-primary school,DCIS_INFANZIA,1.0,IT1
158_149_DF_DCIS_INFANZIA_1,1.0,"Scuole, classi e bambini","Schools, classes and children",DCIS_INFANZIA,1.0,IT1
158_149_DF_DCIS_INFANZIA_2,1.0,Insegnanti delle scuole statali,State schools teachers,DCIS_INFANZIA,1.0,IT1
158_150,1.0,Scuola primaria,Primary school,DCIS_PRIMARIA,1.0,IT1
158_150_DF_DCIS_PRIMARIA_1,1.0,"Scuole, classi e alunni","Schools, classes and pupils",DCIS_PRIMARIA,1.0,IT1
158_150_DF_DCIS_PRIMARIA_2,1.0,Insegnanti delle scuole statali,State schools teachers,DCIS_PRIMARIA,1.0,IT1
158_151,1.0,Scuola secondaria di primo grado,Lower secondary school,DICIS_SCUOLSEC1,1.0,IT1
158_151_DF_DICIS_SCUOLSEC1_1,1.0,"Scuole, classi e alunni","Schools, classes and pupils",DICIS_SCUOLSEC1,1.0,IT1
158_151_DF_DICIS_SCUOLSEC1_2,1.0,Insegnanti delle scuole statali,State schools teachers,DICIS_SCUOLSEC1,1.0,IT1
158_260,1.0,Scuola secondaria di secondo grado,Upper secondary school,DCIS_SCUOLESECOND2,1.0,IT1
158_260_DF_DCIS_SCUOLESECOND2_1,1.0,"Scuole, classi e studenti","Schools, classes and students",DCIS_SCUOLESECOND2,1.0,IT1
158_260_DF_DCIS_SCUOLESECOND2_2,1.0,Insegnanti delle scuole statali,State schools teachers,DCIS_SCUOLESECOND2,1.0,IT1
159_17,1.0,Alunni con disabilità,Disabled pupils,DCIS_ALUNNIDIS,1.0,IT1
159_17_DF_DCIS_ALUNNIDIS_1,1.0,Alunni con disabilità,Disabled pupils,DCIS_ALUNNIDIS,1.0,IT1
159_18,1.0,Scuole con alunni con disabilità e figure per l'integrazione,Schools with pupils with disabilities and figures for integration,DCIS_SCUOLEDIS,1.0,IT1
159_18_DF_DCIS_SCUOLEDIS_1,1.0,Scuole con alunni con disabilità e figure per l'integrazione,Schools with pupils with disabilities and figures for integration,DCIS_SCUOLEDIS,1.0,IT1
159_19,1.0,Scuole con alunni con sordità e presenza comunicatori,Schools with pupils with deafness and presence of communicators,DCIS_SCUOLESORDI,1.0,IT1
159_19_DF_DCIS_SCUOLESORDI_1,1.0,Scuole con alunni con sordità e presenza comunicatori,Schools with pupils with deafness and presence of communicators,DCIS_SCUOLESORDI,1.0,IT1
160_233,1.0,Enti previdenziali - numero di dipendenti,Social security funds - number of employees,DCAR_ENTPREVDIP,1.0,IT1
160_233_DF_DCAR_ENTPREVDIP_1,1.0,Enti previdenziali - numero di dipendenti,Social security funds - number of employees,DCAR_ENTPREVDIP,1.0,IT1
160_234,1.0,Enti previdenziali - spese (migliaia di euro),Social security funds - expenditures (thousands of euro),DCAR_ENTPREVSPE,1.0,IT1
160_234_DF_DCAR_ENTPREVSPE_1,1.0,Enti previdenziali - spese (migliaia di euro),Social security funds - expenditures (thousands of euro),DCAR_ENTPREVSPE,1.0,IT1
160_235,1.0,Enti previdenziali - entrate (migliaia di euro),Social security funds - revenue (thousands of euro),DCAR_ENTPREVENT,1.0,IT1
160_235_DF_DCAR_ENTPREVENT_1,1.0,Enti previdenziali - entrate (migliaia di euro),Social security funds - revenue (thousands of euro),DCAR_ENTPREVENT,1.0,IT1
160_753,1.0,Enti nazionali di previdenza e assistenza sociale S13 - numero di dipendenti,Social security funds  S13 - number of employees,DCAR_ENTPREVDIP_PA,1.0,IT1
160_753_DF_DCAR_ENTPREVDIP_PA_1,1.0,Enti nazionali di previdenza e assistenza sociale S13 - numero di dipendenti,Social security funds S13 - number of employees,DCAR_ENTPREVDIP_PA,1.0,IT1
160_754,1.0,Enti nazionali di previdenza e assistenza sociale S13 - entrate (migliaia di euro),Social security funds S13 - revenue (thousands of euro),DCAR_ENTPREVENT_PA,1.0,IT1
160_754_DF_DCAR_ENTPREVENT_PA_1,1.0,Enti nazionali di previdenza e assistenza sociale S13 - entrate (migliaia di euro),Social security funds S13 - revenue (thousands of euro),DCAR_ENTPREVENT_PA,1.0,IT1
160_755,1.0,Enti nazionali di previdenza e assistenza sociale S13 - spese (migliaia di euro),Social security funds S13 - expenditures (thousands of euro),DCAR_ENTPREVSPE_PA,1.0,IT1
160_755_DF_DCAR_ENTPREVSPE_PA_1,1.0,Enti nazionali di previdenza e assistenza sociale S13 - spese (migliaia di euro),Social security funds S13 - expenditures (thousands of euro),DCAR_ENTPREVSPE_PA,1.0,IT1
161_267,1.0,Risultati economici delle imprese,Enterprises economic indicators,DCSP_SBSNAZ,1.0,IT1
161_267_DF_DCSP_SBSNAZ_1,1.0,Risultati economici delle imprese - Principali dati,Enterprises economic indicators - Key data,DCSP_SBSNAZ,1.0,IT1
161_267_DF_DCSP_SBSNAZ_10,1.0,Fatturato,Turnover,DCSP_SBSNAZ,1.0,IT1
161_267_DF_DCSP_SBSNAZ_11,1.0,Costo del lavoro,Labour cost,DCSP_SBSNAZ,1.0,IT1
161_267_DF_DCSP_SBSNAZ_12,1.0,Margine operativo lordo,Gross operating surplus,DCSP_SBSNAZ,1.0,IT1
161_267_DF_DCSP_SBSNAZ_13,1.0,Competitività di costo,Wage adjusted labour productivity,DCSP_SBSNAZ,1.0,IT1
161_267_DF_DCSP_SBSNAZ_14,1.0,Numero di addetti e dipendenti,Persons employed and employees,DCSP_SBSNAZ,1.0,IT1
161_267_DF_DCSP_SBSNAZ_2,1.0,Tutti i settori economici (Ateco 4 cifre),All the economic activities (Nace 4 digit),DCSP_SBSNAZ,1.0,IT1
161_267_DF_DCSP_SBSNAZ_3,1.0,Tutti i settori economici (Ateco 4 cifre) e classe di addetti,All the economic activities (Nace 4 digit) and class of persons employed,DCSP_SBSNAZ,1.0,IT1
161_267_DF_DCSP_SBSNAZ_4,1.0,Industria (Ateco 3 cifre) e classe di addetti,Industry (Nace 3 digit) and size class of persons employed,DCSP_SBSNAZ,1.0,IT1
161_267_DF_DCSP_SBSNAZ_5,1.0,Commercio e servizi (Ateco 3 cifre) e classe di addetti,Trade and services (Nace 3 digit) and class of persons employed,DCSP_SBSNAZ,1.0,IT1
161_267_DF_DCSP_SBSNAZ_6,1.0,Commercio (Ateco 2 cifre) e classe di fatturato,Trade (Nace 2 digit) and size class of turnover,DCSP_SBSNAZ,1.0,IT1
161_267_DF_DCSP_SBSNAZ_7,1.0,Investimenti per la tutela dell'ambiente,Environmental protection expenditure,DCSP_SBSNAZ,1.0,IT1
161_267_DF_DCSP_SBSNAZ_8,1.0,Principali indicatori di performance,Main performance indicators,DCSP_SBSNAZ,1.0,IT1
161_267_DF_DCSP_SBSNAZ_9,1.0,Valore aggiunto,Gross value added,DCSP_SBSNAZ,1.0,IT1
161_268,1.0,Risultati economici delle imprese - reg.,Enterprises economic indicators - reg.,DCSP_SBSREG,1.0,IT1
161_268_DF_DCSP_SBSREG_1,1.0,Risultati economici delle imprese - reg.,Enterprises economic indicators - reg.,DCSP_SBSREG,1.0,IT1
162_1058,1.0,Sequenza dei conti trimestrali per settore istituzionale - Conti versione 2014,Sequence of quarterly accounts by institutional sector - Accounts in the 2014 version,DCCN_ISTITUZ_QNA_B14,1.0,IT1
162_1058_DF_DCCN_ISTITUZ_QNA_B14_1,1.0,Sequenza dei conti - edizioni ottobre 2014 - giugno 2019,Sequence of accounts - editions from October 2014 to June 2019,DCCN_ISTITUZ_QNA_B141726,1.0,IT1
162_1058_DF_DCCN_ISTITUZ_QNA_B14_2,1.0,Indicatori su famiglie e società non finanziarie - edizioni ottobre 2016 - giugno 2019,Key indicators on households and non-financial corporations - editions from October 2016 to June 2019,DCCN_ISTITUZ_QNA_B14596388,1.0,IT1
162_1058_DF_DCCN_ISTITUZ_QNA_B14_3,1.0,Aggregati destagionalizzati - edizioni ottobre 2018 - giugno 2019,Seasonal adjusted aggregates - editions from October 2018 to June 2019,DCCN_ISTITUZ_QNA_B14532383,1.0,IT1
162_1064,1.0,Sequenza  dei conti trimestrali per settore istituzionale,Sequence of quarterly accounts by institutional sector,DCCN_ISTITUZ_QNA1,1.0,IT1
162_1064_DF_DCCN_ISTITUZ_QNA1_1,1.0,Sequenza dei conti,Sequence of accounts,DCCN_ISTITUZ_QNA1,1.0,IT1
162_1064_DF_DCCN_ISTITUZ_QNA1_2,1.0,Indicatori su famiglie e società non finanziarie,Key indicators on consumer households and non-financial corporations,DCCN_ISTITUZ_QNA1,1.0,IT1
162_1064_DF_DCCN_ISTITUZ_QNA1_3,1.0,Aggregati destagionalizzati,Seasonal adjusted aggregates,DCCN_ISTITUZ_QNA1,1.0,IT1
162_633,1.0,Sequenza dei conti trimestrali per settore istituzionale,Sequence of quarterly accounts by institutional sector,DCCN_ISTITUZ_QNA,1.0,IT1
163_1226,1.0,Principali aggregati trimestrali di Contabilità Nazionale,National Accounts quarterly main aggregates,DCCN_QNA1,1.0,IT1
163_1226_DF_DCCN_QNA1_1,1.0,Valore aggiunto per branca di attività,Value added by industry,DCCN_QNA1,1.0,IT1
163_1226_DF_DCCN_QNA1_2,1.0,Investimenti fissi lordi per tipo di investimento,Gross fixed capital formation by asset,DCCN_QNA1,1.0,IT1
163_1226_DF_DCCN_QNA1_3,1.0,Spesa per i consumi finali delle famiglie,Final consumption expenditure of households,DCCN_QNA1,1.0,IT1
163_1226_DF_DCCN_QNA1_4,1.0,Spesa per consumi finali delle famiglie per voce di spesa (Coicop 2018 2 cifre) e durata,Final consumption expenditure of households by expenditure item (Coicop 2018 2 digit) and durability,DCCN_QNA1,1.0,IT1
163_1226_DF_DCCN_QNA1_5,1.0,Redditi da lavoro dipendente e componenti per branca di attività,Compensation of employees and its components by industry,DCCN_QNA1,1.0,IT1
163_1226_DF_DCCN_QNA1_6,1.0,Costi e margini per branca di attività,Costs and margins by industry,DCCN_QNA1,1.0,IT1
163_144,1.0,Aggregati dei conti per branca di attività (NACE Rev.1.1) - edizione settembre 2011,Accounts aggregates by industry (NACE Rev.1.1) - edition September 2011,DCCN_AGGREGBRANCAQ,1.0,IT1
163_156,1.0,Conto economico delle risorse e degli impieghi  e contributi alla crescita del Pil,"Gross domestic product, expenditure components and contribution to GDP growth",DCCN_SQCQ,1.0,IT1
163_156_DF_DCCN_SQCQ_1,1.0,Conto economico delle risorse e degli impieghi,Gross domestic product and expenditure components,DCCN_SQCQ,1.0,IT1
163_156_DF_DCCN_SQCQ_2,1.0,Contributi alla crescita del PIL,Contributions to GDP growth,DCCN_SQCQ,1.0,IT1
163_156_DF_DCCN_SQCQ_3,1.0,Prodotto interno lordo e variazioni (stima preliminare),Gross domestic product and growth rates (preliminary estimate),DCCN_SQCQ,1.0,IT1
163_184,1.0,Prodotto interno lordo e  principali componenti,Gross Domestic Product  and main components,DCCN_PILQ,1.0,IT1
163_184_DF_DCCN_PILQ_1,1.0,Prodotto interno lordo e principali componenti,Gross Domestic Product and main components,DCCN_PILQ,1.0,IT1
163_24,1.0,Principali aggregati trimestrali di Contabilità Nazionale - edizioni ottobre 2019 - settembre 2024,National Accounts quarterly main aggregates - editions from October 2019 to September 2024,DCCN_QNA,1.0,IT1
163_241,1.0,Spesa per consumi finali delle famiglie - edizioni fino ad agosto 2014,Final consumption expenditure of households - editions until August 2014,DCCN_CONSFAMQ,1.0,IT1
163_246,1.0,Costi e margini per branca di attività (NACE Rev.1.1) - edizione settembre 2011,Costs and margins breakdown by industry (NACE Rev.1.1) - edition September 2011,DCCN_COSTMARGQ,1.0,IT1
163_247,1.0,Prodotto interno lordo lato produzione - edizioni fino ad agosto 2014,Gross domestic product supply side - editions until August 2014,DCCN_PILPRODQ,1.0,IT1
163_24_DF_DCCN_QNA_1,1.0,Valore aggiunto per branca di attività - edizioni ottobre 2019 - settembre 2024,Value added by industry - editions from October 2019 to September 2024,DCCN_QNA,1.0,IT1
163_24_DF_DCCN_QNA_2,1.0,Investimenti fissi lordi per tipo di investimento - edizioni ottobre 2019 - settembre 2024,Gross fixed capital formation by asset - editions from October 2019 to September 2024,DCCN_QNA,1.0,IT1
163_24_DF_DCCN_QNA_3,1.0,Spesa per i consumi finali delle famiglie - edizioni ottobre 2019 - settembre 2024,Final consumption expenditure of households - editions from October 2019 to September 2024,DCCN_QNA,1.0,IT1
163_24_DF_DCCN_QNA_4,1.0,Spesa per consumi finali delle famiglie per voce di spesa (Coicop 2 cifre) e durata - edizioni ottobre 2019 - settembre 2024,Final consumption expenditure of households by expenditure item (Coicop 2 digit) and durability - editions from October 2019 to September 2024,DCCN_QNA,1.0,IT1
163_24_DF_DCCN_QNA_5,1.0,Redditi da lavoro dipendente e componenti per branca di attività - edizioni ottobre 2019 - settembre 2024,Compensation of employees and its components by industry - editions from October 2019 to September 2024,DCCN_QNA762968,1.0,IT1
163_24_DF_DCCN_QNA_6,1.0,Costi e margini per branca di attività - edizioni ottobre 2019 - settembre 2024,Costs and margins by industry - editions from October 2019 to September 2024,DCCN_QNA,1.0,IT1
163_250,1.0,Investimenti fissi lordi - edizioni fino ad agosto 2014,Gross fixed capital formation - editions until August 2014,DCCN_INVESTIQ,1.0,IT1
163_253,1.0,Conto economico delle risorse e degli impieghi - edizioni fino ad agosto 2014,Gross domestic product and expenditure components - editions until August 2014,DCCN_SEQZCONTIQ,1.0,IT1
163_257,1.0,Occupazione per branca di attività (NACE Rev.1.1) - edizione settembre 2011,Employment breakdown by industry (NACE Rev.1.1) - edition September 2011,DCCN_OCCUPQ,1.0,IT1
163_296,1.0,Aggregati dei conti per branca di attività (NACE Rev.2) - edizioni dicembre 2011 - agosto 2014,Accounts aggregates by industry (NACE Rev.2) - editions  from December 2011 to August 2014,DCCN_AGGREGBRANCAQREV2,1.0,IT1
163_299,1.0,Costi e margini per branca di attività (NACE Rev.2) - edizioni dicembre 2011 - giugno 2014,Costs and margins breakdown by industry (NACE Rev.2) - editions  from December 2011 to June 2014,DCCN_COSTMARGQREV2,1.0,IT1
163_300,1.0,Occupazione per branca di attività (NACE Rev.2) - edizioni dicembre 2011 - giugno 2014,Employment breakdown by industry (NACE Rev.2) - editions  from December 2011 to June 2014,DCCN_OCCUPQREV2,1.0,IT1
163_88,1.0,Occupazione per branca di attività,Employment breakdown by industry,DCCN_OCCQSEC2010,1.0,IT1
163_88_DF_DCCN_OCCQSEC2010_1,1.0,Occupazione per branca di attività,Employment breakdown by industry,DCCN_OCCQSEC2010,1.0,IT1
163_88_DF_DCCN_OCCQSEC2010_2,1.0,Popolazione media del periodo,Quarterly average population,DCCN_OCCQSEC2010,1.0,IT1
164_164,1.0,Popolazione residente ricostruita - Anni 2002-2019,Estimated resident population - Years 2002-2019,DCIS_RICPOPRES2011,1.0,IT1
164_164_DF_DASH_DCIS_RICPOPRES2011_24,1.0,Tutti i comuni,All municipalities,DCIS_RICPOPRES2011,1.0,IT1
164_164_DF_DCIS_RICPOPRES2011_1,1.0,"Italia, regioni, province","Italy, regions, provinces",DCIS_RICPOPRES2011,1.0,IT1
164_164_DF_DCIS_RICPOPRES2011_10,1.0,Friuli-Venezia Giulia,Friuli-Venezia Giulia,DCIS_RICPOPRES2011,1.0,IT1
164_164_DF_DCIS_RICPOPRES2011_11,1.0,Emilia-Romagna,Emilia-Romagna,DCIS_RICPOPRES2011,1.0,IT1
164_164_DF_DCIS_RICPOPRES2011_12,1.0,Toscana,Toscana,DCIS_RICPOPRES2011,1.0,IT1
164_164_DF_DCIS_RICPOPRES2011_13,1.0,Umbria,Umbria,DCIS_RICPOPRES2011,1.0,IT1
164_164_DF_DCIS_RICPOPRES2011_14,1.0,Marche,Marche,DCIS_RICPOPRES2011,1.0,IT1
164_164_DF_DCIS_RICPOPRES2011_15,1.0,Lazio,Lazio,DCIS_RICPOPRES2011,1.0,IT1
164_164_DF_DCIS_RICPOPRES2011_16,1.0,Abruzzo,Abruzzo,DCIS_RICPOPRES2011,1.0,IT1
164_164_DF_DCIS_RICPOPRES2011_17,1.0,Molise,Molise,DCIS_RICPOPRES2011,1.0,IT1
164_164_DF_DCIS_RICPOPRES2011_18,1.0,Campania,Campania,DCIS_RICPOPRES2011,1.0,IT1
164_164_DF_DCIS_RICPOPRES2011_19,1.0,Puglia,Puglia,DCIS_RICPOPRES2011,1.0,IT1
164_164_DF_DCIS_RICPOPRES2011_2,1.0,Bilancio demografico dal 21 ottobre 2001 al 31 dicembre 2018,Demographic balance from 21 October 2001 to 31 December 2018,DCIS_RICPOPRES2011,1.0,IT1
164_164_DF_DCIS_RICPOPRES2011_20,1.0,Basilicata,Basilicata,DCIS_RICPOPRES2011,1.0,IT1
164_164_DF_DCIS_RICPOPRES2011_21,1.0,Calabria,Calabria,DCIS_RICPOPRES2011,1.0,IT1
164_164_DF_DCIS_RICPOPRES2011_22,1.0,Sicilia,Sicilia,DCIS_RICPOPRES2011,1.0,IT1
164_164_DF_DCIS_RICPOPRES2011_23,1.0,Sardegna,Sardegna,DCIS_RICPOPRES2011,1.0,IT1
164_164_DF_DCIS_RICPOPRES2011_24,1.0,Tutti i comuni,All municipalities,DCIS_RICPOPRES2011,1.0,IT1
164_164_DF_DCIS_RICPOPRES2011_3,1.0,Piemonte,Piemonte,DCIS_RICPOPRES2011,1.0,IT1
164_164_DF_DCIS_RICPOPRES2011_4,1.0,Valle d'Aosta/Vallée d'Aoste,Valle d'Aosta/Vallée d'Aoste,DCIS_RICPOPRES2011,1.0,IT1
164_164_DF_DCIS_RICPOPRES2011_5,1.0,Liguria,Liguria,DCIS_RICPOPRES2011,1.0,IT1
164_164_DF_DCIS_RICPOPRES2011_6,1.0,Lombardia,Lombardia,DCIS_RICPOPRES2011,1.0,IT1
164_164_DF_DCIS_RICPOPRES2011_7,1.0,Provincia Autonoma Bolzano/Bozen,Provincia Autonoma Bolzano/Bozen,DCIS_RICPOPRES2011,1.0,IT1
164_164_DF_DCIS_RICPOPRES2011_8,1.0,Provincia Autonoma Trento,Provincia Autonoma Trento,DCIS_RICPOPRES2011,1.0,IT1
164_164_DF_DCIS_RICPOPRES2011_9,1.0,Veneto,Veneto,DCIS_RICPOPRES2011,1.0,IT1
164_279,1.0,Popolazione residente ricostruita - Anni 1982-1991,Estimated resident population - Years 1982-1991,DCIS_RICPOPRES1991,1.0,IT1
164_279_DF_DASH_DCIS_RICPOPRES1991_23,1.0,Tutti i comuni,All municipalities,DCIS_RICPOPRES1991,1.0,IT1
164_279_DF_DCIS_RICPOPRES1991_1,1.0,"Italia, regioni, province","Italy, regions, provinces",DCIS_RICPOPRES1991,1.0,IT1
164_279_DF_DCIS_RICPOPRES1991_10,1.0,Emilia Romagna,Emilia Romagna,DCIS_RICPOPRES1991,1.0,IT1
164_279_DF_DCIS_RICPOPRES1991_11,1.0,Toscana,Toscana,DCIS_RICPOPRES1991,1.0,IT1
164_279_DF_DCIS_RICPOPRES1991_12,1.0,Umbria,Umbria,DCIS_RICPOPRES1991,1.0,IT1
164_279_DF_DCIS_RICPOPRES1991_13,1.0,Marche,Marche,DCIS_RICPOPRES1991,1.0,IT1
164_279_DF_DCIS_RICPOPRES1991_14,1.0,Lazio,Lazio,DCIS_RICPOPRES1991,1.0,IT1
164_279_DF_DCIS_RICPOPRES1991_15,1.0,Abruzzo,Abruzzo,DCIS_RICPOPRES1991,1.0,IT1
164_279_DF_DCIS_RICPOPRES1991_16,1.0,Molise,Molise,DCIS_RICPOPRES1991,1.0,IT1
164_279_DF_DCIS_RICPOPRES1991_17,1.0,Campania,Campania,DCIS_RICPOPRES1991,1.0,IT1
164_279_DF_DCIS_RICPOPRES1991_18,1.0,Puglia,Puglia,DCIS_RICPOPRES1991,1.0,IT1
164_279_DF_DCIS_RICPOPRES1991_19,1.0,Basilicata,Basilicata,DCIS_RICPOPRES1991,1.0,IT1
164_279_DF_DCIS_RICPOPRES1991_2,1.0,Piemonte,Piemonte,DCIS_RICPOPRES1991,1.0,IT1
164_279_DF_DCIS_RICPOPRES1991_20,1.0,Calabria,Calabria,DCIS_RICPOPRES1991,1.0,IT1
164_279_DF_DCIS_RICPOPRES1991_21,1.0,Sicilia,Sicilia,DCIS_RICPOPRES1991,1.0,IT1
164_279_DF_DCIS_RICPOPRES1991_22,1.0,Sardegna,Sardegna,DCIS_RICPOPRES1991,1.0,IT1
164_279_DF_DCIS_RICPOPRES1991_23,1.0,Tutti i comuni,All municipalities,DCIS_RICPOPRES1991,1.0,IT1
164_279_DF_DCIS_RICPOPRES1991_3,1.0,Valle d'Aosta/Vallée d'Aoste,Valle d'Aosta/Vallée d'Aoste,DCIS_RICPOPRES1991,1.0,IT1
164_279_DF_DCIS_RICPOPRES1991_4,1.0,Liguria,Liguria,DCIS_RICPOPRES1991,1.0,IT1
164_279_DF_DCIS_RICPOPRES1991_5,1.0,Lombardia,Lombardia,DCIS_RICPOPRES1991,1.0,IT1
164_279_DF_DCIS_RICPOPRES1991_6,1.0,Provincia Autonoma Bolzano/Bozen,Provincia Autonoma Bolzano/Bozen,DCIS_RICPOPRES1991,1.0,IT1
164_279_DF_DCIS_RICPOPRES1991_7,1.0,Provincia Autonoma Trento,Provincia Autonoma Trento,DCIS_RICPOPRES1991,1.0,IT1
164_279_DF_DCIS_RICPOPRES1991_8,1.0,Veneto,Veneto,DCIS_RICPOPRES1991,1.0,IT1
164_279_DF_DCIS_RICPOPRES1991_9,1.0,Friuli-Venezia Giulia,Friuli-Venezia Giulia,DCIS_RICPOPRES1991,1.0,IT1
164_305,1.0,Popolazione residente ricostruita - Anni 1991-2001,Estimated resident population - Years 1991-2001,DCIS_RICPOPRES2001,1.0,IT1
164_305_DF_DASH_DCIS_RICPOPRES2001_23,1.0,Tutti i comuni,All municipalities,DCIS_RICPOPRES2001,1.0,IT1
164_305_DF_DCIS_RICPOPRES2001_1,1.0,"Italia, regioni, province","Italy, regions, provinces",DCIS_RICPOPRES2001,1.0,IT1
164_305_DF_DCIS_RICPOPRES2001_10,1.0,Emilia Romagna,Emilia Romagna,DCIS_RICPOPRES2001,1.0,IT1
164_305_DF_DCIS_RICPOPRES2001_11,1.0,Toscana,Toscana,DCIS_RICPOPRES2001,1.0,IT1
164_305_DF_DCIS_RICPOPRES2001_12,1.0,Umbria,Umbria,DCIS_RICPOPRES2001,1.0,IT1
164_305_DF_DCIS_RICPOPRES2001_13,1.0,Marche,Marche,DCIS_RICPOPRES2001,1.0,IT1
164_305_DF_DCIS_RICPOPRES2001_14,1.0,Lazio,Lazio,DCIS_RICPOPRES2001,1.0,IT1
164_305_DF_DCIS_RICPOPRES2001_15,1.0,Abruzzo,Abruzzo,DCIS_RICPOPRES2001,1.0,IT1
164_305_DF_DCIS_RICPOPRES2001_16,1.0,Molise,Molise,DCIS_RICPOPRES2001,1.0,IT1
164_305_DF_DCIS_RICPOPRES2001_17,1.0,Campania,Campania,DCIS_RICPOPRES2001,1.0,IT1
164_305_DF_DCIS_RICPOPRES2001_18,1.0,Puglia,Puglia,DCIS_RICPOPRES2001,1.0,IT1
164_305_DF_DCIS_RICPOPRES2001_19,1.0,Basilicata,Basilicata,DCIS_RICPOPRES2001,1.0,IT1
164_305_DF_DCIS_RICPOPRES2001_2,1.0,Piemonte,Piemonte,DCIS_RICPOPRES2001,1.0,IT1
164_305_DF_DCIS_RICPOPRES2001_20,1.0,Calabria,Calabria,DCIS_RICPOPRES2001,1.0,IT1
164_305_DF_DCIS_RICPOPRES2001_21,1.0,Sicilia,Sicilia,DCIS_RICPOPRES2001,1.0,IT1
164_305_DF_DCIS_RICPOPRES2001_22,1.0,Sardegna,Sardegna,DCIS_RICPOPRES2001,1.0,IT1
164_305_DF_DCIS_RICPOPRES2001_23,1.0,Tutti i comuni,All municipalities,DCIS_RICPOPRES2001,1.0,IT1
164_305_DF_DCIS_RICPOPRES2001_24,1.0,Bilancio demografico dal 20 ottobre 1991 al 21 ottobre 2001,Demographic balance from 20 October 1991 to 21 October 2001,DCIS_RICPOPRES2001,1.0,IT1
164_305_DF_DCIS_RICPOPRES2001_3,1.0,Valle d'Aosta/Vallée d'Aoste,Valle d'Aosta/Vallée d'Aoste,DCIS_RICPOPRES2001,1.0,IT1
164_305_DF_DCIS_RICPOPRES2001_4,1.0,Liguria,Liguria,DCIS_RICPOPRES2001,1.0,IT1
164_305_DF_DCIS_RICPOPRES2001_5,1.0,Lombardia,Lombardia,DCIS_RICPOPRES2001,1.0,IT1
164_305_DF_DCIS_RICPOPRES2001_6,1.0,Provincia Autonoma Bolzano/Bozen,Provincia Autonoma Bolzano/Bozen,DCIS_RICPOPRES2001,1.0,IT1
164_305_DF_DCIS_RICPOPRES2001_7,1.0,Provincia Autonoma Trento,Provincia Autonoma Trento,DCIS_RICPOPRES2001,1.0,IT1
164_305_DF_DCIS_RICPOPRES2001_8,1.0,Veneto,Veneto,DCIS_RICPOPRES2001,1.0,IT1
164_305_DF_DCIS_RICPOPRES2001_9,1.0,Friuli-Venezia Giulia,Friuli-Venezia Giulia,DCIS_RICPOPRES2001,1.0,IT1
164_346,1.0,Popolazione residente ricostruita - Anni 1952-1971,Estimated resident population - Years 1952-1971,DCIS_RICPOPRES1971,1.0,IT1
164_346_DF_DCIS_RICPOPRES1971_1,1.0,Ricostruzione intercensuaria della popolazione residente - Anni 1952-1971,Intercensal resident population estimates - Years 1952-1971,DCIS_RICPOPRES1971,1.0,IT1
164_347,1.0,Popolazione residente ricostruita - Anni 1972-1981,Estimated resident population - Years 1972-1981,DCIS_RICPOPRES1981,1.0,IT1
164_347_DF_DCIS_RICPOPRES1981_1,1.0,Ricostruzione intercensuaria della popolazione residente - Anni 1972-1981,Intercensal resident population estimates - Years 1972-1981,DCIS_RICPOPRES1981,1.0,IT1
165_1167,1.0,Previsioni delle famiglie - Anni 2025-2050,Households projections - Years 2025-2050,DCIS_PREVFAM,1.0,IT1
165_1167_DF_DCIS_PREVFAM_1,1.0,Popolazione residente che vive in famiglia per posizione familiare e classi quinquennali di età - Scenario mediano,Projected persons living in households by living arrangement and five-years age class - Median scenario,DCIS_PREVFAM,1.0,IT1
165_1167_DF_DCIS_PREVFAM_2,1.0,Famiglie e numero medio di componenti familiari per tipologia familiare  - Scenario mediano,Households and average household size by household type - Medium scenario,DCIS_PREVFAM,1.0,IT1
165_1245,1.0,Previsioni comunali della popolazione - Anni 2025-2050,Municipal population projections - Years 2025-2050,DCIS_PREVCOM,1.0,IT1
165_1245_DF_DCIS_PREVCOM_1,1.0,Previsioni comunali: Popolazione residente per sesso e classi quinquennali di età - Scenario mediano,Municipal projections: Population by sex and five-years age class - Median scenario,DCIS_PREVCOM,1.0,IT1
165_1245_DF_DCIS_PREVCOM_2,1.0,Previsioni comunali: Componenti del bilancio demografico - Scenario mediano,Municipal projections: Population change components - Median scenario,DCIS_PREVCOM,1.0,IT1
165_1245_DF_DCIS_PREVCOM_3,1.0,Previsioni comunali: Tassi generici del movimento demografico - Scenario mediano,Municipal projections: Vital and migration rates - Median scenario,DCIS_PREVCOM,1.0,IT1
165_1245_DF_DCIS_PREVCOM_4,1.0,Previsioni comunali: Principali indicatori strutturali - Scenario mediano,Municipal projections: Main demographic indicators - Median scenario,DCIS_PREVCOM,1.0,IT1
165_1300,1.0,Previsioni delle forze di lavoro - Anni 2025-2050,Labour force projections - Years 2025-2050,DCIS_PREVFOL,1.0,IT1
165_1300_DF_DCIS_PREVFOL_1,1.0,"Previsioni forze di lavoro: Popolazione residente che vive in famiglia per sesso, condizione professionale e classi quinquennali di età – Scenario mediano","Labour force projections: Population living in a household by sex, employment status and five-years age class – Median scenario",DCIS_PREVFOL,1.0,IT1
165_1300_DF_DCIS_PREVFOL_2,1.0,Previsioni forze di lavoro: Tassi di attività 15-64 anni e 15-74 anni per sesso e ripartizione territoriale – Scenario mediano,Labour force projections: Activity rates (ages 15-64 and 15-74) by sex and geographical area – Median scenario,DCIS_PREVFOL,1.0,IT1
165_889,1.0,Previsioni della popolazione  - Anni 2025-2080,Demographic projections - Years 2025-2080,DCIS_PREVDEM1,1.0,IT1
165_889_DF_DCIS_PREVDEM1_1,1.0,Popolazione al 1° gennaio,Population on 1st january,DCIS_PREVDEM1,1.0,IT1
165_889_DF_DCIS_PREVDEM1_2,1.0,Componenti del bilancio demografico,Population change components,DCIS_PREVDEM1,1.0,IT1
165_889_DF_DCIS_PREVDEM1_3,1.0,Indicatori demografici,Demographic indicators,DCIS_PREVDEM1,1.0,IT1
167_33,1.0,Nic - mensili dal 2011 al 2015 (base 2010),Nic - monthly data from 2011 until 2015 (base 2010),DCSP_NICUNOBB2010,1.0,IT1
167_33_DF_DCSP_NICUNOBB2010_1,1.0,Tipologie di prodotto,Product types,DCSP_NICUNOBB2010,1.0,IT1
167_33_DF_DCSP_NICUNOBB2010_2,1.0,Classificazione Coicop (3 cifre) - prov.,Coicop classification (3 digit) - prov.,DCSP_NICUNOBB2010,1.0,IT1
167_33_DF_DCSP_NICUNOBB2010_3,1.0,Classificazione Coicop (5 cifre),Coicop classification (5 digit),DCSP_NICUNOBB2010,1.0,IT1
167_34_DF_DCSP_NICDUEB2010_1,1.0,Tipologie di prodotto,Product types,DCSP_NICDUEB2010,1.0,IT1
167_34_DF_DCSP_NICDUEB2010_2,1.0,Classificazione Ecoicop (3 cifre) - prov.,Ecoicop classification (3 digit) - prov.,DCSP_NICDUEB2010,1.0,IT1
167_34_DF_DCSP_NICDUEB2010_3,1.0,Classificazione Ecoicop (5 cifre),Ecoicop classification (5 digit),DCSP_NICDUEB2010,1.0,IT1
167_35_DF_DCSP_NICTREB2010_1,1.0,Tipologie di prodotto,Product types,DCSP_NICTREB2010,1.0,IT1
167_35_DF_DCSP_NICTREB2010_2,1.0,Classificazione Coicop (3 cifre) - reg.,Coicop classification (3 digit) - reg.,DCSP_NICTREB2010,1.0,IT1
167_35_DF_DCSP_NICTREB2010_3,1.0,Classificazione Coicop (5 cifre),Coicop classification (5 digit),DCSP_NICTREB2010,1.0,IT1
167_742,1.0,Nic - medie annue dal 2016 (base 2015),Nic – annual average from 2016 onwards(base 2015),DCSP_NIC2B2015,1.0,IT1
167_742_DF_DCSP_NIC2B2015_1,1.0,Prezzi al consumo per l’intera collettività (Nic) - medie annue dal 2016 (base 2015) - Principali dati,Consumer prices for the whole nation (Nic) – annual average from 2016 onwards(base 2015) - Key data,DCSP_NIC2B2015,1.0,IT1
167_742_DF_DCSP_NIC2B2015_2,1.0,Tipologie di prodotto,Product types,DCSP_NIC2B2015,1.0,IT1
167_742_DF_DCSP_NIC2B2015_3,1.0,Classificazione Ecoicop (3 cifre) - prov.,Ecoicop classification (3 digit) - prov.,DCSP_NIC2B2015,1.0,IT1
167_742_DF_DCSP_NIC2B2015_4,1.0,Classificazione Ecoicop (5 cifre),Ecoicop classification (5 digit),DCSP_NIC2B2015,1.0,IT1
167_743,1.0,Nic - pesi dal 2016,Nic – weights from 2016,DCSP_NIC3B2015,1.0,IT1
167_743_DF_DCSP_DCSP_NIC3EC2_3,1.0,Classificazione ECOICOP vers.2 (6 cifre),Ecoicop 2 classification (6 digit),DCSP_NIC3EC2,1.0,IT1
167_743_DF_DCSP_NIC3B2015_1,1.0,Prezzi al consumo per l’intera collettività (Nic) - pesi dal 2016 - Principali dati,Consumer prices for the whole nation (Nic) - weights from 2016 - Key data,DCSP_NIC3B2015,1.0,IT1
167_743_DF_DCSP_NIC3B2015_2,1.0,Tipologie di prodotto,Product types,DCSP_NIC3B2015,1.0,IT1
167_743_DF_DCSP_NIC3B2015_3,1.0,Classificazione Ecoicop (5 cifre),Ecoicop classification (5 digit),DCSP_NIC3B2015,1.0,IT1
167_744,1.0,Nic - mensili dal 2016 (base 2015),Nic - monthly data from 2016 onwards(base 2015),DCSP_NIC1B2015,1.0,IT1
167_744_DF_DCSP_NIC1B2015_1,1.0,Prezzi al consumo per l’intera collettività (Nic) - mensili dal 2016 (base 2015) - Principali dati,Consumer prices for the whole nation (Nic) - monthly data from 2016 onwards (base 2015) - Key data,DCSP_NIC1B2015,1.0,IT1
167_744_DF_DCSP_NIC1B2015_2,1.0,Tipologie di prodotto,Product types,DCSP_NIC1B2015,1.0,IT1
167_744_DF_DCSP_NIC1B2015_3,1.0,Classificazione Ecoicop (3 cifre) - prov.,Ecoicop classification (3 digit) - prov.,DCSP_NIC1B2015,1.0,IT1
167_744_DF_DCSP_NIC1B2015_4,1.0,Classificazione Ecoicop (5 cifre),Ecoicop classification (5 digit),DCSP_NIC1B2015,1.0,IT1
167_745,1.0,Nic - mensili dal 2026 (base 2025),Nic - monthly data from 2026 onwards (base 2025),DCSP_NIC1B2025,1.0,IT1
167_745_DF_DCSP_NIC1B2025_1,1.0,Prezzi al consumo per l’intera collettività (Nic) - mensili dal 2026 (base 2025) - Principali dati,Consumer prices for the whole nation (Nic) - monthly data from 2026 onwards (base 2025) - Key data,DCSP_NIC1B2025,1.0,IT1
167_745_DF_DCSP_NIC1B2025_2,1.0,Tipologie di prodotto,Product types,DCSP_NIC1B2025,1.0,IT1
167_745_DF_DCSP_NIC1B2025_3,1.0,Classificazione Ecoicop 2 (3 cifre) - prov.,Ecoicop 2 classification (3 digit) - prov.,DCSP_NIC1B2025,1.0,IT1
167_745_DF_DCSP_NIC1B2025_4,1.0,Classificazione Ecoicop 2 (5 cifre),Ecoicop 2 classification (5 digit),DCSP_NIC1B2025,1.0,IT1
167_745_DF_DCSP_NIC1B2025_5,1.0,"Prezzi al consumo per l’intera collettività (Nic) - mensili dal 1996 al 2025 (basi 1995, 2010, 2015) - Ecoicop 2","Consumer prices for the whole nation (Nic) - monthly data from 1996 to 2025 (bases 1995, 2010, 2015) - Ecoicop 2",DCSP_NIC1B2025,1.0,IT1
167_745_DF_DCSP_NIC1B2025_6,1.0,Prezzi al consumo per l’intera collettività (Nic) - mensili - tutte le basi - Ecoicop 2,Consumer prices for the whole nation (Nic) - monthly data -all bases - Ecoicop 2,DCSP_NIC1B2025,1.0,IT1
167_746,1.0,Nic – pesi dal 2026 - Ecoicop 2,Nic – weights from 2026 - Ecoicop 2,DCSP_NIC3EC2,1.0,IT1
167_746_DF_DCSP_NIC3EC2_1,1.0,Prezzi al consumo per l’intera collettività (Nic) - Principali dati,Consumer prices for the whole nation (Nic) - Key data,DCSP_NIC3EC2,1.0,IT1
167_746_DF_DCSP_NIC3EC2_2,1.0,Tipologie di prodotto,Product types,DCSP_NIC3EC2,1.0,IT1
167_747,1.0,Nic - medie annue dal 2026 (base  2025) - Ecoicop 2,Nic - annual data from 2026 (base  2025) - Ecoicop 2,DCSP_NIC2B2025,1.0,IT1
167_747_DCSP_NIC2B2025_1,1.0,"Prezzi al consumo per l’intera collettività (Nic) - medie annue dal 1996 al 2025 (basi 1995, 2010, 2015) - Ecoicop 2","Consumer prices for the whole nation (Nic) - annual data from 1996 to 2025 (bases 1995, 2010, 2015) - Ecoicop 2",DCSP_NIC2B2025,1.0,IT1
168_2,1.0,Ipca - mensili e trimestrali dal 2001 al 2015 (base 2005),Hicp - monthly and quarterly data from 2001 until 2015(base 2005),DCSP_IPCA1,1.0,IT1
168_261_DF_DCSP_IPCATC2_1,1.0,Ipca - medie annue a tassazione costante (base 2005),Hicp - at constant tax rates annual average (base 2005),DCSP_IPCATC2,1.0,IT1
168_2_DF_DCSP_IPCA1_1,1.0,Classificazione Coicop (4 cifre),Coicop classification (4 digit),DCSP_IPCA1,1.0,IT1
168_2_DF_DCSP_IPCA1_2,1.0,Aggregati speciali,Special aggregates,DCSP_IPCA1,1.0,IT1
168_2_DF_DCSP_IPCA1_3,1.0,Mensili per classi di spesa (base 2005),Expcla monthly data (base 2005),DCSP_IPCA1,1.0,IT1
168_2_DF_DCSP_IPCA1_4,1.0,Trimestrali per classi di spesa (base 2005),Expcla quarterly data (base 2005),DCSP_IPCA1,1.0,IT1
168_306_DF_DCSP_IPCATC1_1,1.0,Ipca - mensili a tassazione costante (base 2005),Hicp - at constant tax rates monthly data (base 2005),DCSP_IPCATC1,1.0,IT1
168_307,1.0,Ipca - mensili a tassazione costante (base 2025),Hicp - at constant tax rates monthly data (base 2025),DCSP_IPCATC1B2025,1.0,IT1
168_307_DF_DCSP_IPCATC1B2025_1,1.0,Ipca a tassazione costante mensili dal 2006 (base 2025)- Ecoicop 2,Hicp - at constant tax rates monthly data from 2006 (base 2025) - Ecoicop 2,DCSP_IPCATC1B2025,1.0,IT1
168_5_DF_DCSP_IPCA2_1,1.0,Classificazione Coicop (4 cifre),Coicop classification (4 digit),DCSP_IPCA2,1.0,IT1
168_5_DF_DCSP_IPCA2_2,1.0,Aggregati speciali,Special aggregates,DCSP_IPCA2,1.0,IT1
168_5_DF_DCSP_IPCA2_3,1.0,Medie annue per classi di spesa (base 2005),Expcla annual average (base 2005),DCSP_IPCA2,1.0,IT1
168_6,1.0,Ipca - pesi dal 2001,Hicp - weights  from 2001,DCSP_IPCA3,1.0,IT1
168_6_DF_DCSP_IPCA3_1,1.0,Classificazione Ecoicop (4 cifre),Ecoicop classification (4 digit),DCSP_IPCA3,1.0,IT1
168_6_DF_DCSP_IPCA3_2,1.0,Aggregati speciali,Special aggregates,DCSP_IPCA3,1.0,IT1
168_6_DF_DCSP_IPCA3_3,1.0,Classi di spesa (dal 2005),Expcla (from 2005),DCSP_IPCA3,1.0,IT1
168_7,1.0,Ipca - pesi dal 1996 - Ecoicop 2,Hicp - weights from 1996 - Ecoicop 2,DCSP_IPCA3EC2,1.0,IT1
168_756,1.0,Ipca - mensili a tassazione costante (base 2015),Hicp - at constant tax rates monthly data (base 2015),DCSP_IPCATC1B2015,1.0,IT1
168_756_DF_DCSP_IPCATC1B2015_1,1.0,Ipca - mensili a tassazione costante (base 2015),Hicp - at constant tax rates monthly data (base 2015),DCSP_IPCATC1B2015,1.0,IT1
168_757,1.0,Ipca - medie annue a tassazione costante (base 2015),Hicp- at constant tax rates annual data (base 2015),DCSP_IPCATC2B2015,1.0,IT1
168_757_DF_DCSP_IPCATC2B2015_1,1.0,Ipca - medie annue a tassazione costante (base 2015),Hicp - at constant tax rates annual average (base 2015),DCSP_IPCATC2B2015,1.0,IT1
168_758,1.0,Ipca - medie annue dal 2001 (base 2015),Hicp - annual data from 2001 (base 2015),DCSP_IPCA2B2015,1.0,IT1
168_758_DF_DCSP_IPCA2B2015_1,1.0,Classificazione Ecoicop (4 cifre),Ecoicop classification (4 digit),DCSP_IPCA2B2015,1.0,IT1
168_758_DF_DCSP_IPCA2B2015_2,1.0,Aggregati speciali (5 cifre),Special aggregates (5 digit),DCSP_IPCA2B2015,1.0,IT1
168_758_DF_DCSP_IPCA2B2015_3,1.0,Classi di spesa (dal 2005),Expcla (from 2005),DCSP_IPCA2B2015,1.0,IT1
168_760,1.0,Ipca - mensili dal 2001 (base 2015),Hicp - monthly data from 2001,DCSP_IPCA1B2015,1.0,IT1
168_760_DF_DCSP_IPCA1B2015_1,1.0,Classificazione Ecoicop (4 cifre),Ecoicop classification (4 digit),DCSP_IPCA1B2015,1.0,IT1
168_760_DF_DCSP_IPCA1B2015_2,1.0,Aggregati speciali (5 cifre),Special aggregates (5 digit),DCSP_IPCA1B2015,1.0,IT1
168_760_DF_DCSP_IPCA1B2015_3,1.0,Classi di spesa,Expcla,DCSP_IPCA1B2015,1.0,IT1
168_761,1.0,Ipca - mensili dal 1996 (base 2025),Ipca - mensili dal 1996 (base 2025),DCSP_IPCA1B2025,1.0,IT1
168_761_DF_DCSP_IPCA1B2025_1,1.0,Ecoicop 2 classificazione (4 cifre),Ecoicop 2 classification (4 digit),DCSP_IPCA1B2025,1.0,IT1
168_761_DF_DCSP_IPCA1B2025_2,1.0,Aggregati speciali (5 cifre),Special aggregates (5 digit),DCSP_IPCA1B2025,1.0,IT1
168_761_DF_DCSP_IPCA1B2025_3,1.0,Ipca trimestrali - classi di spesa (dal 2005),Hicp quarter- expcla (from 2005),DCSP_IPCA1B2025,1.0,IT1
168_762,1.0,Ipca - medie annue dal 1996 (base 2025) - Ecoicop 2,Hicp - annual data from 1996 (base 2025) - Ecoicop 2,DCSP_IPCA2B2025,1.0,IT1
168_762_DF_DCSP_IPCA2B2025_1,1.0,Ipca - medie annue dal 1996 (base 2025) - Ecoicop 2,Hicp - annual data from 1996 (base 2025) - Ecoicop 2,DCSP_IPCA2B2025,1.0,IT1
168_762_DF_DCSP_IPCA2B2025_2,1.0,Ipca medie annue - classi di spesa (dal 2005),Hicp annual data - expcla (from 2005),DCSP_IPCA2B2025,1.0,IT1
168_7_DF_DCSP_IPCA3EC2_1,1.0,Ipca – Classificazione ECOICOP vers.2 (4 cifre),Hicp – Ecoicop 2 classification (4 digit),DCSP_IPCA3EC2,1.0,IT1
168_7_DF_DCSP_IPCA3EC2_2,1.0,Ipca – Aggregati speciali,Special aggregates,DCSP_IPCA3EC2,1.0,IT1
168_7_DF_DCSP_IPCA3EC2_3,1.0,Ipca pesi- classi di spesa (dal 2005),Hicp weights- expcla (from 2005),DCSP_IPCA3EC2,1.0,IT1
169_15_DF_DCSP_FOI1B2010_1,1.0,Foi - mensili dal 2011 al 2015 (base 2010),Foi - monthly data from 2011 to 2015 (base 2010),DCSP_FOI1B2010,1.0,IT1
169_28_DF_DCSP_FOI2B2010_1,1.0,Foi - medie annue dal 2011 al 2015 (base 2010),Foi - annual data from 2011 to 2015 (base 2010),DCSP_FOI2B2010,1.0,IT1
169_30_DF_DCSP_FOI3B2010_1,1.0,Foi – pesi dal 2011 al 2015,Foi – weights from 2011 to 2015,DCSP_FOI3B2010,1.0,IT1
169_745,1.0,Foi - mensili dal 2016 (base 2015),Foi - monthly data from 2016 (base 2015),DCSP_FOI1B2015,1.0,IT1
169_745_DF_DCSP_FOI1B2015_1,1.0,Foi - mensili dal 2016 (base 2015),Foi - monthly data from 2016 (base 2015),DCSP_FOI1B2015,1.0,IT1
169_746,1.0,Foi - medie annue dal 2016 (base 2015),Foi - annual data from 2016 (base 2015),DCSP_FOI2B2015,1.0,IT1
169_746_DF_DCSP_FOI2B2015_1,1.0,Foi - medie annue dal 2016 (base 2015),Foi - annual data from 2016 (base 2015),DCSP_FOI2B2015,1.0,IT1
169_747,1.0,Foi - pesi dal 2016,Foi - weights from 2016 onwards,DCSP_FOI3B2015,1.0,IT1
169_747_DF_DCSP_FOI3B2015_1,1.0,Foi - pesi dal 2016,Foi - weights from 2016 onwards,DCSP_FOI3B2015,1.0,IT1
169_748,1.0,Foi - mensili dal 2026 (base 2025),Foi - annual data from 2026 (base 2025),DCSP_FOI1B2025,1.0,IT1
169_748_DF_DCSP_FOI1B2025_1,1.0,Foi - mensili dal 2026 (base 2025) - Ecoicop 2,Foi - monthly data from 2026 (base 2025) - Ecoicop 2,DCSP_FOI1B2025,1.0,IT1
169_748_DF_DCSP_FOI1B2025_2,1.0,"Foi - mensili dal 1996 al 2025 (basi 1995, 2010, 2015) - Ecoicop 2","Foi - monthly data from 1996 to 2025 (bases 1995, 2010, 2015) - Ecoicop 2",DCSP_FOI1B2025,1.0,IT1
169_749,1.0,Foi - pesi dal 1996 - Ecoicop 2,Foi - weights from 1996 onwards - Ecoicop 2,DCSP_FOI3EC2,1.0,IT1
169_749_DF_DCSP_FOI3EC2_1,1.0,Foi - pesi dal 1996 - Ecoicop 2,Foi - weights from 1996 onwards - Ecoicop 2,DCSP_FOI3EC2,1.0,IT1
169_750,1.0,Foi - medie annue dal 2026 (base 2025) -  Ecoicop 2,Foi - annual data from 2026 (base 2025) - Ecoicop 2,DCSP_FOI2B2025,1.0,IT1
169_750_DF_DCSP_FOI2B2025_1,1.0,"Foi - medie annue dal 1996 al 2025 (basi 1995, 2010, 2015) - Ecoicop 2","Foi - annual data from 1996 to 2025 (bases 1995, 2010, 2015) - Ecoicop 2",DCSP_FOI2B2025,1.0,IT1
172_1197,1.0,Indicatori  complementari - regolamento precedente (fino al 2020),Supplementary  indicators to unemployment- previous regulation (until 2020),DCCV_COMPL1_UNT2020,1.0,IT1
172_1197_DF_DCCV_COMPL1_UNT2020_1,1.0,"Forze lavoro potenziali - titolo di studio, età","Potential additional labour force - highest level of education attained, age",DCCV_COMPL1_UNT2020,1.0,IT1
172_1197_DF_DCCV_COMPL1_UNT2020_10,1.0,"Non cercano ma disponibili - titolo di studio, cittadinanza","Persons available to work but not seeking - highest level of education attained, citizenship",DCCV_COMPL1_UNT2020,1.0,IT1
172_1197_DF_DCCV_COMPL1_UNT2020_11,1.0,Non cercano ma disponibili - motivo principale della mancata ricerca,Persons available to work but not seeking - main reason for not seeking employment,DCCV_COMPL1_UNT2020,1.0,IT1
172_1197_DF_DCCV_COMPL1_UNT2020_12,1.0,"Non cercano ma disponibili - cittadinanza, condizione dichiarata","Persons available to work but not seeking - citizenship, main status",DCCV_COMPL1_UNT2020,1.0,IT1
172_1197_DF_DCCV_COMPL1_UNT2020_13,1.0,Non cercano ma disponibili - reg.,Persons available to work but not seeking - regional data,DCCV_COMPL1_UNT2020,1.0,IT1
172_1197_DF_DCCV_COMPL1_UNT2020_14,1.0,Non cercano ma disponibili (%) - età,Persons available to work but not seeking (%) - age,DCCV_COMPL1_UNT2020,1.0,IT1
172_1197_DF_DCCV_COMPL1_UNT2020_15,1.0,"Non cercano ma disponibili (%) - titolo di studio, cittadinanza","Persons available to work but not seeking (%) - highest level of education attained, citizenship",DCCV_COMPL1_UNT2020,1.0,IT1
172_1197_DF_DCCV_COMPL1_UNT2020_16,1.0,Non cercano ma disponibili (%) - reg.,Persons available to work but not seeking (%) - regional data,DCCV_COMPL1_UNT2020,1.0,IT1
172_1197_DF_DCCV_COMPL1_UNT2020_17,1.0,Cercano lavoro ma non immediatamente disponibili - sesso,Persons seeking work but not immediately available - gender,DCCV_COMPL1_UNT2020,1.0,IT1
172_1197_DF_DCCV_COMPL1_UNT2020_18,1.0,Cercano lavoro ma non immediatamente disponibili - età,Persons seeking work but not immediately available - age,DCCV_COMPL1_UNT2020,1.0,IT1
172_1197_DF_DCCV_COMPL1_UNT2020_19,1.0,Cercano lavoro ma non immediatamente disponibili - titolo di studio,Persons seeking work but not immediately available - highest level of education attained,DCCV_COMPL1_UNT2020,1.0,IT1
172_1197_DF_DCCV_COMPL1_UNT2020_2,1.0,"Forze lavoro potenziali - cittadinanza, condizione dichiarata","Potential additional labour force - citizenship, main status",DCCV_COMPL1_UNT2020,1.0,IT1
172_1197_DF_DCCV_COMPL1_UNT2020_20,1.0,Cercano lavoro ma non immediatamente disponibili - cittadinanza,Persons seeking work but not immediately available - citizenship,DCCV_COMPL1_UNT2020,1.0,IT1
172_1197_DF_DCCV_COMPL1_UNT2020_21,1.0,Cercano lavoro ma non immediatamente disponibili (%) - sesso,Persons seeking work but not immediately available (%) - sex,DCCV_COMPL1_UNT2020,1.0,IT1
172_1197_DF_DCCV_COMPL1_UNT2020_22,1.0,Cercano lavoro ma non immediatamente disponibili (%) - età,Persons seeking work but not immediately available (%) - age,DCCV_COMPL1_UNT2020,1.0,IT1
172_1197_DF_DCCV_COMPL1_UNT2020_23,1.0,Cercano lavoro ma non immediatamente disponibili (%) - titolo di studio,Persons seeking work but not immediately available (%) - highest level of education attained,DCCV_COMPL1_UNT2020,1.0,IT1
172_1197_DF_DCCV_COMPL1_UNT2020_24,1.0,Cercano lavoro ma non immediatamente disponibili (%) - cittadinanza,Persons seeking work but not immediately available (%) - citizenship,DCCV_COMPL1_UNT2020,1.0,IT1
172_1197_DF_DCCV_COMPL1_UNT2020_25,1.0,Sottoccupati e part time involontario - età,Underemployed part-time workers and involuntary part-time - age,DCCV_COMPL1_UNT2020,1.0,IT1
172_1197_DF_DCCV_COMPL1_UNT2020_26,1.0,"Sottoccupati e part time involontario - titolo di studio, cittadinanza","Underemployed part-time workers and involuntary part-time - highest level of education attained, citizenship",DCCV_COMPL1_UNT2020,1.0,IT1
172_1197_DF_DCCV_COMPL1_UNT2020_27,1.0,"Sottoccupati e part time involontario - posizione professionale, settore economico di impiego (Ateco 2007)","Underemployed part-time workers and involuntary part-time - professional status, Nace 2007",DCCV_COMPL1_UNT2020,1.0,IT1
172_1197_DF_DCCV_COMPL1_UNT2020_28,1.0,"Sottoccupati e part time involontario - posizione professionale, settore economico di impiego (Ateco 2002)","Underemployed part-time workers and involuntary part-time - professional status, Nace 2002",DCCV_COMPL1_UNT2020,1.0,IT1
172_1197_DF_DCCV_COMPL1_UNT2020_29,1.0,Sottoccupati e part time involontario (%) - età,Underemployed part-time workers and involuntary part-time (%) - age,DCCV_COMPL1_UNT2020,1.0,IT1
172_1197_DF_DCCV_COMPL1_UNT2020_3,1.0,Forze lavoro potenziali - reg.,Potential additional labour - regional data,DCCV_COMPL1_UNT2020,1.0,IT1
172_1197_DF_DCCV_COMPL1_UNT2020_30,1.0,"Sottoccupati e part time involontario (%) - titolo di studio, cittadinanza","Underemployed part-time workers and involuntary part-time (%) - highest level of education attained, citizenship",DCCV_COMPL1_UNT2020,1.0,IT1
172_1197_DF_DCCV_COMPL1_UNT2020_31,1.0,"Sottoccupati e part time involontario (%) - posizione professionale, settore economico di impiego (Ateco 2007)","Underemployed part-time workers and involuntary part-time (%) - professional status, Nace 2007",DCCV_COMPL1_UNT2020,1.0,IT1
172_1197_DF_DCCV_COMPL1_UNT2020_32,1.0,"Sottoccupati e part time involontario (%) - posizione professionale, settore economico di impiego (Ateco 2002)","Underemployed part-time workers and involuntary part-time (%) - professional status, Nace 2002",DCCV_COMPL1_UNT2020,1.0,IT1
172_1197_DF_DCCV_COMPL1_UNT2020_33,1.0,"Tasso di mancata partecipazione - titolo di studio, età","Non partecipation rate - highest level of education attained, age",DCCV_COMPL1_UNT2020,1.0,IT1
172_1197_DF_DCCV_COMPL1_UNT2020_34,1.0,"Tasso di mancata partecipazione - titolo di studio, cittadinanza","Non partecipation rate - highest level of education attained, citizenship",DCCV_COMPL1_UNT2020,1.0,IT1
172_1197_DF_DCCV_COMPL1_UNT2020_35,1.0,"Tasso di mancata partecipazione - età, reg.","Non partecipation rate - age, regional data",DCCV_COMPL1_UNT2020,1.0,IT1
172_1197_DF_DCCV_COMPL1_UNT2020_36,1.0,"Tasso di mancata partecipazione - titolo di studio, reg.","Non partecipation rate - highest level of education attained, regional data",DCCV_COMPL1_UNT2020,1.0,IT1
172_1197_DF_DCCV_COMPL1_UNT2020_37,1.0,Tasso di mancata partecipazione - prov.,Non partecipation rate - provincial data,DCCV_COMPL1_UNT2020,1.0,IT1
172_1197_DF_DCCV_COMPL1_UNT2020_4,1.0,Forze lavoro potenziali - prov.,Potential additional labour force - provincial data,DCCV_COMPL1_UNT2020,1.0,IT1
172_1197_DF_DCCV_COMPL1_UNT2020_5,1.0,"Forze lavoro potenziali (%) - titolo di studio, età","Potential additional labour force (%) - highest level of education attained, age",DCCV_COMPL1_UNT2020,1.0,IT1
172_1197_DF_DCCV_COMPL1_UNT2020_6,1.0,Forze lavoro potenziali (%) - cittadinanza,Potential additional labour force (%) - citizenship,DCCV_COMPL1_UNT2020,1.0,IT1
172_1197_DF_DCCV_COMPL1_UNT2020_7,1.0,Forze lavoro potenziali (%) - reg.,Potential additional labour (%) - regional data,DCCV_COMPL1_UNT2020,1.0,IT1
172_1197_DF_DCCV_COMPL1_UNT2020_8,1.0,Forze lavoro potenziali (%) - prov.,Potential additional labour force (%) - provincial data,DCCV_COMPL1_UNT2020,1.0,IT1
172_1197_DF_DCCV_COMPL1_UNT2020_9,1.0,Non cercano ma disponibili - età,Persons available to work but not seeking - age,DCCV_COMPL1_UNT2020,1.0,IT1
172_1198,1.0,NEET  (giovani non occupati e non in istruzione e formazione) - regolamento precedente (fino al 2020),"Young  people not in employment, education or training- previous regulation (until 2020)",DCCV_NEET1_UNT2020,1.0,IT1
172_1198_DF_DCCV_NEET1_UNT2020_1,1.0,"Condizione professionale europea, età","European labour status, age",DCCV_NEET1_UNT2020,1.0,IT1
172_1198_DF_DCCV_NEET1_UNT2020_10,1.0,Ruolo in famiglia (%),Role in household (%),DCCV_NEET1_UNT2020,1.0,IT1
172_1198_DF_DCCV_NEET1_UNT2020_11,1.0,Dati regionali (%),Regional data (%),DCCV_NEET1_UNT2020,1.0,IT1
172_1198_DF_DCCV_NEET1_UNT2020_12,1.0,"Condizione professionale, età","Labour status, age",DCCV_NEET1_UNT2020,1.0,IT1
172_1198_DF_DCCV_NEET1_UNT2020_13,1.0,"Condizione professionale, titolo di studio","Labour status, highest level of education attained",DCCV_NEET1_UNT2020,1.0,IT1
172_1198_DF_DCCV_NEET1_UNT2020_14,1.0,"Condizione professionale, cittadinanza","Labour status, citizenship",DCCV_NEET1_UNT2020,1.0,IT1
172_1198_DF_DCCV_NEET1_UNT2020_15,1.0,"Condizione professionale, ruolo in famiglia","Labour status, role in household",DCCV_NEET1_UNT2020,1.0,IT1
172_1198_DF_DCCV_NEET1_UNT2020_2,1.0,"Condizione professionale europea, titolo di studio","European labour status, highest level of education attained",DCCV_NEET1_UNT2020,1.0,IT1
172_1198_DF_DCCV_NEET1_UNT2020_3,1.0,"Condizione professionale europea, cittadinanza","European labour status, citizenship",DCCV_NEET1_UNT2020,1.0,IT1
172_1198_DF_DCCV_NEET1_UNT2020_4,1.0,"Condizione professionale europea, ruolo in famiglia","European labour status, role in household",DCCV_NEET1_UNT2020,1.0,IT1
172_1198_DF_DCCV_NEET1_UNT2020_5,1.0,"Cittadinanza, ruolo in famiglia","Citizenship, role in household",DCCV_NEET1_UNT2020,1.0,IT1
172_1198_DF_DCCV_NEET1_UNT2020_6,1.0,Dati regionali,Regional data,DCCV_NEET1_UNT2020,1.0,IT1
172_1198_DF_DCCV_NEET1_UNT2020_7,1.0,Età (%),Age (%),DCCV_NEET1_UNT2020,1.0,IT1
172_1198_DF_DCCV_NEET1_UNT2020_8,1.0,Titolo di studio (%),Labour status (%),DCCV_NEET1_UNT2020,1.0,IT1
172_1198_DF_DCCV_NEET1_UNT2020_9,1.0,Cittadinanza (%),Citizenship (%),DCCV_NEET1_UNT2020,1.0,IT1
172_926,1.0,Indicatori  complementari,Supplementary  indicators to unemployment,DCCV_COMPL1,1.0,IT1
172_926_DF_DCCV_COMPL1_1,1.0,"Forze lavoro potenziali - titolo di studio, età","Potential additional labour force - highest level of education attained, age",DCCV_COMPL1,1.0,IT1
172_926_DF_DCCV_COMPL1_10,1.0,Non cercano ma disponibili - condizione dichiarata,Persons available to work but not seeking - main status,DCCV_COMPL1,1.0,IT1
172_926_DF_DCCV_COMPL1_11,1.0,Non cercano ma disponibili - reg.,Persons available to work but not seeking - regional data,DCCV_COMPL1,1.0,IT1
172_926_DF_DCCV_COMPL1_12,1.0,Cercano lavoro ma non immediatamente disponibili - sesso,Persons seeking work but not immediately available - gender,DCCV_COMPL1,1.0,IT1
172_926_DF_DCCV_COMPL1_13,1.0,Cercano lavoro ma non immediatamente disponibili - età,Persons seeking work but not immediately available - age,DCCV_COMPL1,1.0,IT1
172_926_DF_DCCV_COMPL1_14,1.0,Cercano lavoro ma non immediatamente disponibili - titolo di studio,Persons seeking work but not immediately available - highest level of education attained,DCCV_COMPL1,1.0,IT1
172_926_DF_DCCV_COMPL1_15,1.0,Cercano lavoro ma non immediatamente disponibili -cittadinanza,Persons seeking work but not immediately available - citizenship,DCCV_COMPL1,1.0,IT1
172_926_DF_DCCV_COMPL1_16,1.0,Part time involontario - età,Part-time workers and involuntary part-time - age,DCCV_COMPL1,1.0,IT1
172_926_DF_DCCV_COMPL1_17,1.0,"Part time involontario - titolo di studio, cittadinanza","Part-time workers and involuntary part-time - highest level of education attained, citizenship",DCCV_COMPL1,1.0,IT1
172_926_DF_DCCV_COMPL1_18,1.0,"Part time involontario - posizione professionale, settore economico di impiego (Ateco 2007)","Part-time workers and involuntary part-time - professional status, Nace 2007",DCCV_COMPL1,1.0,IT1
172_926_DF_DCCV_COMPL1_19,1.0,Sottoccupati - età,Underemployed - age,DCCV_COMPL1,1.0,IT1
172_926_DF_DCCV_COMPL1_2,1.0,Forze lavoro potenziali - cittadinanza,Potential additional labour force - citizenship,DCCV_COMPL1,1.0,IT1
172_926_DF_DCCV_COMPL1_20,1.0,"Sottoccupati - titolo di studio, cittadinanza","Underemployed part-time workers - highest level of education attained, citizenship",DCCV_COMPL1,1.0,IT1
172_926_DF_DCCV_COMPL1_21,1.0,"Sottoccupati - posizione professionale, settore economico di impiego (Ateco 2007)","Underemployed part-time workers - professional status, Nace 2007",DCCV_COMPL1,1.0,IT1
172_926_DF_DCCV_COMPL1_22,1.0,"Tasso di mancata partecipazione - titolo di studio, età","Non partecipation rate - highest level of education attained, age",DCCV_COMPL1,1.0,IT1
172_926_DF_DCCV_COMPL1_23,1.0,"Tasso di mancata partecipazione - titolo di studio, cittadinanza","Non partecipation rate - highest level of education attained, citizenship",DCCV_COMPL1,1.0,IT1
172_926_DF_DCCV_COMPL1_24,1.0,"Tasso di mancata partecipazione -età, reg.","Non partecipation rate - age, regional data",DCCV_COMPL1,1.0,IT1
172_926_DF_DCCV_COMPL1_25,1.0,"Tasso di mancata partecipazione -titolo di studio, reg.","Non partecipation rate -highest level of education attained, regional data",DCCV_COMPL1,1.0,IT1
172_926_DF_DCCV_COMPL1_26,1.0,Tasso di mancata partecipazione -prov.,Non partecipation rate - provincial data,DCCV_COMPL1,1.0,IT1
172_926_DF_DCCV_COMPL1_3,1.0,Forze lavoro potenziali - condizione dichiarata,Potential additional labour force -  main status,DCCV_COMPL1,1.0,IT1
172_926_DF_DCCV_COMPL1_4,1.0,Forze lavoro potenziali - reg.,Potential additional labour - regional data,DCCV_COMPL1,1.0,IT1
172_926_DF_DCCV_COMPL1_5,1.0,Forze lavoro potenziali - prov.,Potential additional labour force - provincial data,DCCV_COMPL1,1.0,IT1
172_926_DF_DCCV_COMPL1_6,1.0,Non cercano ma disponibili - età,Persons available to work but not seeking - age,DCCV_COMPL1,1.0,IT1
172_926_DF_DCCV_COMPL1_7,1.0,Non cercano ma disponibili - titolo di studio,Persons available to work but not seeking - highest level of education attained,DCCV_COMPL1,1.0,IT1
172_926_DF_DCCV_COMPL1_8,1.0,Non cercano ma disponibili -cittadinanza,Persons available to work but not seeking - citizenship,DCCV_COMPL1,1.0,IT1
172_926_DF_DCCV_COMPL1_9,1.0,Non cercano ma disponibili - motivo principale della mancata ricerca,Persons available to work but not seeking - main reason for not seeking employment,DCCV_COMPL1,1.0,IT1
172_931,1.0,NEET  (giovani non occupati e non in istruzione e formazione),"Young  people not in employment, education or training",DCCV_NEET1,1.0,IT1
172_931_DF_DCCV_NEET1_1,1.0,"NEET (giovani non occupati e non in istruzione e formazione)- Condizione professionale europea, età","Young  people not in employment, education or training - European labour  status, age",DCCV_NEET1,1.0,IT1
172_931_DF_DCCV_NEET1_10,1.0,Incidenza dei giovani Neet - Ruolo in famiglia (%),Incidence of Neet - Role in household  (%),DCCV_NEET1,1.0,IT1
172_931_DF_DCCV_NEET1_11,1.0,Incidenza dei giovani Neet - Dati regionali (%),Incidence of Neet - Regional data  (%),DCCV_NEET1,1.0,IT1
172_931_DF_DCCV_NEET1_2,1.0,"NEET (giovani non occupati e non in istruzione e formazione) - Condizione professionale europea, titolo di studio","Young  people not in employment, education or training - European labour  status, highest level of education attained",DCCV_NEET1,1.0,IT1
172_931_DF_DCCV_NEET1_3,1.0,"NEET  (giovani non occupati e non in istruzione e formazione)- Condizione professionele europea, cittadinanza","Young  people not in employment, education or training - European labour  status, citizenship",DCCV_NEET1,1.0,IT1
172_931_DF_DCCV_NEET1_4,1.0,"NEET  (giovani non occupati e non in istruzione e formazione) - Condizione professionale europea, ruolo in famiglia","Young  people not in employment, education or training - European labour  status, role in household",DCCV_NEET1,1.0,IT1
172_931_DF_DCCV_NEET1_5,1.0,"NEET  (giovani non occupati e non in istruzione e formazione) - Cittadinanza, ruolo in famiglia","Young  people not in employment, education or training - Citizenship, role in household",DCCV_NEET1,1.0,IT1
172_931_DF_DCCV_NEET1_6,1.0,NEET  (giovani non occupati e non in istruzione e formazione) - Dati regionali,"Young  people not in employment, education or training - Regional data",DCCV_NEET1,1.0,IT1
172_931_DF_DCCV_NEET1_7,1.0,Incidenza dei giovani Neet - Età (%),Incidence of Neet - Age (%),DCCV_NEET1,1.0,IT1
172_931_DF_DCCV_NEET1_8,1.0,Incidenza dei giovani Neet - Titolo di studio (%),Incidence of Neet - Highest level of education attained  (%),DCCV_NEET1,1.0,IT1
172_931_DF_DCCV_NEET1_9,1.0,Incidenza dei giovani Neet - Cittadinanza (%),Incidence of Neet - Citizenship  (%),DCCV_NEET1,1.0,IT1
172_931_DF_DCCV_NEET1_YOUTH_1,1.0,Giovani - NEET Giovani non occupati e non in istruzione e formazione,"Youth - NEET Young people not in employment, education or training",DCCV_NEET1,1.0,IT1
174_321,1.0,Attività quotidiane,Daily activities,DCCV_ATTPRINC,1.0,IT1
174_321_DF_DCCV_ATTPRINC_1,1.0,"Sesso, età, titolo di studio, ampiezza della famiglia","Gender, age, highest level of education attained, number of components",DCCV_ATTPRINC,1.0,IT1
174_321_DF_DCCV_ATTPRINC_10,1.0,"Attività - sesso, età","Activities - gender, age",DCCV_ATTPRINC,1.0,IT1
174_321_DF_DCCV_ATTPRINC_11,1.0,"Attività - sesso, rip. e tipo di comune","Activities - gender, geographical areas and type of municipalities",DCCV_ATTPRINC,1.0,IT1
174_321_DF_DCCV_ATTPRINC_12,1.0,"Punti orari - sesso, titolo di studio","Time period - gender, highest level of education attained",DCCV_ATTPRINC,1.0,IT1
174_321_DF_DCCV_ATTPRINC_13,1.0,"Punti orari - sesso, posizione nel nucleo, condizione lavorativa","Time period - gender, role in the household, main status",DCCV_ATTPRINC,1.0,IT1
174_321_DF_DCCV_ATTPRINC_14,1.0,"Punti orari - sesso, età, rip. tipo di comune","Time period - gender, age, geographical areas and type of municipalities",DCCV_ATTPRINC,1.0,IT1
174_321_DF_DCCV_ATTPRINC_2,1.0,"Sesso, cittadinanza","Gender, citizenship",DCCV_ATTPRINC,1.0,IT1
174_321_DF_DCCV_ATTPRINC_3,1.0,"Sesso, età, condizione lavorativa","Gender, age, main status",DCCV_ATTPRINC,1.0,IT1
174_321_DF_DCCV_ATTPRINC_4,1.0,"Sesso, stato civile, posizione nel nucleo","Gender, marital status, role in the household",DCCV_ATTPRINC,1.0,IT1
174_321_DF_DCCV_ATTPRINC_5,1.0,"Sesso, età - reg. e tipo di comune","Gender, age - regions and type of municipalities",DCCV_ATTPRINC,1.0,IT1
174_321_DF_DCCV_ATTPRINC_6,1.0,"Bambini, sesso, età","Children, gender, age",DCCV_ATTPRINC,1.0,IT1
174_321_DF_DCCV_ATTPRINC_7,1.0,"Bambini, sesso, condizione lavorativa dei genitori - rip. e tipo di comune","Children, gender, main status parents - geographical areas and type of municipalities",DCCV_ATTPRINC,1.0,IT1
174_321_DF_DCCV_ATTPRINC_8,1.0,"Attività - sesso, titolo di studio, ampiezza della famiglia","Activities - gender, highest level of education attained, number of components",DCCV_ATTPRINC,1.0,IT1
174_321_DF_DCCV_ATTPRINC_9,1.0,"Attività - sesso, condizione lavorativa, posizione nel nucleo","Activities - gender, main status, role in the household",DCCV_ATTPRINC,1.0,IT1
174_65,1.0,Distribuzione del carico di lavoro nelle coppie,Distribution of household work of couples,DCCV_ASIMMETRIA,1.0,IT1
174_65_DF_DCCV_ASIMMETRIA_1,1.0,"Coppia con o senza figli, età della donna, titolo di studio dell'uomo e della donna, condizione lavorativa della coppia","Couple with or withouth children, age of woman, highest level of education attained by man and woman, main status of couple",DCCV_ASIMMETRIA,1.0,IT1
174_65_DF_DCCV_ASIMMETRIA_2,1.0,"Coppia con o senza figli, età e posizione nella professione della donna, condizione lavorativa della coppia","Couple with or withouth children, age and role in employment of woman, main status of couple",DCCV_ASIMMETRIA,1.0,IT1
174_65_DF_DCCV_ASIMMETRIA_3,1.0,"Coppia con figli, età della donna, età del figlio più piccolo, numero di figli, condizione lavorativa della coppia","Couple with children, age of woman, age of youngest child, number of children, main status of couple",DCCV_ASIMMETRIA,1.0,IT1
174_65_DF_DCCV_ASIMMETRIA_4,1.0,"Coppia con o senza figli, età della donna e condizione lavorativa della coppia - reg.","Couple with or withouth children, age of woman, main status of couple - regions",DCCV_ASIMMETRIA,1.0,IT1
174_65_DF_DCCV_ASIMMETRIA_5,1.0,"Coppia con donna di 65 anni e più, titolo di studio della donna, titolo di studio dell'uomo","Couple with woman of 65 years and over, highest level of education attained by woman, highest level of education attained by man",DCCV_ASIMMETRIA,1.0,IT1
174_65_DF_DCCV_ASIMMETRIA_6,1.0,Coppia con donna di 65 anni e più - reg.,Couple with woman of 65 years and over - regions,DCCV_ASIMMETRIA,1.0,IT1
174_66,1.0,Tempo trascorso da solo o con altri,Time spent alone or with other people,DCCV_CONCHI,1.0,IT1
174_66_DF_DCCV_CONCHI_1,1.0,"Sesso, titolo di studio, ampiezza della famiglia","Gender, highest level of education attained, number of components",DCCV_CONCHI,1.0,IT1
174_66_DF_DCCV_CONCHI_2,1.0,"Sesso, cittadinanza","Gender, citizenship",DCCV_CONCHI,1.0,IT1
174_66_DF_DCCV_CONCHI_3,1.0,"Sesso, condizione lavorativa","Gender, main status",DCCV_CONCHI,1.0,IT1
174_66_DF_DCCV_CONCHI_4,1.0,"Sesso, stato civile, posizione nel nucleo","Gender, marital status, role in the household",DCCV_CONCHI,1.0,IT1
174_66_DF_DCCV_CONCHI_5,1.0,"Sesso, età - rip. e tipo di comune","Gender, age - geographical areas and type of municipalities",DCCV_CONCHI,1.0,IT1
174_66_DF_DCCV_CONCHI_6,1.0,"Bambini, sesso, età","Children, gender, age",DCCV_CONCHI,1.0,IT1
174_66_DF_DCCV_CONCHI_7,1.0,"Bambini, sesso, condizione lavorativa dei genitori - rip. e tipo di comune","Children, gender, main status parents - geographical areas and type of municipalities",DCCV_CONCHI,1.0,IT1
174_80,1.0,Attività quotidiane - persone in coppia,Daily activities - people in couple,DCCV_COPPIE,1.0,IT1
174_80_DF_DCCV_COPPIE_1,1.0,"Coppia con o senza figli, età e titolo di studio della donna, condizione lavorativa della coppia","Couple with or withouth children age and highest level of education attained by woman, main status of couple",DCCV_COPPIE,1.0,IT1
174_80_DF_DCCV_COPPIE_2,1.0,"Coppia con figli, età della donna, numero di figli e condizione lavorativa della coppia","Couple with children, age of woman, number of children and main status of couple",DCCV_COPPIE,1.0,IT1
174_80_DF_DCCV_COPPIE_3,1.0,"Coppia con figli, età della donna, età del figlio più piccolo e condizione lavorativa della coppia","Couple with children, age of woman, age of youngest child and main status of couple",DCCV_COPPIE,1.0,IT1
174_80_DF_DCCV_COPPIE_4,1.0,"Coppia con o senza figli, età della donna e condizione lavorativa della coppia - rip.","Couple with or without children, age of woman and main status of couple - geographical areas",DCCV_COPPIE,1.0,IT1
174_80_DF_DCCV_COPPIE_5,1.0,"Coppia con o senza figli con donna di 25-64 anni, condizione lavorativa della coppia - reg.","Couple with or without children with woman of 25-64 years, main status of couple - regions",DCCV_COPPIE,1.0,IT1
174_80_DF_DCCV_COPPIE_6,1.0,"Coppia con donna di 65 anni e più, titolo di studio della donna","Couple with woman of 65 years and over, highest level of education attained by woman",DCCV_COPPIE,1.0,IT1
174_80_DF_DCCV_COPPIE_7,1.0,Coppia con donna di 65 anni e più - reg.,Couple with woman of 65 years and over - regions,DCCV_COPPIE,1.0,IT1
174_81,1.0,Attività quotidiane -persone in coppia,Daily activities -people in couple,DCCV_COPPIE,1.0,IT1
174_81_DF_DCCV_COPPIE1_1,1.0,"Coppia con o senza figli, età e titolo di studio della donna, condizione lavorativa della coppia","Couple with or withouth children age and highest level of education attained by woman, main status of couple",DCCV_COPPIE,1.0,IT1
174_81_DF_DCCV_COPPIE1_2,1.0,"Coppia con figli, età della donna, numero di figli e condizione lavorativa della coppia","Couple with children, age of woman, number of children and main status of couple",DCCV_COPPIE,1.0,IT1
174_81_DF_DCCV_COPPIE1_3,1.0,"Coppia con figli, età della donna, età del figlio più piccolo e condizione lavorativa della coppia","Couple with children, age of woman, age of youngest child and main status of couple",DCCV_COPPIE,1.0,IT1
174_81_DF_DCCV_COPPIE1_4,1.0,"Coppia con o senza figli, età della donna e condizione lavorativa della coppia - rip.","Couple with or without children, age of woman and main status of couple - geographical areas",DCCV_COPPIE,1.0,IT1
174_81_DF_DCCV_COPPIE1_5,1.0,"Coppia con o senza figli con donna di 25-64 anni, condizione lavorativa della coppia - reg.","Couple with or without children with woman of 25-64 years, main status of couple - regions",DCCV_COPPIE,1.0,IT1
174_81_DF_DCCV_COPPIE1_6,1.0,"Coppia con donna di 65 anni e più, titolo di studio della donna","Couple with woman of 65 years and over, highest level of education attained by woman",DCCV_COPPIE,1.0,IT1
174_81_DF_DCCV_COPPIE1_7,1.0,Coppia con donna di 65 anni e più - reg.,Couple with woman of 65 years and over - regions,DCCV_COPPIE,1.0,IT1
174_82,1.0,Luoghi frequentati,Locations frequented,DCCV_LUOGHI,1.0,IT1
174_82_DF_DCCV_LUOGHI_1,1.0,"Sesso, titolo di studio, ampiezza della famiglia","Gender, highest level of education attained, number of components",DCCV_LUOGHI,1.0,IT1
174_82_DF_DCCV_LUOGHI_10,1.0,"Punti orari - sesso, età - rip. tipo di comune","Time period - gender, age, geographical areas and type of municipalities",DCCV_LUOGHI,1.0,IT1
174_82_DF_DCCV_LUOGHI_2,1.0,"Sesso, cittadinanza","Gender, citizenship",DCCV_LUOGHI,1.0,IT1
174_82_DF_DCCV_LUOGHI_3,1.0,"Sesso, condizione lavorativa","Gender, main status",DCCV_LUOGHI,1.0,IT1
174_82_DF_DCCV_LUOGHI_4,1.0,"Sesso, stato civile, posizione nel nucleo","Gender, marital status, role in the household",DCCV_LUOGHI,1.0,IT1
174_82_DF_DCCV_LUOGHI_5,1.0,"Sesso, età - reg. tipo di comune","Gender, age - regions and type of municipalities",DCCV_LUOGHI,1.0,IT1
174_82_DF_DCCV_LUOGHI_6,1.0,"Bambini, sesso, età","Children, gender, age",DCCV_LUOGHI,1.0,IT1
174_82_DF_DCCV_LUOGHI_7,1.0,"Bambini, sesso, condizione lavorativa dei genitori - rip. e tipo di comune","Children, gender, main status parents - geographical areas and type of municipalities",DCCV_LUOGHI,1.0,IT1
174_82_DF_DCCV_LUOGHI_8,1.0,"Punti orari - sesso, titolo di studio","Time period - gender, highest level of education attained",DCCV_LUOGHI,1.0,IT1
174_82_DF_DCCV_LUOGHI_9,1.0,"Punti orari - sesso, posizione nel nucleo, condizione lavorativa","Time period - gender, role in the household, main status",DCCV_LUOGHI,1.0,IT1
183_1163,1.0,Unità locali e addetti - territorio anno riferimento dati,Local units and persons employed - territory at data reference year,DICA_ASIAULP_TERRIFDATA,1.0,IT1
183_1163_DF_DICA_ASIAULP_TERRIFDATA_1,1.0,Unità locali e addetti - Territorio anno riferimento dati - Principali dati,Local units and persons employed - Territory at data reference year - Key data,DICA_ASIAULP_TERRIFDATA,1.0,IT1
183_1163_DF_DICA_ASIAULP_TERRIFDATA_2,1.0,Settori economici (Ateco 5 cifre) - tipo e ampiezza demografica dei comuni e prov.,Economic activities (Nace 5 digit) - type and population size class of municipalities and prov.,DICA_ASIAULP_TERRIFDATA,1.0,IT1
183_1163_DF_DICA_ASIAULP_TERRIFDATA_3,1.0,Settori economici (Ateco 3 cifre) - com.,Economic activities (Nace 3 digit) - com.,DICA_ASIAULP_TERRIFDATA,1.0,IT1
183_1163_DF_DICA_ASIAULP_TERRIFDATA_4,1.0,"Classe di addetti, settori economici (Ateco 5 cifre) - Italia","Size class of persons employed, economic activities (Nace 5 digit) - Italy",DICA_ASIAULP_TERRIFDATA,1.0,IT1
183_1163_DF_DICA_ASIAULP_TERRIFDATA_5,1.0,"Classe di addetti, settori economici (Ateco 4 cifre) - rip.","Size class of persons employed, economic activities (Nace 4 digit) - geographical areas",DICA_ASIAULP_TERRIFDATA,1.0,IT1
183_1163_DF_DICA_ASIAULP_TERRIFDATA_6,1.0,"Classe di addetti, settori economici (Ateco 3 cifre) - prov.","Size class of persons employed, economic activities (Nace 3 digit) - prov.",DICA_ASIAULP_TERRIFDATA,1.0,IT1
183_1163_DF_DICA_ASIAULP_TERRIFDATA_7,1.0,"Classe di addetti, settori economici (Ateco 2 cifre) - com.","Size class of persons employed, Economic activities (Nace 2 digit) - municipalities",DICA_ASIAULP_TERRIFDATA,1.0,IT1
183_1163_DF_DICA_ASIAULP_TERRIFDATA_8,1.0,"Classe di addetti, settori economici (Ateco 1 cifra) - sll 2011","Size class of persons employed, economic activities (Nace 1 digit) - local labour market areas 2011",DICA_ASIAULP_TERRIFDATA,1.0,IT1
183_1163_DF_DICA_ASIAULP_TERRIFDATA_9,1.0,"Classe di addetti, settori economici (Ateco 1 cifra) - sll 2021","Size class of persons employed, economic activities (Nace 1 digit) - local labour market areas 2021",DICA_ASIAULP_TERRIFDATA,1.0,IT1
183_203,1.0,Imprese - occupati,Enterprises - human resources,DICA_ACDP,1.0,IT1
183_203_DF_DICA_ACDP_1,1.0,Imprese - occupati - Principali dati,Enterprises - human resources - Key data,DICA_ACDP,1.0,IT1
183_203_DF_DICA_ACDP_10,1.0,"Settori economici (Ateco 3 cifre), età","Economic activity (Nace 3 digit), age class",DICA_ACDP,1.0,IT1
183_203_DF_DICA_ACDP_11,1.0,"Settori economici (Ateco 3 cifre), paese di nascita","Economic activity (Nace 3 digit), country of birth",DICA_ACDP,1.0,IT1
183_203_DF_DICA_ACDP_12,1.0,"Sesso, classe di addetti","Gender, size class of persons employed",DICA_ACDP,1.0,IT1
183_203_DF_DICA_ACDP_13,1.0,"Sesso, forma giuridica","Gender, legal form",DICA_ACDP,1.0,IT1
183_203_DF_DICA_ACDP_14,1.0,"Sesso, età impresa","Gender, enterprise age class",DICA_ACDP,1.0,IT1
183_203_DF_DICA_ACDP_15,1.0,"Età, classe di addetti","Age class, size class of persons employed",DICA_ACDP,1.0,IT1
183_203_DF_DICA_ACDP_16,1.0,"Età, forma giuridica","Age class, legal form",DICA_ACDP,1.0,IT1
183_203_DF_DICA_ACDP_17,1.0,"Età, età impresa","Age class, enterprise age class",DICA_ACDP,1.0,IT1
183_203_DF_DICA_ACDP_18,1.0,"Paese nascita, classe di addetti","Country of birth, size class of persons employed",DICA_ACDP,1.0,IT1
183_203_DF_DICA_ACDP_19,1.0,"Paese nascita, forma giuridica","Country of birth, legal form",DICA_ACDP,1.0,IT1
183_203_DF_DICA_ACDP_2,1.0,"Macrosettori economici, classe di addetti","Sectors of economic activity, size class of persons employed",DICA_ACDP,1.0,IT1
183_203_DF_DICA_ACDP_20,1.0,"Paese nascita, età impresa","Country of birth, enterprise age class",DICA_ACDP,1.0,IT1
183_203_DF_DICA_ACDP_3,1.0,"Macrosettori economici, forma giuridica","Sectors of economic activity, legal form",DICA_ACDP,1.0,IT1
183_203_DF_DICA_ACDP_4,1.0,"Macrosettori economici, età impresa","Sectors of economic activity, enterprise age class",DICA_ACDP,1.0,IT1
183_203_DF_DICA_ACDP_5,1.0,Settori economici (Ateco 2 cifre),Economic activity (Nace 2 digit),DICA_ACDP,1.0,IT1
183_203_DF_DICA_ACDP_6,1.0,Classe di addetti - rip.,Size class of persons employed - geographical areas,DICA_ACDP,1.0,IT1
183_203_DF_DICA_ACDP_7,1.0,Forma giuridica - rip.,Legal form - geographical areas,DICA_ACDP,1.0,IT1
183_203_DF_DICA_ACDP_8,1.0,Età impresa - rip.,Enterprise age class - geographical areas,DICA_ACDP,1.0,IT1
183_203_DF_DICA_ACDP_9,1.0,"Settori economici (Ateco 3 cifre), sesso","Economic activity (Nace 3 digit), gender",DICA_ACDP,1.0,IT1
183_207,1.0,Imprese - lavoratori esterni per compensi percepiti e periodo di attività,Enterprises - outworkers by class of annual income and work period,DICA_AESTCP,1.0,IT1
183_207_DF_DICA_AESTCP_1,1.0,Imprese - lavoratori esterni per compensi percepiti e periodo di attività - Principali dati,Enterprises - outworkers by class of annual income and work period - Key data,DICA_AESTCP,1.0,IT1
183_207_DF_DICA_AESTCP_10,1.0,Età impresa - rip.,Enterprise age class - geographical areas,DICA_AESTCP,1.0,IT1
183_207_DF_DICA_AESTCP_11,1.0,Impresa con dipendenti - rip.,Enterprise with emploees - geographical areas,DICA_AESTCP,1.0,IT1
183_207_DF_DICA_AESTCP_12,1.0,Regioni,Regions,DICA_AESTCP,1.0,IT1
183_207_DF_DICA_AESTCP_13,1.0,Classe di addetti,Size class of persons employed,DICA_AESTCP,1.0,IT1
183_207_DF_DICA_AESTCP_14,1.0,Forma giuridica,Legal form,DICA_AESTCP,1.0,IT1
183_207_DF_DICA_AESTCP_15,1.0,Età impresa,Enterprise age class,DICA_AESTCP,1.0,IT1
183_207_DF_DICA_AESTCP_16,1.0,Impresa con dipendenti,Enterprise with emploees,DICA_AESTCP,1.0,IT1
183_207_DF_DICA_AESTCP_2,1.0,Settori economici (Ateco 3 cifre) - reg.,Economic activities (Nace 3 digit) - reg.,DICA_AESTCP,1.0,IT1
183_207_DF_DICA_AESTCP_3,1.0,"Macrosettori economici, classe di addetti","Sectors of economic activity, size class of persons employed",DICA_AESTCP,1.0,IT1
183_207_DF_DICA_AESTCP_4,1.0,"Macrosettori economici, forma giuridica","Sectors of economic activity, legal form",DICA_AESTCP,1.0,IT1
183_207_DF_DICA_AESTCP_5,1.0,"Macrosettori economici, età impresa","Sectors of economic activity, enterprise age class",DICA_AESTCP,1.0,IT1
183_207_DF_DICA_AESTCP_6,1.0,"Macrosettori economici, impresa con dipendenti","Sectors of economic activity, enterprise with employees",DICA_AESTCP,1.0,IT1
183_207_DF_DICA_AESTCP_7,1.0,Settori economici (Ateco 2 cifre),Economic activities (Nace 2 digit),DICA_AESTCP,1.0,IT1
183_207_DF_DICA_AESTCP_8,1.0,Classe di addetti - rip.,Size class of persons employeed - geographical areas,DICA_AESTCP,1.0,IT1
183_207_DF_DICA_AESTCP_9,1.0,Forma giuridica - rip.,Legal form - geographical areas,DICA_AESTCP,1.0,IT1
183_208,1.0,Imprese - lavoratori esterni,Enterprises - outworkers,DICA_AESTLP,1.0,IT1
183_208_DF_DICA_AESTLP_1,1.0,Imprese - lavoratori esterni - Principali dati,Enterprises - outworkers - Key data,DICA_AESTLP,1.0,IT1
183_208_DF_DICA_AESTLP_10,1.0,Regioni,Regions,DICA_AESTLP,1.0,IT1
183_208_DF_DICA_AESTLP_11,1.0,Classe di addetti,Size class of persons employed,DICA_AESTLP,1.0,IT1
183_208_DF_DICA_AESTLP_12,1.0,Forma giuridica,Legal form,DICA_AESTLP,1.0,IT1
183_208_DF_DICA_AESTLP_13,1.0,Età impresa e impresa con dipendenti,Enterprise age class and enterprise with employers,DICA_AESTLP,1.0,IT1
183_208_DF_DICA_AESTLP_2,1.0,Settori economici (Ateco 3 cifre) - reg.,Economic activity (Nace 3 digit) - reg.,DICA_AESTLP,1.0,IT1
183_208_DF_DICA_AESTLP_3,1.0,"Macrosettori economici, classe di addetti","Sectors of economic activity, size class of persons employed",DICA_AESTLP,1.0,IT1
183_208_DF_DICA_AESTLP_4,1.0,"Macrosettori economici, forma giuridica","Sectors of economic activity, legal form",DICA_AESTLP,1.0,IT1
183_208_DF_DICA_AESTLP_5,1.0,"Macrosettori economici, età impresa e impresa con dipendenti","Sectors of economic activity, enterprise age class and enterprise with employers",DICA_AESTLP,1.0,IT1
183_208_DF_DICA_AESTLP_6,1.0,Settori economici (Ateco 2 cifre),Economic activity (Nace 2 digit),DICA_AESTLP,1.0,IT1
183_208_DF_DICA_AESTLP_7,1.0,Classe di addetti - rip.,Size class of persons employed - geographical areas,DICA_AESTLP,1.0,IT1
183_208_DF_DICA_AESTLP_8,1.0,Forma giuridica - rip.,Legal form - geographical areas,DICA_AESTLP,1.0,IT1
183_208_DF_DICA_AESTLP_9,1.0,Età impresa e impresa con dipendenti - rip.,Enterprise age class and enterprise with employers - geographical areas,DICA_AESTLP,1.0,IT1
183_275,1.0,Imprese - lavoratori indipendenti,Eneterprises - self-employed,DICA_AINDP,1.0,IT1
183_275_DF_DICA_AINDP_1,1.0,Imprese - lavoratori indipendenti - Principali dati,Eneterprises - self-employed - Key data,DICA_AINDP,1.0,IT1
183_275_DF_DICA_AINDP_10,1.0,Sesso,Gender,DICA_AINDP,1.0,IT1
183_275_DF_DICA_AINDP_11,1.0,Età,Age class,DICA_AINDP,1.0,IT1
183_275_DF_DICA_AINDP_12,1.0,Paese di nascita,Country of birth,DICA_AINDP,1.0,IT1
183_275_DF_DICA_AINDP_13,1.0,Classe di addetti,Size class of persons employed,DICA_AINDP,1.0,IT1
183_275_DF_DICA_AINDP_14,1.0,Forma giuridica,Legal form,DICA_AINDP,1.0,IT1
183_275_DF_DICA_AINDP_15,1.0,Età impresa,Enterprise age class,DICA_AINDP,1.0,IT1
183_275_DF_DICA_AINDP_16,1.0,"Impresa con dipendenti, sesso","Enterprise with employees, gender",DICA_AINDP,1.0,IT1
183_275_DF_DICA_AINDP_17,1.0,"Impresa con dipendenti, età","Enterprise with employees, age class",DICA_AINDP,1.0,IT1
183_275_DF_DICA_AINDP_18,1.0,"Impresa con dipendenti, paese di nascita","Enterprise with employees, country of birth",DICA_AINDP,1.0,IT1
183_275_DF_DICA_AINDP_19,1.0,"Impresa con dipendenti, tipo di lavoratore indipendente","Enterprise with employees, type of self employed",DICA_AINDP,1.0,IT1
183_275_DF_DICA_AINDP_2,1.0,Settori economici (Ateco 3 cifre),Economic activity (Nace 3 digit),DICA_AINDP,1.0,IT1
183_275_DF_DICA_AINDP_3,1.0,"Macrosettori economici, classe di addetti","Sectors of economic activity, size class of persons employed",DICA_AINDP,1.0,IT1
183_275_DF_DICA_AINDP_4,1.0,"Macrosettori economici, forma giuridica","Sectors of economic activity, legal form",DICA_AINDP,1.0,IT1
183_275_DF_DICA_AINDP_5,1.0,"Macrosettori economici, età impresa, impresa con dipendenti","Sectors of economic activity, enterprise age class, enterprise with employes",DICA_AINDP,1.0,IT1
183_275_DF_DICA_AINDP_6,1.0,Settori economici (Ateco 2 cifre),Economic activity (Nace 2 digit),DICA_AINDP,1.0,IT1
183_275_DF_DICA_AINDP_7,1.0,Classe di addetti - rip.,Size class of persons employed - geographical areas,DICA_AINDP,1.0,IT1
183_275_DF_DICA_AINDP_8,1.0,Forma giuridica - rip.,Legal form - gegraphical areas,DICA_AINDP,1.0,IT1
183_275_DF_DICA_AINDP_9,1.0,"Età della impresa, impresa con dipendenti - rip.","Enterprise age class, enterprise with emplyes - geographical areas",DICA_AINDP,1.0,IT1
183_276,1.0,Imprese - lavoratori temporanei,Enterprises - temporary workers,DICA_AINTP,1.0,IT1
183_276_DF_DICA_AINTP_1,1.0,Imprese - lavoratori temporanei - Principali dati,Enterprises - temporary workers - Key data,DICA_AINTP,1.0,IT1
183_276_DF_DICA_AINTP_10,1.0,Regioni,Regions,DICA_AINTP,1.0,IT1
183_276_DF_DICA_AINTP_11,1.0,Classe di addetti,Size class of persons employed,DICA_AINTP,1.0,IT1
183_276_DF_DICA_AINTP_12,1.0,Forma giuridica,Legal form,DICA_AINTP,1.0,IT1
183_276_DF_DICA_AINTP_13,1.0,Età impresa,Enterprise age class,DICA_AINTP,1.0,IT1
183_276_DF_DICA_AINTP_14,1.0,"Impresa con dipendenti, sesso","Enterprise with employees, gender",DICA_AINTP,1.0,IT1
183_276_DF_DICA_AINTP_15,1.0,"Impresa con dipendenti, età","Enterprise with employees, age class",DICA_AINTP,1.0,IT1
183_276_DF_DICA_AINTP_16,1.0,"Impresa con dipendenti, paese di nascita","Enterprise with employees, country of birth",DICA_AINTP,1.0,IT1
183_276_DF_DICA_AINTP_17,1.0,"Impresa con dipendenti, periodo di attività svolto nell'impresa utilizzatrice","Enterprise with employess, work period carried out at the user enterprise",DICA_AINTP,1.0,IT1
183_276_DF_DICA_AINTP_2,1.0,Settori economici (Ateco 3 cifre) - reg.,Economic activity (Nace 3 digit) - reg.,DICA_AINTP,1.0,IT1
183_276_DF_DICA_AINTP_3,1.0,"Macrosettori economici, classe di addetti","Sectors of economic activity, size class of persons employed",DICA_AINTP,1.0,IT1
183_276_DF_DICA_AINTP_4,1.0,"Macrosettori economici, forma giuridica","Sectors of economic activity, legal form",DICA_AINTP,1.0,IT1
183_276_DF_DICA_AINTP_5,1.0,"Macrosettori economici, età impresa, impresa con dipendenti","Sectors of economic activity, enterprise age class, enterprise with empliees",DICA_AINTP,1.0,IT1
183_276_DF_DICA_AINTP_6,1.0,Settori economici (Ateco 2 cifre),Economic activity (Nace 2 digit),DICA_AINTP,1.0,IT1
183_276_DF_DICA_AINTP_7,1.0,Classe di addetti - rip.,Size class of persons employed - geographical areas,DICA_AINTP,1.0,IT1
183_276_DF_DICA_AINTP_8,1.0,Forma giuridica - rip.,Legal form - geographical areas,DICA_AINTP,1.0,IT1
183_276_DF_DICA_AINTP_9,1.0,"Età impresa, impresa con dipendenti - rip.","Enterprise age class, enterprise with employees - geographical areas",DICA_AINTP,1.0,IT1
183_277,1.0,Imprese e addetti,Enterprises and persons employed,DICA_ASIAUE1P,1.0,IT1
183_277_DF_DICA_ASIAUE1P_1,1.0,Imprese e addetti - Principali dati,Enterprises and persons employed - Key data,DICA_ASIAUE1P,1.0,IT1
183_277_DF_DICA_ASIAUE1P_2,1.0,"Imprese e addetti - Forma giuridica, settori economici (Ateco 5 cifre) - Italia","Enterprises and persons employed - Legal form, economic activity (Nace 5 digit) - Italy",DICA_ASIAUE1P,1.0,IT1
183_277_DF_DICA_ASIAUE1P_3,1.0,"Imprese e addetti - Forma giuridica, settori economici (Ateco 4 cifre) - ripartizioni","Enterprises and persons employed - Legal form, economic activity (Nace 4 digit) - geographical area",DICA_ASIAUE1P,1.0,IT1
183_277_DF_DICA_ASIAUE1P_4,1.0,"Imprese e addetti - Forma giuridica, settori economici (Ateco 3 cifre) - province","Enterprises and persons employed - Legal form, economic activity (Nace 3 digit) - provinces",DICA_ASIAUE1P,1.0,IT1
183_277_DF_DICA_ASIAUE1P_5,1.0,"Imprese e addetti - Forma giuridica, settori economici (Ateco 2 cifre) , classe di addetti - province","Enterprises and persons employed - Legal form, economic ativity (Nace 2 digit), size class of persons employed - provinces",DICA_ASIAUE1P,1.0,IT1
183_285,1.0,Unità locali e addetti,Local units and persons employed,DICA_ASIAULP,1.0,IT1
183_285_DF_DICA_ASIAULP_1,1.0,Unità locali e addetti - Principali dati,Local units and persons employed - Key data,DICA_ASIAULP,1.0,IT1
183_285_DF_DICA_ASIAULP_10,1.0,"Classe di addetti, settori economici (Ateco 1 cifra) - sll 2021","Size class of persons employed, economic activities (Nace 1 digit) - local labour market areas 2021",DICA_ASIAULP,1.0,IT1
183_285_DF_DICA_ASIAULP_2,1.0,Settori economici (Ateco 5 cifre) - tipo e ampiezza demografica dei comuni e prov.,Economic activities (Nace 5 digit) - type and population size class of municipalities and prov.,DICA_ASIAULP,1.0,IT1
183_285_DF_DICA_ASIAULP_3,1.0,Settori economici (Ateco 3 cifre) - com.,Economic activities (Nace 3 digit) - com.,DICA_ASIAULP,1.0,IT1
183_285_DF_DICA_ASIAULP_4,1.0,"Classe di addetti, settori economici (Ateco 5 cifre) - Italia","Size class of persons employed, economic activities (Nace 5 digit) - Italy",DICA_ASIAULP,1.0,IT1
183_285_DF_DICA_ASIAULP_5,1.0,"Classe di addetti, settori economici (Ateco 4 cifre) - rip.","Size class of persons employed, economic activities (Nace 4 digit) - geographical areas",DICA_ASIAULP,1.0,IT1
183_285_DF_DICA_ASIAULP_6,1.0,"Classe di addetti, settori economici (Ateco 3 cifre) - prov.","Size class of persons employed, economic activities (Nace 3 digit) - prov.",DICA_ASIAULP,1.0,IT1
183_285_DF_DICA_ASIAULP_7,1.0,"Classe di addetti, settori economici (Ateco 2 cifre) - com.","Size class of persons employed, Economic activities (Nace 2 digit) - municipalities",DICA_ASIAULP,1.0,IT1
183_285_DF_DICA_ASIAULP_8,1.0,"Classe di addetti, settori economici (Ateco 1 cifra) - sll 2011","Size class of persons employed, economic activities (Nace 1 digit) - local labour market areas 2011",DICA_ASIAULP,1.0,IT1
183_285_DF_DICA_ASIAULP_9,1.0,"Classe di addetti, settori economici (Ateco 1 cifra) - sll 2001","Size class of persons employed, economic activities (Nace 1 digit) - local labour market areas 2001",DICA_ASIAULP,1.0,IT1
183_286,1.0,Imprese - lavoratori dipendenti,Enterprises - employees,DICA_ADIPWP,1.0,IT1
183_286_DF_DICA_ADIPWP_1,1.0,Imprese - lavoratori dipendenti - Principali dati,Enterprises - employees - Key data,DICA_ADIPWP,1.0,IT1
183_286_DF_DICA_ADIPWP_10,1.0,"Forma giuridica, età - rip.","Legal form, age class - geographical areas",DICA_ADIPWP,1.0,IT1
183_286_DF_DICA_ADIPWP_11,1.0,"Forma giuridica, paese di nascita - rip.","Legal form, country of birth - geographical areas",DICA_ADIPWP,1.0,IT1
183_286_DF_DICA_ADIPWP_12,1.0,Settori economici (Ateco 3 cifre) - reg.,Economic activity (Nace 3 digit) - reg.,DICA_ADIPWP,1.0,IT1
183_286_DF_DICA_ADIPWP_13,1.0,Settori economici (Ateco 1 cifra) - prov.,Economic activities (Nace 1 digit) - prov.,DICA_ADIPWP,1.0,IT1
183_286_DF_DICA_ADIPWP_14,1.0,Classe di addetti - prov.,Size class of persons employed - prov.,DICA_ADIPWP,1.0,IT1
183_286_DF_DICA_ADIPWP_15,1.0,Forma giuridica - prov.,Legal form - prov.,DICA_ADIPWP,1.0,IT1
183_286_DF_DICA_ADIPWP_16,1.0,Età impresa - prov.,Enterprise age class - prov.,DICA_ADIPWP,1.0,IT1
183_286_DF_DICA_ADIPWP_17,1.0,"Macrosettori economici, classe di addetti",Sectors of economic activity. size class of persons employed,DICA_ADIPWP,1.0,IT1
183_286_DF_DICA_ADIPWP_18,1.0,"Macrosettori economici, età impresa","Sectors of economic activity, enterprise age class",DICA_ADIPWP,1.0,IT1
183_286_DF_DICA_ADIPWP_19,1.0,Macrosettori economici - rip.,Sectors of economic activity - geographical areas,DICA_ADIPWP,1.0,IT1
183_286_DF_DICA_ADIPWP_2,1.0,"Macrosettori economici, classe di addetti","Sectors of economic activity, size class of persons employed",DICA_ADIPWP,1.0,IT1
183_286_DF_DICA_ADIPWP_20,1.0,Settori economici (Ateco 2 cifre),Economic activities (Nace 2 digit),DICA_ADIPWP,1.0,IT1
183_286_DF_DICA_ADIPWP_21,1.0,Classe di addetti - rip.,Size class of persons employed - geographical areas,DICA_ADIPWP,1.0,IT1
183_286_DF_DICA_ADIPWP_22,1.0,Età impresa - rip.,Enterprise age class - geographical areas,DICA_ADIPWP,1.0,IT1
183_286_DF_DICA_ADIPWP_23,1.0,Regioni,Regions,DICA_ADIPWP,1.0,IT1
183_286_DF_DICA_ADIPWP_24,1.0,"Forma giuridica, sesso - rip.","Legal form, gender - geographical areas",DICA_ADIPWP,1.0,IT1
183_286_DF_DICA_ADIPWP_25,1.0,"Forma giuridica, età - rip.","Legal form, age class - geographical areas",DICA_ADIPWP,1.0,IT1
183_286_DF_DICA_ADIPWP_26,1.0,"Forma giuridica, paese di nascita - rip.","Legal form, country of birth - geographical areas",DICA_ADIPWP,1.0,IT1
183_286_DF_DICA_ADIPWP_27,1.0,Settori economici (Ateco 3 cifre) - reg.,Economic activities (Nace 3 digit) - reg.,DICA_ADIPWP,1.0,IT1
183_286_DF_DICA_ADIPWP_28,1.0,Settori economici (Ateco 1 cifra) - prov.,Economic activities (Nace 1 digit) - prov.,DICA_ADIPWP,1.0,IT1
183_286_DF_DICA_ADIPWP_29,1.0,Classe di addetti - prov.,Size class of persons employed - prov.,DICA_ADIPWP,1.0,IT1
183_286_DF_DICA_ADIPWP_3,1.0,"Macrosettori economici, età impresa","Sectors of economic activity, enterprise age class",DICA_ADIPWP,1.0,IT1
183_286_DF_DICA_ADIPWP_30,1.0,Forma giuridica - prov.,Legal form - prov.,DICA_ADIPWP,1.0,IT1
183_286_DF_DICA_ADIPWP_31,1.0,Età impresa - prov.,Enterprise age class - prov.,DICA_ADIPWP,1.0,IT1
183_286_DF_DICA_ADIPWP_32,1.0,"Macrosettori economici, classe di addetti","Sectors of economic activity, size class of persons employed",DICA_ADIPWP,1.0,IT1
183_286_DF_DICA_ADIPWP_33,1.0,"Macrosettori economici, età impresa","Sectors of economic activity, enterprise age class",DICA_ADIPWP,1.0,IT1
183_286_DF_DICA_ADIPWP_34,1.0,Macrosettori economici - rip.,Sectors of economic activity - geographical areas,DICA_ADIPWP,1.0,IT1
183_286_DF_DICA_ADIPWP_35,1.0,Settori economici (Ateco 2 cifre),Economic activities (Nace 2 digit),DICA_ADIPWP,1.0,IT1
183_286_DF_DICA_ADIPWP_36,1.0,Classe di addetti - rip.,Size class of persons employed - geographical areas,DICA_ADIPWP,1.0,IT1
183_286_DF_DICA_ADIPWP_37,1.0,Età impresa - rip.,Enterprise age class - geographical areas,DICA_ADIPWP,1.0,IT1
183_286_DF_DICA_ADIPWP_38,1.0,Regioni,Regions,DICA_ADIPWP,1.0,IT1
183_286_DF_DICA_ADIPWP_39,1.0,"Forma giuridica, sesso - rip.","Legal form, gender - geographical areas",DICA_ADIPWP,1.0,IT1
183_286_DF_DICA_ADIPWP_4,1.0,Macrosettori economici - rip.,Sectors of economic activity - geographical areas,DICA_ADIPWP,1.0,IT1
183_286_DF_DICA_ADIPWP_40,1.0,"Forma giuridica, età - rip.","Legal form, age class - geographical areas",DICA_ADIPWP,1.0,IT1
183_286_DF_DICA_ADIPWP_41,1.0,"Forma giuridica, paese di nascita - rip.","Legal form, country of birth - geographical areas",DICA_ADIPWP,1.0,IT1
183_286_DF_DICA_ADIPWP_42,1.0,Settori economici (Ateco 3 cifre) - reg.,Economic activities (Nace 3 digit) - reg.,DICA_ADIPWP,1.0,IT1
183_286_DF_DICA_ADIPWP_43,1.0,Settori economici (Ateco 1 cifra) - prov.,Economic activities (Nace 1 digit) - prov.,DICA_ADIPWP,1.0,IT1
183_286_DF_DICA_ADIPWP_44,1.0,Classe di addetti - prov.,Size class of persons employed - prov.,DICA_ADIPWP,1.0,IT1
183_286_DF_DICA_ADIPWP_45,1.0,Forma giuridica - prov.,Legal form - prov.,DICA_ADIPWP,1.0,IT1
183_286_DF_DICA_ADIPWP_46,1.0,Età impresa - prov.,Enterprise age class - prov.,DICA_ADIPWP,1.0,IT1
183_286_DF_DICA_ADIPWP_5,1.0,Settori economici (Ateco 2 cifre),Economic activities (Nace 2 digit),DICA_ADIPWP,1.0,IT1
183_286_DF_DICA_ADIPWP_6,1.0,Classe di addetti - rip.,Size class of persons employed - geographical areas,DICA_ADIPWP,1.0,IT1
183_286_DF_DICA_ADIPWP_7,1.0,Età impresa - rip.,Enterprise age class - geographical areas,DICA_ADIPWP,1.0,IT1
183_286_DF_DICA_ADIPWP_8,1.0,Regioni,Regions,DICA_ADIPWP,1.0,IT1
183_286_DF_DICA_ADIPWP_9,1.0,"Forma giuridica, sesso - rip.","Legal form, gender - geographical areas",DICA_ADIPWP,1.0,IT1
183_332,1.0,Unità locali - lavoratori dipendenti,Local units - employees,DICA_ASIAULOCCP,1.0,IT1
183_332_DF_DICA_ASIAULOCCP_1,1.0,"Classe di addetti, sesso, età - prov.","Size class of persons employed, gender, class age - prov.",DICA_ASIAULOCCP,1.0,IT1
183_332_DF_DICA_ASIAULOCCP_2,1.0,"Classe di addetti, paese di nascita - prov.","Size class of persons employed, country of birth - prov.",DICA_ASIAULOCCP,1.0,IT1
183_332_DF_DICA_ASIAULOCCP_3,1.0,"Classe di addetti, qualifica professionale - prov","Size class of persons employed, professional qualification - prov.",DICA_ASIAULOCCP,1.0,IT1
183_332_DF_DICA_ASIAULOCCP_4,1.0,"Settori economici (Ateco 3 cifre), sesso - prov.","Economic activities (Nace 3 digit), gender - prov.",DICA_ASIAULOCCP,1.0,IT1
183_332_DF_DICA_ASIAULOCCP_5,1.0,"Settori economici (Ateco 3 cifre), età - prov.","Economic activities (Nace 3 digit), age class - prov.",DICA_ASIAULOCCP,1.0,IT1
183_332_DF_DICA_ASIAULOCCP_6,1.0,"Settori economici (Ateco 3 cifre), paese di nascita - prov.","Economic activities (Nace 3 digit), country of birth - prov.",DICA_ASIAULOCCP,1.0,IT1
183_332_DF_DICA_ASIAULOCCP_7,1.0,"Settori economici (Ateco 3 cifre), qualifica professionale - prov.","Economic activities (Nace 3 digit), professional qualification - prov.",DICA_ASIAULOCCP,1.0,IT1
183_336,1.0,Imprese - lavoratori dipendenti beneficiari di sgravi contributivi,Enterprises - employees by social security contribution allowance,DICA_ADIPPP,1.0,IT1
183_336_DF_DICA_ADIPPP_1,1.0,"Sesso, macrosettori economici","Gender, sectors of economic activity",DICA_ADIPPP,1.0,IT1
183_336_DF_DICA_ADIPPP_2,1.0,"Sesso, classe di addetti","Gender, size class of persons employed",DICA_ADIPPP,1.0,IT1
183_336_DF_DICA_ADIPPP_3,1.0,Sesso - reg.,Gender - reg.,DICA_ADIPPP,1.0,IT1
183_336_DF_DICA_ADIPPP_4,1.0,"Età, macrosettori economici","Age class, sectors of economic activity",DICA_ADIPPP,1.0,IT1
183_336_DF_DICA_ADIPPP_5,1.0,"Età, classe di addetti","Age class, size class of persons employed",DICA_ADIPPP,1.0,IT1
183_336_DF_DICA_ADIPPP_6,1.0,Età - reg.,Age class - reg.,DICA_ADIPPP,1.0,IT1
183_336_DF_DICA_ADIPPP_7,1.0,"Paese di nascita, macrosettori economici","Country of birth, sectors of economic activity",DICA_ADIPPP,1.0,IT1
183_336_DF_DICA_ADIPPP_8,1.0,"Paese di nascita, classe di addetti","Country of birth, size class of persons employed",DICA_ADIPPP,1.0,IT1
183_336_DF_DICA_ADIPPP_9,1.0,Paese di nascita - reg.,Country of birth - reg.,DICA_ADIPPP,1.0,IT1
183_464,1.0,Imprese - occupati per titolo di studio,Enterprises - human resources by highest level of education attained,DICA_TISTUDIO,1.0,IT1
183_464_DF_DICA_TISTUDIO_1,1.0,Imprese - occupati per titolo di studio - Principali dati,Enterprises - human resources by highest level of education attained - Key data,DICA_TISTUDIO,1.0,IT1
183_464_DF_DICA_TISTUDIO_2,1.0,Qualifica professionale - rip.,Professional qualification - geographical areas,DICA_TISTUDIO,1.0,IT1
183_464_DF_DICA_TISTUDIO_3,1.0,"Paese di nascita, sesso, età - rip.","Country of bearth sex, age - geographical areas",DICA_TISTUDIO,1.0,IT1
183_464_DF_DICA_TISTUDIO_4,1.0,Sesso - reg.,Sex -reg.,DICA_TISTUDIO,1.0,IT1
183_464_DF_DICA_TISTUDIO_5,1.0,Età - reg.,Age -reg.,DICA_TISTUDIO,1.0,IT1
183_464_DF_DICA_TISTUDIO_6,1.0,Paese di nascita - reg.,Country of bearth -reg.,DICA_TISTUDIO,1.0,IT1
18_157,1.0,Bilancio energetico,Energy Balance,DCCV_BILENERG,1.0,IT1
18_157_DF_DCCV_BILENERG_1,1.0,Usi finali,End-use,DCCV_BILENERG,1.0,IT1
18_157_DF_DCCV_BILENERG_2,1.0,Consumo interno lordo,Gross domestic consumption,DCCV_BILENERG,1.0,IT1
18_635,1.0,Consumi energetici delle famiglie,Households energy consumption,DCCV_CENERG,1.0,IT1
18_635_DF_DCCV_CENERG_1,1.0,Spesa per tipo di fonte,Hoseholds expenditure for energy consumption,DCCV_CENERG,1.0,IT1
18_635_DF_DCCV_CENERG_10,1.0,Legna e pellets - reg.,Firewood and pellets - reg.,DCCV_CENERG,1.0,IT1
18_635_DF_DCCV_CENERG_11,1.0,Legna - tipo e canale approvvigionamento - reg.,Firewood - type and supply - reg.,DCCV_CENERG,1.0,IT1
18_635_DF_DCCV_CENERG_12,1.0,Lampadine - reg.,Bulbs - reg.,DCCV_CENERG,1.0,IT1
18_635_DF_DCCV_CENERG_13,1.0,Elettrodomestici - reg.,Appliances - reg.,DCCV_CENERG,1.0,IT1
18_635_DF_DCCV_CENERG_2,1.0,"Impianto riscaldamento - disponibilità, tipo e fonte - reg.","Heating - availability, type and source - reg.",DCCV_CENERG,1.0,IT1
18_635_DF_DCCV_CENERG_3,1.0,Impianto riscaldamento - tipo per fonte e frequenza d'uso,Heating - type of system by source and frequency use,DCCV_CENERG,1.0,IT1
18_635_DF_DCCV_CENERG_4,1.0,Impianto riscaldamento - frequenza d'uso - reg.,Heating - frequency use - reg.,DCCV_CENERG,1.0,IT1
18_635_DF_DCCV_CENERG_5,1.0,Impianto riscaldamento - ore di accensione - reg.,Heating - operating schedule - reg.,DCCV_CENERG,1.0,IT1
18_635_DF_DCCV_CENERG_6,1.0,"Impianto condizionamento - disponibilità, tipo e frequenza d'uso - reg.","Conditioner - availability, type of system and frequency of use - reg.",DCCV_CENERG,1.0,IT1
18_635_DF_DCCV_CENERG_7,1.0,Impianto condizionamento - ore di accensione - reg.,Conditioner - operating schedule - reg.,DCCV_CENERG,1.0,IT1
18_635_DF_DCCV_CENERG_8,1.0,"Riscaldamento acqua - disponibilità, tipo di impianto e fonte - reg.","Water system - availability, type and source - reg.",DCCV_CENERG,1.0,IT1
18_635_DF_DCCV_CENERG_9,1.0,Riscaldamento acqua - tipo di impianto e fonte di alimentazione,Water system - Type of system and energy source,DCCV_CENERG,1.0,IT1
19_366_DF_DCCN_PROTSOC_B19_1,1.0,Conti economici consolidati - edizioni ottobre 2019 - aprile 2024,Consolidated accounts  - editions from October 2019 to April 2024,DCCN_PROTSOC_B19,1.0,IT1
19_366_DF_DCCN_PROTSOC_B19_2,1.0,"Prestazioni secondo evento, rischio e bisogno - edizioni ottobre 2019 - aprile 2024","Social benefits by policy area, risk and need  - editions from October 2019 to April 2024",DCCN_PROTSOC_B19,1.0,IT1
1_1064,1.0,Sequenza dei conti trimestrali per settore istituzionale - edizioni ottobre 2019 - luglio 2024,Sequence of quarterly accounts by institutional sector - editions from October 2019 to July 2024,DCCN_ISTITUZ_QNA1_B19,1.0,IT1
1_1064_DF_DCCN_ISTITUZ_QNA1_B19_1,1.0,Sequenza dei conti - edizioni ottobre 2019 - luglio 2024,Sequence of accounts - editions from October 2019 to July 2024,DCCN_ISTITUZ_QNA1_B19,1.0,IT1
1_1064_DF_DCCN_ISTITUZ_QNA1_B19_2,1.0,Indicatori su famiglie e società non finanziarie - edizioni ottobre 2019 - luglio 2024,Key indicators on consumer households and non-financial corporations - editions from October 2019 to July 2024,DCCN_ISTITUZ_QNA1_B19,1.0,IT1
1_1064_DF_DCCN_ISTITUZ_QNA1_B19_3,1.0,Aggregati destagionalizzati - edizioni ottobre 2019 - luglio 2024,Seasonal adjusted aggregates - editions from October 2019 to July 2024,DCCN_ISTITUZ_QNA1_B19,1.0,IT1
1_184,1.0,Prodotto interno lordo e principali componenti - edizioni ottobre 2019 - settembre 2024,Gross Domestic Product and main components - editions from October 2019 to September 2024,DCCN_PILQ_B19,1.0,IT1
1_184_DF_DCCN_PILQ_B19_1,1.0,Prodotto interno lordo e principali componenti - edizioni ottobre 2019 - settembre 2024,Gross Domestic Product and main components - editions from October 2019 to September 2024,DCCN_PILQ_B19,1.0,IT1
1_88,1.0,Occupazione per branca di attività e popolazione - edizioni ottobre 2019 - settembre 2024,Employment breakdown by industry and population - editions from October 2019 to September 2024,DCCN_OCCQSEC2010_B19,1.0,IT1
1_88_DF_DCCN_OCCQSEC2010_B19_1,1.0,Occupazione per branca di attività - edizioni ottobre 2019 - settembre 2024,Employment breakdown by industry - editions from October 2019 to September 2024,DCCN_OCCQSEC2010_B19,1.0,IT1
1_88_DF_DCCN_OCCQSEC2010_B19_2,1.0,Popolazione media del periodo - edizioni ottobre 2019 - settembre 2024,Quarterly average population - editions from October 2019 to September 2024,DCCN_OCCQSEC2010_B19,1.0,IT1
1_963_DF_DCCN_SHA_B19_1,1.0,Spesa sanitaria per tipo di funzione di assistenza sanitaria e finanziamento - edizioni giugno 2020 - maggio 2024,Health expenditure by health care function and financing scheme - editions from June 2020 to May 2024,DCCN_SHA_B19,1.0,IT1
1_963_DF_DCCN_SHA_B19_2,1.0,Spesa sanitaria per tipo di funzione di assistenza sanitaria e soggetto erogatore - edizioni giugno 2020 - maggio 2024,Health expenditure by health care function and health care provider - editions from June 2020 to May 2024,DCCN_SHA_B19,1.0,IT1
1_963_DF_DCCN_SHA_B19_3,1.0,Spesa sanitaria per soggetto erogatore e tipo di finanziamento - edizioni giugno 2020 - maggio 2024,Health expenditure by health care provider and financing scheme - editions from June 2020 to May 2024,DCCN_SHA_B19,1.0,IT1
22_1201,1.0,Popolazione semi-super centenaria (105 anni e più),Semi-supercentenarian population (105 years and more),DCIS_SSCENT,1.0,IT1
22_1201_DF_DCIS_SSCENT_1,1.0,Popolazione semi-super centenaria (105 anni e più),Semi-supercentenarian population (105 years and more),DCIS_SSCENT,1.0,IT1
22_1240,1.0,Popolazione italiana residente all'estero - bilancio,Italian population residing abroad - balance,DCIS_POPITAESTBIL,1.0,IT1
22_1240_DF_DCIS_POPITAESTBIL_1,1.0,Popolazione italiana residente all'estero - bilancio,Italian population residing abroad - balance,DCIS_POPITAESTBIL,1.0,IT1
22_1262,1.0,Popolazione italiana residente all'estero,Italian population residing abroad,DCIS_POPITAEST,1.0,IT1
22_1262_DF_DCIS_POPITAEST_1,1.0,Popolazione al 1° gennaio per regione italiana e Paese estero di iscrizione AIRE,Population on 1st January by region and foreign country of AIRE registration,DCIS_POPITAEST,1.0,IT1
22_222_DF_DCSC_NONRESID_CONSTR_1,1.0,Fabbricati non residenziali nuovi e relative abitazioni - province e classi di comune,New non-residential buildings and related dwellings - provinces and municipality classes,DCSC_NONRESID_CONSTR,1.0,IT1
22_222_DF_DCSC_NONRESID_CONSTR_10,1.0,Ampliamenti di fabbricati non residenziali con o senza sopraelevazione - ripartizioni e classi di comune,Extensions of non-residential buildings by floor addiction - geographical areas and municipality classes,DCSC_NONRESID_CONSTR,1.0,IT1
22_222_DF_DCSC_NONRESID_CONSTR_2,1.0,Ampliamenti di fabbricati non residenziali e relative abitazioni - province e classi di comune,Extensions of non-residential buildingsand related dwellings - provinces and municipality classes,DCSC_NONRESID_CONSTR,1.0,IT1
22_222_DF_DCSC_NONRESID_CONSTR_3,1.0,Fabbricati non residenziali nuovi e ampliamenti per titolo abilitativo - ripartizioni e classi di comune,New non-residential buildings and extensions of non-residential buildings by title to build - geographical areas and municipality classes,DCSC_NONRESID_CONSTR,1.0,IT1
22_222_DF_DCSC_NONRESID_CONSTR_4,1.0,Fabbricati non residenziali nuovi e ampliamenti per durata prevista dei lavori - ripartizioni e classi di comune,New non-residential buildings and extensions of non-residential buildings by estimated duration of works - geographical areas and municipality classes,DCSC_NONRESID_CONSTR,1.0,IT1
22_222_DF_DCSC_NONRESID_CONSTR_5,1.0,Superfici dei fabbricati non residenziali nuovi per destinazione d'uso - ripartizioni e classi di comune,Surface areas of new non-residential building by intended use - geographical areas and municipality classes,DCSC_NONRESID_CONSTR,1.0,IT1
22_222_DF_DCSC_NONRESID_CONSTR_6,1.0,Superfici degli ampliamenti di fabbricati non residenziali per destinazione d'uso - ripartizioni e classi di comune,Surface areas of extensions of non-residential buildings by intended use - geographical areas and municipality classes,DCSC_NONRESID_CONSTR,1.0,IT1
22_222_DF_DCSC_NONRESID_CONSTR_7,1.0,Fabbricati non residenziali nuovi e ampliamenti per destinazione economica - province e classi di comune,New non-residential buildings and extensions of non-residential buildings by economic activity - provinces and municipality classes,DCSC_NONRESID_CONSTR,1.0,IT1
22_222_DF_DCSC_NONRESID_CONSTR_8,1.0,Fabbricati non residenziali nuovi e ampliamenti per richiedente il titolo abilitativo - regioni e classi di comune,New non-residential buildings and extensions of non-residential buildings by holder of the title to build - regions and municipality classes,DCSC_NONRESID_CONSTR,1.0,IT1
22_222_DF_DCSC_NONRESID_CONSTR_9,1.0,Fabbricati non residenziali nuovi per tipologia dell'impianto - ripartizioni e classi di comune,New non-residential buildings by heating system type - geographical areas and municipality classes,DCSC_NONRESID_CONSTR,1.0,IT1
22_289,1.0,Popolazione residente  al 1° gennaio,Resident population  on 1st January,DCIS_POPRES1,1.0,IT1
22_289_DF_DASH_DCIS_POPRES1_1,1.0,Dashboard - Tutti i comuni,Dashboard - All municipalities,DCIS_POPRES1,1.0,IT1
22_289_DF_DCIS_POPRES1_1,1.0,"Italia, regioni, province","Italy, regions, provinces",DCIS_POPRES1,1.0,IT1
22_289_DF_DCIS_POPRES1_10,1.0,Friuli Venezia Giulia,Friuli Venezia Giulia,DCIS_POPRES1,1.0,IT1
22_289_DF_DCIS_POPRES1_11,1.0,Emilia Romagna,Emilia Romagna,DCIS_POPRES1,1.0,IT1
22_289_DF_DCIS_POPRES1_12,1.0,Toscana,Toscana,DCIS_POPRES1,1.0,IT1
22_289_DF_DCIS_POPRES1_13,1.0,Umbria,Umbria,DCIS_POPRES1,1.0,IT1
22_289_DF_DCIS_POPRES1_14,1.0,Marche,Marche,DCIS_POPRES1,1.0,IT1
22_289_DF_DCIS_POPRES1_15,1.0,Lazio,Lazio,DCIS_POPRES1,1.0,IT1
22_289_DF_DCIS_POPRES1_16,1.0,Abruzzo,Abruzzo,DCIS_POPRES1,1.0,IT1
22_289_DF_DCIS_POPRES1_17,1.0,Molise,Molise,DCIS_POPRES1,1.0,IT1
22_289_DF_DCIS_POPRES1_18,1.0,Campania,Campania,DCIS_POPRES1,1.0,IT1
22_289_DF_DCIS_POPRES1_19,1.0,Puglia,Puglia,DCIS_POPRES1,1.0,IT1
22_289_DF_DCIS_POPRES1_1_YOU,1.0,"Italia, regioni, province - Giovani","Italia, regioni, province - Giovani",DCIS_POPRES1,1.0,IT1
22_289_DF_DCIS_POPRES1_2,1.0,Per fascia di età,By age,DCIS_POPRES1,1.0,IT1
22_289_DF_DCIS_POPRES1_20,1.0,Basilicata,Basilicata,DCIS_POPRES1,1.0,IT1
22_289_DF_DCIS_POPRES1_21,1.0,Calabria,Calabria,DCIS_POPRES1,1.0,IT1
22_289_DF_DCIS_POPRES1_22,1.0,Sicilia,Sicilia,DCIS_POPRES1,1.0,IT1
22_289_DF_DCIS_POPRES1_23,1.0,Sardegna,Sardegna,DCIS_POPRES1,1.0,IT1
22_289_DF_DCIS_POPRES1_24,1.0,Tutti i comuni per singola età,All municipalities by age,DCIS_POPRES1,1.0,IT1
22_289_DF_DCIS_POPRES1_25,1.0,Tutti i comuni per stato civile,All municipalities by marital status,DCIS_POPRES1,1.0,IT1
22_289_DF_DCIS_POPRES1_26,1.0,Tutti i comuni per singola età e stato civile,All municipalities by age and marital status,DCIS_POPRES1,1.0,IT1
22_289_DF_DCIS_POPRES1_3,1.0,Piemonte,Piemonte,DCIS_POPRES1,1.0,IT1
22_289_DF_DCIS_POPRES1_3B,1.0,Piemonte,Piemonte,DCIS_POPRES1,1.0,IT1
22_289_DF_DCIS_POPRES1_4,1.0,Valle d'Aosta/Vallée d'Aoste,Valle d'Aosta/Vallée d'Aoste,DCIS_POPRES1,1.0,IT1
22_289_DF_DCIS_POPRES1_5,1.0,Liguria,Liguria,DCIS_POPRES1,1.0,IT1
22_289_DF_DCIS_POPRES1_6,1.0,Lombardia,Lombardia,DCIS_POPRES1,1.0,IT1
22_289_DF_DCIS_POPRES1_7,1.0,Provincia Autonoma Bolzano/Bozen,Provincia Autonoma Bolzano/Bozen,DCIS_POPRES1,1.0,IT1
22_289_DF_DCIS_POPRES1_8,1.0,Provincia Autonoma Trento,Provincia Autonoma Trento,DCIS_POPRES1,1.0,IT1
22_289_DF_DCIS_POPRES1_9,1.0,Veneto,Veneto,DCIS_POPRES1,1.0,IT1
22_289_LT,1.0,Popolazione residente al 1° gennaio - provincia di Latina,Resident population on 1st January - province Latina,DCIS_POPRES1,1.0,IT1
22_293,1.0,Indicatori  demografici,Demographic  indicators,DCIS_INDDEMOG1,1.0,IT1
22_293_DF_DCIS_INDDEMOG1_1,1.0,Indicatori demografici,Demographic indicators,DCIS_INDDEMOG1,1.0,IT1
22_315,1.0,Popolazione residente  - bilancio,Resident population  - balance,DCIS_POPORESBIL1,1.0,IT1
22_315_DF_DASH_DCIS_POPORESBIL1_24,1.0,Tutti i comuni per singola età,All municipalities by age,DCIS_POPORESBIL1,1.0,IT1
22_315_DF_DCIS_POPORESBIL1_1,1.0,Dati annuali,Annual data,DCIS_POPORESBIL1,1.0,IT1
22_315_DF_DCIS_POPORESBIL1_10,1.0,Friuli-Venezia Giulia,Friuli-Venezia Giulia,DCIS_POPORESBIL1,1.0,IT1
22_315_DF_DCIS_POPORESBIL1_11,1.0,Emilia-Romagna,Emilia-Romagna,DCIS_POPORESBIL1,1.0,IT1
22_315_DF_DCIS_POPORESBIL1_12,1.0,Toscana,Toscana,DCIS_POPORESBIL1,1.0,IT1
22_315_DF_DCIS_POPORESBIL1_13,1.0,Umbria,Umbria,DCIS_POPORESBIL1,1.0,IT1
22_315_DF_DCIS_POPORESBIL1_14,1.0,Marche,Marche,DCIS_POPORESBIL1,1.0,IT1
22_315_DF_DCIS_POPORESBIL1_15,1.0,Lazio,Lazio,DCIS_POPORESBIL1,1.0,IT1
22_315_DF_DCIS_POPORESBIL1_16,1.0,Abruzzo,Abruzzo,DCIS_POPORESBIL1,1.0,IT1
22_315_DF_DCIS_POPORESBIL1_17,1.0,Molise,Molise,DCIS_POPORESBIL1,1.0,IT1
22_315_DF_DCIS_POPORESBIL1_18,1.0,Campania,Campania,DCIS_POPORESBIL1,1.0,IT1
22_315_DF_DCIS_POPORESBIL1_19,1.0,Puglia,Puglia,DCIS_POPORESBIL1,1.0,IT1
22_315_DF_DCIS_POPORESBIL1_2,1.0,Dati mensili,Monthly data,DCIS_POPORESBIL1,1.0,IT1
22_315_DF_DCIS_POPORESBIL1_20,1.0,Basilicata,Basilicata,DCIS_POPORESBIL1,1.0,IT1
22_315_DF_DCIS_POPORESBIL1_21,1.0,Calabria,Calabria,DCIS_POPORESBIL1,1.0,IT1
22_315_DF_DCIS_POPORESBIL1_22,1.0,Sicilia,Sicilia,DCIS_POPORESBIL1,1.0,IT1
22_315_DF_DCIS_POPORESBIL1_23,1.0,Sardegna,Sardegna,DCIS_POPORESBIL1,1.0,IT1
22_315_DF_DCIS_POPORESBIL1_24,1.0,Tutti i comuni,All municipalities,DCIS_POPORESBIL1,1.0,IT1
22_315_DF_DCIS_POPORESBIL1_3,1.0,Piemonte,Piemonte,DCIS_POPORESBIL1,1.0,IT1
22_315_DF_DCIS_POPORESBIL1_4,1.0,Valle d'Aosta/Vallée d'Aoste,Valle d'Aosta/Vallée d'Aoste,DCIS_POPORESBIL1,1.0,IT1
22_315_DF_DCIS_POPORESBIL1_5,1.0,Liguria,Liguria,DCIS_POPORESBIL1,1.0,IT1
22_315_DF_DCIS_POPORESBIL1_6,1.0,Lombardia,Lombardia,DCIS_POPORESBIL1,1.0,IT1
22_315_DF_DCIS_POPORESBIL1_7,1.0,Provincia Autonoma Bolzano/Bozen,Provincia Autonoma Bolzano/Bozen,DCIS_POPORESBIL1,1.0,IT1
22_315_DF_DCIS_POPORESBIL1_8,1.0,Provincia Autonoma Trento,Provincia Autonoma Trento,DCIS_POPORESBIL1,1.0,IT1
22_315_DF_DCIS_POPORESBIL1_9,1.0,Veneto,Veneto,DCIS_POPORESBIL1,1.0,IT1
22_389,1.0,Popolazione residente al 1° gennaio - ultimo anno disponibile,Resident population on 1st January - latest available year,DCIS_POPRES1,1.0,IT1
24_1149,1.0,Unioni civili-Caratteristiche demografiche,Civil partnerships-Demographic characteristics,DCIS_UNIONDEMO,1.0,IT1
24_1149_DF_DCIS_UNIONDEMO_1,1.0,Sesso (%),Gender (%),DCIS_UNIONDEMO,1.0,IT1
24_1149_DF_DCIS_UNIONDEMO_2,1.0,Stato civile (%),Marital status (%),DCIS_UNIONDEMO,1.0,IT1
24_1149_DF_DCIS_UNIONDEMO_3,1.0,"Classe di età, stato civile e sesso","Age class, marital status and sex",DCIS_UNIONDEMO,1.0,IT1
24_1149_DF_DCIS_UNIONDEMO_4,1.0,"Titolo di studio, stato civile e sesso","Education level, marital status and sex",DCIS_UNIONDEMO,1.0,IT1
24_1149_DF_DCIS_UNIONDEMO_5,1.0,Mese di costituzione e sesso,Month of constitution and sex,DCIS_UNIONDEMO,1.0,IT1
24_1149_DF_DCIS_UNIONDEMO_6,1.0,Regime patrimoniale e titolo di studio,Marital property system and education level,DCIS_UNIONDEMO,1.0,IT1
24_1149_DF_DCIS_UNIONDEMO_7,1.0,"Uniti per età, anno di nascita e stato civile","Partners by age, year of birth and marital status",DCIS_UNIONDEMO,1.0,IT1
24_1150,1.0,Unioni civili - Indicatori,Civil partnerships - Indicators,DCIS_UNIONIND,1.0,IT1
24_1150_DF_DCIS_UNIONIND_1,1.0,Indicatori,Indicators,DCIS_UNIONIND,1.0,IT1
24_1150_DF_DCIS_UNIONIND_2,1.0,Età media delle donne per stato civile,Average age at civil partnership by marital status women,DCIS_UNIONIND,1.0,IT1
24_1150_DF_DCIS_UNIONIND_3,1.0,Età media degli uomini per stato civile,Average age at civil partnership by marital status men,DCIS_UNIONIND,1.0,IT1
24_1151,1.0,Unioni civili - Caratteristiche socio-professionali,Civil partnerships - Socio-professional characteristics,DCIS_UNIONISOC,1.0,IT1
24_1151_DF_DCIS_UNIONISOC_1,1.0,Regime patrimoniale e posizione professionale,Marital property systems and professional position,DCIS_UNIONISOC,1.0,IT1
24_1151_DF_DCIS_UNIONISOC_2,1.0,Regime patrimoniale e condizione professionale,Marital property systems and professional status,DCIS_UNIONISOC,1.0,IT1
24_1151_DF_DCIS_UNIONISOC_3,1.0,Sesso e posizione professionale,Sex and professional position,DCIS_UNIONISOC,1.0,IT1
24_1151_DF_DCIS_UNIONISOC_4,1.0,Sesso e condizione professionale,Sex and professional status,DCIS_UNIONISOC,1.0,IT1
24_1151_DF_DCIS_UNIONISOC_5,1.0,Regione di nascita,Birth region,DCIS_UNIONISOC,1.0,IT1
24_1151_DF_DCIS_UNIONISOC_6,1.0,Regione di residenza,Residence region,DCIS_UNIONISOC,1.0,IT1
24_1151_DF_DCIS_UNIONISOC_7,1.0,Regione di nascita unito 2 e di residenza unito 1,Birth region of the partner 2 and residence region of the partner  1,DCIS_UNIONISOC,1.0,IT1
24_1151_DF_DCIS_UNIONISOC_8,1.0,Regione di nascita unito 1 e di residenza unito 2,Birth region of the partner 1 and residence region of the partner 2,DCIS_UNIONISOC,1.0,IT1
24_1152,1.0,Unioni civili - Cittadinanza,Civil partnerships - Citizenship,DCIS_UNIONICIT,1.0,IT1
24_1152_DF_DCIS_UNIONICIT_1,1.0,Unioni civili per sesso e tipologia di coppia,Civil partnerships by sex and type of couple,DCIS_UNIONICIT,1.0,IT1
24_1152_DF_DCIS_UNIONICIT_2,1.0,Unioni civili con almeno uno straniero per area di cittadinanza,Civil partnerships with at least a foreign partner by area of citizenship,DCIS_UNIONICIT,1.0,IT1
24_1152_DF_DCIS_UNIONICIT_3,1.0,Unioni civili con almeno uno straniero per paese di cittadinanza,Civil partnerships with at least a foreign partner by country of citizenship,DCIS_UNIONICIT,1.0,IT1
24_1152_DF_DCIS_UNIONICIT_4,1.0,Unioni civili di entrambi stranieri per paese di cittadinanza,Both foreign partners by country of citizenship,DCIS_UNIONICIT,1.0,IT1
24_1152_DF_DCIS_UNIONICIT_5,1.0,Unioni civili di entrambi stranieri per paese e confronto cittadinanza,Both foreign partners by country of citizenship and comparison of citizenship,DCIS_UNIONICIT,1.0,IT1
24_1152_DF_DCIS_UNIONICIT_6,1.0,Unioni civili per tipologia di coppia e titolo di studio,Type of couple and education level,DCIS_UNIONICIT,1.0,IT1
24_1152_DF_DCIS_UNIONICIT_7,1.0,Unioni civili per tipologia di coppia e stato civile,Type of couple and marital status,DCIS_UNIONICIT,1.0,IT1
24_186,1.0,Matrimoni,Marriages,DCIS_MATRDEMO,1.0,IT1
24_186_DF_DCIS_MATRDEMO_1,1.0,Rito (%),Rite (%),DCIS_MATRDEMO,1.0,IT1
24_186_DF_DCIS_MATRDEMO_10,1.0,Piemonte,Piemonte,DCIS_MATRDEMO,1.0,IT1
24_186_DF_DCIS_MATRDEMO_11,1.0,Valle d'Aosta/Vallée d'Aoste,Valle d'Aosta/Vallée d'Aoste,DCIS_MATRDEMO,1.0,IT1
24_186_DF_DCIS_MATRDEMO_12,1.0,Liguria,Liguria,DCIS_MATRDEMO,1.0,IT1
24_186_DF_DCIS_MATRDEMO_13,1.0,Lombardia,Lombardia,DCIS_MATRDEMO,1.0,IT1
24_186_DF_DCIS_MATRDEMO_14,1.0,Provincia Autonoma Bolzano/Bozen,Provincia Autonoma Bolzano/Bozen,DCIS_MATRDEMO,1.0,IT1
24_186_DF_DCIS_MATRDEMO_15,1.0,Provincia Autonoma Trento,Provincia Autonoma Trento,DCIS_MATRDEMO,1.0,IT1
24_186_DF_DCIS_MATRDEMO_16,1.0,Veneto,Veneto,DCIS_MATRDEMO,1.0,IT1
24_186_DF_DCIS_MATRDEMO_17,1.0,Friuli-Venezia Giulia,Friuli-Venezia Giulia,DCIS_MATRDEMO,1.0,IT1
24_186_DF_DCIS_MATRDEMO_18,1.0,Emilia-Romagna,Emilia-Romagna,DCIS_MATRDEMO,1.0,IT1
24_186_DF_DCIS_MATRDEMO_19,1.0,Toscana,Toscana,DCIS_MATRDEMO,1.0,IT1
24_186_DF_DCIS_MATRDEMO_2,1.0,Stato civile (%),Marital status (%),DCIS_MATRDEMO,1.0,IT1
24_186_DF_DCIS_MATRDEMO_20,1.0,Umbria,Umbria,DCIS_MATRDEMO,1.0,IT1
24_186_DF_DCIS_MATRDEMO_21,1.0,Marche,Marche,DCIS_MATRDEMO,1.0,IT1
24_186_DF_DCIS_MATRDEMO_22,1.0,Lazio,Lazio,DCIS_MATRDEMO,1.0,IT1
24_186_DF_DCIS_MATRDEMO_23,1.0,Abruzzo,Abruzzo,DCIS_MATRDEMO,1.0,IT1
24_186_DF_DCIS_MATRDEMO_24,1.0,Molise,Molise,DCIS_MATRDEMO,1.0,IT1
24_186_DF_DCIS_MATRDEMO_25,1.0,Campania,Campania,DCIS_MATRDEMO,1.0,IT1
24_186_DF_DCIS_MATRDEMO_26,1.0,Puglia,Puglia,DCIS_MATRDEMO,1.0,IT1
24_186_DF_DCIS_MATRDEMO_27,1.0,Basilicata,Basilicata,DCIS_MATRDEMO,1.0,IT1
24_186_DF_DCIS_MATRDEMO_28,1.0,Calabria,Calabria,DCIS_MATRDEMO,1.0,IT1
24_186_DF_DCIS_MATRDEMO_29,1.0,Sicilia,Sicilia,DCIS_MATRDEMO,1.0,IT1
24_186_DF_DCIS_MATRDEMO_3,1.0,Età e stato civile,Age and marital status,DCIS_MATRDEMO,1.0,IT1
24_186_DF_DCIS_MATRDEMO_30,1.0,Sardegna,Sardegna,DCIS_MATRDEMO,1.0,IT1
24_186_DF_DCIS_MATRDEMO_4,1.0,Classi di età,Age class,DCIS_MATRDEMO,1.0,IT1
24_186_DF_DCIS_MATRDEMO_5,1.0,"Rito, classe di età, stato civile","Rite, age class of the spouses, marital status",DCIS_MATRDEMO,1.0,IT1
24_186_DF_DCIS_MATRDEMO_6,1.0,"Rito, titolo di studio, stato civile","Rite, education level, marital status",DCIS_MATRDEMO,1.0,IT1
24_186_DF_DCIS_MATRDEMO_7,1.0,"Rito, mese di celebrazione","Rite, month of celebration",DCIS_MATRDEMO,1.0,IT1
24_186_DF_DCIS_MATRDEMO_8,1.0,Regime patrimoniale e titolo di studio,Marital property system and education level,DCIS_MATRDEMO,1.0,IT1
24_186_DF_DCIS_MATRDEMO_9,1.0,Tipo di comune e rito,Type of municipality and rite,DCIS_MATRDEMO,1.0,IT1
24_233_DF_DCAR_ENTIST_PA_2,1.0,"Entrate delle università, politecnici ed istituti di istruzione universitaria (euro)","Revenue of public universities, polytechnic institutes and institutes of higher education (euro)",DCAR_ENTIST_PA,1.0,IT1
24_386,1.0,Matrimoni - Caratteristiche socio-professionali,Marriages - Socio-professional characteristics,DCIS_MATRIMONI_SOC,1.0,IT1
24_386_DF_DCIS_MATRIMONI_SOC_1,1.0,"Settore economico, posizione professionale","Sector of economic activity, professional position",DCIS_MATRIMONI_SOC,1.0,IT1
24_386_DF_DCIS_MATRIMONI_SOC_2,1.0,Regime patrimoniale e condizione professionale,Marital property systems and professional status,DCIS_MATRIMONI_SOC,1.0,IT1
24_386_DF_DCIS_MATRIMONI_SOC_3,1.0,Regione di nascita,Birth region,DCIS_MATRIMONI_SOC,1.0,IT1
24_386_DF_DCIS_MATRIMONI_SOC_4,1.0,Regione di residenza,Residence region,DCIS_MATRIMONI_SOC,1.0,IT1
24_386_DF_DCIS_MATRIMONI_SOC_5,1.0,Regione di nascita della sposa e di residenza dello sposo,Birth region of the bride and residence region of the bridegroom,DCIS_MATRIMONI_SOC,1.0,IT1
24_386_DF_DCIS_MATRIMONI_SOC_6,1.0,Regione di nascita dello sposo e di residenza della sposa,Birth region of the bridegroom and residence region of the bride,DCIS_MATRIMONI_SOC,1.0,IT1
24_446,1.0,Matrimoni - Cittadinanza,Marriages - Citizenship,DCIS_MATRIMONICIT,1.0,IT1
24_446_DF_DCIS_MATRIMONICIT_1,1.0,Matrimoni - Cittadinanza - Principali dati,Marriages - Citizenship - Key data,DCIS_MATRIMONICIT,1.0,IT1
24_446_DF_DCIS_MATRIMONICIT_2,1.0,Matrimoni per tipologia di coppia,Marriages by type of couple,DCIS_MATRIMONICIT,1.0,IT1
24_446_DF_DCIS_MATRIMONICIT_3,1.0,Tipologia di coppia e area di cittadinanza,Type of couple and area of ​​citizenship,DCIS_MATRIMONICIT,1.0,IT1
24_446_DF_DCIS_MATRIMONICIT_4,1.0,Tipologia di coppia e paese di cittadinanza,Type of couple and country of citizenship,DCIS_MATRIMONICIT,1.0,IT1
24_446_DF_DCIS_MATRIMONICIT_5,1.0,Matrimoni di sposi entrambi stranieri per cittadinanza,Marriages of foreign spouses by citizenship,DCIS_MATRIMONICIT,1.0,IT1
24_446_DF_DCIS_MATRIMONICIT_6,1.0,Matrimoni di sposi entrambi stranieri per uguaglianza o meno della cittadinanza,Marriages of spouses both foreigners for equality or otherwise of citizenship,DCIS_MATRIMONICIT,1.0,IT1
24_446_DF_DCIS_MATRIMONICIT_7,1.0,Tipologia di coppia e titolo di studio,Type of couple and education level,DCIS_MATRIMONICIT,1.0,IT1
24_446_DF_DCIS_MATRIMONICIT_8,1.0,Primi o secondi matrimoni per tipologia di coppia,First or second marriages by type of couple,DCIS_MATRIMONICIT,1.0,IT1
24_446_DF_DCIS_MATRIMONICIT_9,1.0,Rito e tipologia di coppia,Rite and type of couple,DCIS_MATRIMONICIT,1.0,IT1
24_447,1.0,Sposi - Caratteristiche demografiche,Spouses - Demographic characteristics,DCIS_SPOSI,1.0,IT1
24_447_DF_DCIS_SPOSI_1,1.0,"Età, anno di nascita e stato civile","Age, year of birth and marital status",DCIS_SPOSI,1.0,IT1
24_447_DF_DCIS_SPOSI_2,1.0,Età e durata della vedovanza,Age and duration of widowhood,DCIS_SPOSI,1.0,IT1
24_447_DF_DCIS_SPOSI_3,1.0,Età e durata del divorzio,Age and duration of divorce,DCIS_SPOSI,1.0,IT1
24_447_DF_DCIS_SPOSI_4,1.0,"Rito, classe di età e titolo di studio","Rite, age class and education level",DCIS_SPOSI,1.0,IT1
24_84,1.0,Matrimoni - Indicatori,Marriages - Indicators,DCIS_MATRIND,1.0,IT1
24_84_DF_DCIS_MATRIND_1,1.0,Indicatori di nuzialità,Nuptiality,DCIS_MATRIND,1.0,IT1
24_84_DF_DCIS_MATRIND_2,1.0,Età media degli sposi per stato civile,Average age of bridegrooms at marriage by marital status,DCIS_MATRIND,1.0,IT1
24_84_DF_DCIS_MATRIND_3,1.0,Età media delle spose per stato civile,Average age of brides at marriage by marital status,DCIS_MATRIND,1.0,IT1
24_84_DF_DCIS_MATRIND_4,1.0,Numeri indice,Index numbers,DCIS_MATRIND,1.0,IT1
25_1242,1.0,Intenzioni di fecondità,Fertility intentions,DCCV_FERTINT1,1.0,IT1
25_1242_DF_DCCV_FERTINT1_1,1.0,Persone 18-49 anni che hanno intenzione di avere un figlio,People aged 18-49 who plan to have a child,DCCV_FERTINT1,1.0,IT1
25_1242_DF_DCCV_FERTINT1_2,1.0,Intenzione di avere figli entro tre anni,Intention to have children within three years,DCCV_FERTINT1,1.0,IT1
25_1242_DF_DCCV_FERTINT1_3,1.0,Intenzione di avere figli entro tre anni per numero di figli avuti,Intention to have children within three years by number of children had,DCCV_FERTINT1,1.0,IT1
25_1242_DF_DCCV_FERTINT1_4,1.0,Intenzione di avere figli entro tre anni delle persone con lo stesso territorio di residenza,Intention to have children within three years of persons with the same territory of residence,DCCV_FERTINT1,1.0,IT1
25_1242_DF_DCCV_FERTINT1_5,1.0,Intenzione di avere figli in futuro,Intention to have children in the future,DCCV_FERTINT1,1.0,IT1
25_1242_DF_DCCV_FERTINT1_6,1.0,Intenzione di avere figli in futuro per numero di figli avuti,Intention to have children in the future by number of children had,DCCV_FERTINT1,1.0,IT1
25_1242_DF_DCCV_FERTINT1_7,1.0,Intenzione di avere figli in futuro delle persone con lo stesso territorio di residenza,Intention to have children in the future of people with the same territory of residence,DCCV_FERTINT1,1.0,IT1
25_326,1.0,Indicatori  di fecondità,Fertility  indicators,DCIS_FECONDITA1,1.1,IT1
25_326_DF_DCIS_FECONDITA1_5,1.0,Tasso di fecondità totale per anno di evento e cittadinanza della madre,Total fertility rate by event year and mother's citizenship,DCIS_FECONDITA1,1.1,IT1
25_326_DF_DCIS_FECONDITA1_6,1.0,Età media delle madri al parto per anno di evento e cittadinanza della madre,Mean age of mothers at childbirth by event year and citizenship,DCIS_FECONDITA1,1.1,IT1
25_326_DF_DCIS_FECONDITA1_7,1.0,"Tassi di fecondità specifici per età della madre, anno di evento e cittadinanza della madre (per mille donne)","Fertility rates by mother's age, event year and mother's citizenship (per thousand women)",DCIS_FECONDITA1,1.1,IT1
25_326_DF_DCIS_FECONDITA1_8,1.0,Età media dei padri alla nascita del figlio,Mean age of the fathers at childbirth,DCIS_FECONDITA1,1.1,IT1
25_74,1.0,Nati vivi,Live births,DCIS_NATI2,1.0,IT1
25_74_DF_DCIS_NATI1_10,1.0,Padre - Età e stato civile (capoluoghi prov.),Father -  Age and marital status (administrative centre level),DCIS_NATI1,1.0,IT1
25_74_DF_DCIS_NATI1_11,1.0,Genitori - Età (capoluoghi prov.),Parents -  Age  (administrative centre level),DCIS_NATI1,1.0,IT1
25_74_DF_DCIS_NATI1_12,1.0,Genitori - Stato civile (capoluoghi prov.),Parents -  Marital status (administrative centre level),DCIS_NATI1,1.0,IT1
25_74_DF_DCIS_NATI1_13,1.0,Stato civile di lei e di lui,Marital status of her and him,DCIS_NATI1,1.0,IT1
25_74_DF_DCIS_NATI1_14,1.0,Età di lei e di lui,Age of her and him,DCIS_NATI1,1.0,IT1
25_74_DF_DCIS_NATI1_15,1.0,Caratteristiche della madre,Mother's characteristics,DCIS_NATI1,1.0,IT1
25_74_DF_DCIS_NATI1_16,1.0,Caratteristiche del padre,Father's characteristics,DCIS_NATI1,1.0,IT1
25_74_DF_DCIS_NATI1_17,1.0,Stime  (capoluoghi prov.),Estimate (administrative centre level),DCIS_NATI1,1.0,IT1
25_74_DF_DCIS_NATI1_7,1.0,Madre - Età e stato civile (capoluoghi prov.),Mother - Age class and marital status (administrative centre level),DCIS_NATI1,1.0,IT1
25_74_DF_DCIS_NATI1_8,1.0,Madre - Età e cittadinanza,Mother - Age and citizenship,DCIS_NATI1,1.0,IT1
25_74_DF_DCIS_NATI1_9,1.0,Madre - Età e anno di nascita,Mother - Age and year of birth,DCIS_NATI1,1.0,IT1
25_74_DF_DCIS_NATI2_1,1.0,Nati serie storica - prov.,Biths time series - prov.,DCIS_NATI2,1.0,IT1
25_74_DF_DCIS_NATI2_2,1.0,Sesso e cittadinanza del nato - prov.,Birth's sex and citizenship - prov.,DCIS_NATI2,1.0,IT1
25_74_DF_DCIS_NATI2_3,1.0,Continente di cittadinanza estera del nato - reg.,Continent of foreign citizenship - reg.,DCIS_NATI2,1.0,IT1
25_74_DF_DCIS_NATI2_4,1.0,Macro area di cittadinanza estera del nato - reg.,Continental macro-area of foreign citizenship - reg.,DCIS_NATI2,1.0,IT1
25_74_DF_DCIS_NATI2_5,1.0,Paese di cittadinanza estera del nato - reg.,Country of foreign citizenship - reg.,DCIS_NATI2,1.0,IT1
25_74_DF_DCIS_NATI2_6,1.0,Nati dentro e fuori dal matrimonio - prov.,Live births inside and out of wedlock - prov.,DCIS_NATI2,1.0,IT1
25_74_DF_DCIS_NATI2_7,1.0,Età e cittadinanza della madre - prov.,Mother's age and citizenship - prov.,DCIS_NATI2,1.0,IT1
25_74_DF_DCIS_NATI2_8,1.0,"Cittadinanza dei genitori, classe di età dei genitori - prov.","Citizenship parents, age of parents - prov.",DCIS_NATI2,1.0,IT1
25_74_DF_DCIS_NATI2_9,1.0,"Cittadinanza dei genitori, stato civile dei genitori - prov.","Citizenship parents, marital status of parents - prov.",DCIS_NATI2,1.0,IT1
25_944,1.0,Tavole di fecondità per ordine di nascita,Fertility tables by birth order,DCIS_ARCH_FEC,1.0,IT1
25_944_DF_DCIS_ARCH_FEC_10,1.0,Età media al parto per coorte e ordine di nascita,Age at childbirth by cohort and birth order,DCIS_ARCH_FEC,1.0,IT1
25_944_DF_DCIS_ARCH_FEC_11,1.0,"Tassi di fecondità specifci per età della madre, coorte e ordine di nascita (per mille donne)","Fertility rates by mother's age, cohort and birth order (per thousand women)",DCIS_ARCH_FEC,1.0,IT1
25_944_DF_DCIS_ARCH_FEC_5,1.0,Principali indicatori,Leading Indicators,DCIS_ARCH_FEC,1.0,IT1
25_944_DF_DCIS_ARCH_FEC_6,1.0,Tasso di fecondità totale per anno di evento e ordine di nascita,Total fertility rate by event year and birth order,DCIS_ARCH_FEC,1.0,IT1
25_944_DF_DCIS_ARCH_FEC_7,1.0,Età media al parto per anno di evento e ordine di nascita,Age at childbirth by event year and birth order,DCIS_ARCH_FEC,1.0,IT1
25_944_DF_DCIS_ARCH_FEC_8,1.0,"Tassi di fecondità specifici per età della madre, anno di evento e ordine di nascita (per mille donne)",Mothers age specific fertility rates by event year and birth order (per thousand women),DCIS_ARCH_FEC,1.0,IT1
25_944_DF_DCIS_ARCH_FEC_9,1.0,Tasso di fecondità totale per coorte e ordine di nascita,Total fertility rate by cohort and birth order,DCIS_ARCH_FEC,1.0,IT1
26_29,1.0,Decessi,Deaths,DCIS_DECESSI,1.0,IT1
26_295,1.0,Tavole di mortalità,Life tables,DCIS_MORTALITA1,1.0,IT1
26_295_DF_DCIS_MORTALITA1_1,1.0,Classi di età,Age class,DCIS_MORTALITA1,1.0,IT1
26_295_DF_DCIS_MORTALITA1_2,1.0,Singole età,Age,DCIS_MORTALITA1,1.0,IT1
26_29_DF_DCIS_DECESSI_1,1.0,Indicatori sintetici,Synthetic indicators,DCIS_DECESSI,1.0,IT1
26_29_DF_DCIS_DECESSI_2,1.0,Morti,Deaths,DCIS_DECESSI,1.0,IT1
26_29_DF_DCIS_DECESSI_3,1.0,Quozienti  specifici,Death rate,DCIS_DECESSI,1.0,IT1
270_239,1.0,Investimenti fissi lordi per branca proprietaria (NACE Rev.1.1) - edizione ottobre 2010,Gross fixed capital formation breakdown by industry (NACE Rev.1.1) - edition October 2010,DCCN_CAPITALT,1.0,IT1
270_242,1.0,Spesa per consumi finali delle famiglie - edizioni fino a novembre 2013,Final consumption expenditure of households - editions until November 2013,DCCN_CONSFAMT,1.0,IT1
270_243,1.0,Spesa per consumi finali della Pa - edizioni fino a novembre 2013,Final consumption expenditure of general government - editions until November 2013,DCCN_CONSPAT,1.0,IT1
270_248,1.0,Prodotto interno lordo lato produzione - edizioni fino a novembre 2013,Gross domestic product supply side - editions until November 2013,DCCN_PILPRODT,1.0,IT1
270_254,1.0,Sequenza dei conti - edizioni fino a novembre 2013,Sequence of accounts - editions until November 2013,DCCN_SEQZCONTIT,1.0,IT1
270_298,1.0,Aggregati dei conti per branca di attività (NACE Rev.2) - edizioni fino a novembre 2013,Accounts aggregates by industry (NACE Rev.2) - editions until November 2013,DCCN_AGGREGBRANCATREV2,1.0,IT1
270_301,1.0,Occupazione per branca di attività (NACE Rev.2) - edizioni fino a novembre 2013,Employment breakdown by industry (NACE Rev.2) - editions until November 2013,DCCN_OCCUPTREV2,1.0,IT1
270_303,1.0,Investimenti fissi lordi per branca proprietaria (NACE Rev.2) - edizioni febbraio 2012 - novembre 2013,Gross fixed capital formation breakdown by industry (NACE Rev.2) - editions  from February  2012 to November 2013,DCCN_CAPITALTREV2,1.0,IT1
272_1164,1.0,Relazioni di parentela e reti di supporto,Kinship and support network,DCCV_RELAZ_PARENT,1.0,IT1
272_1164_DF_DCCV_RELAZ_PARENT_1,1.0,Relazioni di parentela per territorio,Kinship by territory,DCCV_RELAZ_PARENT,1.0,IT1
272_1164_DF_DCCV_RELAZ_PARENT_2,1.0,"Relazioni di parentela - sesso, età","Kinship - sex, age",DCCV_RELAZ_PARENT,1.0,IT1
272_1164_DF_DCCV_RELAZ_PARENT_3,1.0,Persone per numero di nonni non conviventi per sesso e età,Grandparents - age and living closeness,DCCV_RELAZ_PARENT,1.0,IT1
272_1164_DF_DCCV_RELAZ_PARENT_4,1.0,Persone per numero di nonni non conviventi per territorio,Grandparents - number and territory,DCCV_RELAZ_PARENT,1.0,IT1
272_1164_DF_DCCV_RELAZ_PARENT_5,1.0,Prossimità abitativa per territorio,Living closeness - territorial data,DCCV_RELAZ_PARENT,1.0,IT1
272_1164_DF_DCCV_RELAZ_PARENT_6,1.0,"Prossimità abitativa - sesso, età","Living closeness - sex, age",DCCV_RELAZ_PARENT,1.0,IT1
272_1164_DF_DCCV_RELAZ_PARENT_7,1.0,Frequenza dei contatti per territorio,Frequency of contacts by territory,DCCV_RELAZ_PARENT,1.0,IT1
272_1164_DF_DCCV_RELAZ_PARENT_8,1.0,"Tipo e frequenza dei contatti - sesso, età","Type and frequency of contact - sex, age",DCCV_RELAZ_PARENT,1.0,IT1
27_349,1.0,Separazioni - Indicatori 2008-2014,Separations - Indicators 2008-2014,DCIS_SEPARAZIND,1.0,IT1
27_349_DF_DCIS_SEPARAZIND_1,1.0,Procedimenti e separazioni,Review proceedings,DCIS_SEPARAZIND,1.0,IT1
27_349_DF_DCIS_SEPARAZIND_2,1.0,Caratteristiche del matrimonio e della coppia,Marriage and couple characteristics,DCIS_SEPARAZIND,1.0,IT1
27_349_DF_DCIS_SEPARAZIND_3,1.0,Figli,Children,DCIS_SEPARAZIND,1.0,IT1
27_349_DF_DCIS_SEPARAZIND_4,1.0,Provvedimenti economici,Economic provisions,DCIS_SEPARAZIND,1.0,IT1
27_349_DF_DCIS_SEPARAZIND_5,1.0,Caratteristiche del matrimonio e della coppia - sintesi,Marriage and couple characteristics - synthesis,DCIS_SEPARAZIND,1.0,IT1
27_349_DF_DCIS_SEPARAZIND_6,1.0,Separazioni - Indicatori per coppie miste,Separations - Indicators by mixed couples,DCIS_SEPARAZIND,1.0,IT1
27_355,1.0,Divorzi - Indicatori 2008-2014,Divorces - Indicators 2008-2014,DCIS_DIVORZIND,1.0,IT1
27_355_DF_DCIS_DIVORZIND_1,1.0,Procedimenti e divorzi,Proceedings and divorces,DCIS_DIVORZIND,1.0,IT1
27_355_DF_DCIS_DIVORZIND_2,1.0,Caratteristiche del matrimonio e della coppia,Marriage and couple characteristics,DCIS_DIVORZIND,1.0,IT1
27_355_DF_DCIS_DIVORZIND_3,1.0,Figli,Children,DCIS_DIVORZIND,1.0,IT1
27_355_DF_DCIS_DIVORZIND_4,1.0,Provvedimenti economici,Economic provisions,DCIS_DIVORZIND,1.0,IT1
27_355_DF_DCIS_DIVORZIND_5,1.0,Caratteristiche del matrimonio e della coppia,Marriage and couple characteristics,DCIS_DIVORZIND,1.0,IT1
27_355_DF_DCIS_DIVORZIND_6,1.0,Divorzi - Indicatori per coppie miste,Divorces - Indicators for mixed couples,DCIS_DIVORZIND,1.0,IT1
27_384,1.0,Separazioni - Caratteristiche demografiche 2008-2014,Separations - Demographic characteristics 2008-2014,DCIS_SEPARAZDEMCONG,1.0,IT1
27_384_DF_DCIS_SEPARAZDEMCONG_1,1.0,Separazioni - Caratteristiche demografiche 2008-2014 - Principali dati,Separations - Demographic characteristics 2008-2014 - Key data,DCIS_SEPARAZDEMCONG,1.0,IT1
27_384_DF_DCIS_SEPARAZDEMCONG_2,1.0,Regione di nascita,Place of birth,DCIS_SEPARAZDEMCONG,1.0,IT1
27_384_DF_DCIS_SEPARAZDEMCONG_3,1.0,Regione di residenza,Place of residence,DCIS_SEPARAZDEMCONG,1.0,IT1
27_384_DF_DCIS_SEPARAZDEMCONG_4,1.0,Età alla separazione - coniugi,Age class at separation - spouses,DCIS_SEPARAZDEMCONG,1.0,IT1
27_384_DF_DCIS_SEPARAZDEMCONG_5,1.0,Età alla separazione - marito,Age class at separation - husband,DCIS_SEPARAZDEMCONG,1.0,IT1
27_384_DF_DCIS_SEPARAZDEMCONG_6,1.0,Età alla separazione - moglie,Age class at separation -  wife,DCIS_SEPARAZDEMCONG,1.0,IT1
27_384_DF_DCIS_SEPARAZDEMCONG_7,1.0,Età al matrimonio e anno di matrimonio,Age class at marriage and year of marriage,DCIS_SEPARAZDEMCONG,1.0,IT1
27_384_DF_DCIS_SEPARAZDEMCONG_8,1.0,Età al matrimonio - marito,Age class at marriage - husband,DCIS_SEPARAZDEMCONG,1.0,IT1
27_384_DF_DCIS_SEPARAZDEMCONG_9,1.0,Età al matrimonio - moglie,Age class at marriage - wife,DCIS_SEPARAZDEMCONG,1.0,IT1
27_385,1.0,Divorzi - Caratteristiche demografiche 2008-2014,Divorces - Demographic characteristics 2008-2014,DCIS_DIVORDEMCONG,1.0,IT1
27_385_DF_DCIS_DIVORDEMCONG_1,1.0,Divorzi - Caratteristiche demografiche 2008-2014 - Principali dati,Divorces - Demographic characteristics 2008-2014 - Key data,DCIS_DIVORDEMCONG,1.0,IT1
27_385_DF_DCIS_DIVORDEMCONG_2,1.0,Regione di nascita,Place of birth,DCIS_DIVORDEMCONG,1.0,IT1
27_385_DF_DCIS_DIVORDEMCONG_3,1.0,Regione di residenza,Place of residence,DCIS_DIVORDEMCONG,1.0,IT1
27_385_DF_DCIS_DIVORDEMCONG_4,1.0,Età al divorzio - coniugi,Age class at divorce - spouses,DCIS_DIVORDEMCONG,1.0,IT1
27_385_DF_DCIS_DIVORDEMCONG_5,1.0,Età al divorzio - marito,Age class at divorce - husband,DCIS_DIVORDEMCONG,1.0,IT1
27_385_DF_DCIS_DIVORDEMCONG_6,1.0,Età al divorzio - moglie,Age class at divorce - wife,DCIS_DIVORDEMCONG,1.0,IT1
27_385_DF_DCIS_DIVORDEMCONG_7,1.0,Età al matrimonio e anno di matrimonio,Age class at marriage and year of marriage,DCIS_DIVORDEMCONG,1.0,IT1
27_385_DF_DCIS_DIVORDEMCONG_8,1.0,Età al matrimonio - marito,Age class at marriage - husband,DCIS_DIVORDEMCONG,1.0,IT1
27_385_DF_DCIS_DIVORDEMCONG_9,1.0,Età al matrimonio - moglie,Age class at marriage - wife,DCIS_DIVORDEMCONG,1.0,IT1
27_467,1.0,Separazioni -  Caratteristiche demografiche,Separations -  Demographic characteristics,DCIS_SEPARAZDEMCONG1,1.0,IT1
27_467_DF_DCIS_SEPARAZDEMCONG1_1,1.0,Separazioni - Caratteristiche demografiche - Principali dati,Separations - Demographic characteristics - Key data,DCIS_SEPARAZDEMCONG1,1.0,IT1
27_467_DF_DCIS_SEPARAZDEMCONG1_2,1.0,Regione di nascita,Place of birth,DCIS_SEPARAZDEMCONG1,1.0,IT1
27_467_DF_DCIS_SEPARAZDEMCONG1_3,1.0,Regione di residenza,Place of residence,DCIS_SEPARAZDEMCONG1,1.0,IT1
27_467_DF_DCIS_SEPARAZDEMCONG1_4,1.0,Età alla separazione - coniugi,Age class at separation - spouses,DCIS_SEPARAZDEMCONG1,1.0,IT1
27_467_DF_DCIS_SEPARAZDEMCONG1_5,1.0,Età alla separazione - marito,Age class at separation - husband,DCIS_SEPARAZDEMCONG1,1.0,IT1
27_467_DF_DCIS_SEPARAZDEMCONG1_6,1.0,Età alla separazione - moglie,Age class at separation -  wife,DCIS_SEPARAZDEMCONG1,1.0,IT1
27_467_DF_DCIS_SEPARAZDEMCONG1_7,1.0,Età al matrimonio e anno di matrimonio,Age class at marriage and year of marriage,DCIS_SEPARAZDEMCONG1,1.0,IT1
27_467_DF_DCIS_SEPARAZDEMCONG1_8,1.0,Età al matrimonio - marito,Age class at marriage - husband,DCIS_SEPARAZDEMCONG1,1.0,IT1
27_467_DF_DCIS_SEPARAZDEMCONG1_9,1.0,Età al matrimonio - moglie,Age class at marriage - wife,DCIS_SEPARAZDEMCONG1,1.0,IT1
27_468,1.0,Separazioni -  Caratteristiche socio-professionali,Separations -  Socio-professional characteristics,DCIS_SEPARAZSOC1,1.0,IT1
27_468_DF_DCIS_SEPARAZSOC1_1,1.0,Titolo di studio dei coniugi,Spouses education level,DCIS_SEPARAZSOC1,1.0,IT1
27_468_DF_DCIS_SEPARAZSOC1_2,1.0,Titolo di studio del marito,Husband education level,DCIS_SEPARAZSOC1,1.0,IT1
27_468_DF_DCIS_SEPARAZSOC1_3,1.0,Titolo di studio della moglie,Wife education level,DCIS_SEPARAZSOC1,1.0,IT1
27_468_DF_DCIS_SEPARAZSOC1_4,1.0,Condizione professionale dei coniugi,Spouses labour status,DCIS_SEPARAZSOC1,1.0,IT1
27_468_DF_DCIS_SEPARAZSOC1_5,1.0,Posizione nella professione dei coniugi,Spouses professional status,DCIS_SEPARAZSOC1,1.0,IT1
27_469,1.0,Separazioni -  Caratteristiche e figli,Separations -  Characteristics and children,DCIS_SEPARAZFIG1,1.0,IT1
27_469_DF_DCIS_SEPARAZFIG1_1,1.0,Separazioni - Caratteristiche e figli - Principali dati,Separations - Characteristics and children - Key data,DCIS_SEPARAZFIG1,1.0,IT1
27_469_DF_DCIS_SEPARAZFIG1_10,1.0,Età e numero di figli affidati,Age and number of children in custody,DCIS_SEPARAZFIG1,1.0,IT1
27_469_DF_DCIS_SEPARAZFIG1_11,1.0,Età dei figli affidati,Age of children in custody,DCIS_SEPARAZFIG1,1.0,IT1
27_469_DF_DCIS_SEPARAZFIG1_12,1.0,Tipo di affidamento,Type of custody,DCIS_SEPARAZFIG1,1.0,IT1
27_469_DF_DCIS_SEPARAZFIG1_13,1.0,Numero di figli affidati,Number of children in custody,DCIS_SEPARAZFIG1,1.0,IT1
27_469_DF_DCIS_SEPARAZFIG1_2,1.0,Tipo di separazione giudiziale,Type of judicial separation,DCIS_SEPARAZFIG1,1.0,IT1
27_469_DF_DCIS_SEPARAZFIG1_3,1.0,Modalità di esaurimento e rito di celebrazione del matrimonio,Type of proceedings and rite of marriage celebration,DCIS_SEPARAZFIG1,1.0,IT1
27_469_DF_DCIS_SEPARAZFIG1_4,1.0,Durata del matrimonio,Marriage duration,DCIS_SEPARAZFIG1,1.0,IT1
27_469_DF_DCIS_SEPARAZFIG1_5,1.0,Anno di matrimonio e numero di figli,Year of marriage and number of children,DCIS_SEPARAZFIG1,1.0,IT1
27_469_DF_DCIS_SEPARAZFIG1_6,1.0,Anno di matrimonio e presenza di figli affidati,Year of marriage and children in custody,DCIS_SEPARAZFIG1,1.0,IT1
27_469_DF_DCIS_SEPARAZFIG1_7,1.0,Presenza di figli affidati,Children in custody,DCIS_SEPARAZFIG1,1.0,IT1
27_469_DF_DCIS_SEPARAZFIG1_8,1.0,Anno di matrimonio,Year of marriage,DCIS_SEPARAZFIG1,1.0,IT1
27_469_DF_DCIS_SEPARAZFIG1_9,1.0,Età dei figli affidati e tipo di affidamento,Age of children in custody and type of custody,DCIS_SEPARAZFIG1,1.0,IT1
27_470,1.0,Divorzi -  Caratteristiche demografiche,Divorces -  Demographic characteristics,DCIS_DIVORDEMCONG1,1.0,IT1
27_470_DF_DCIS_DIVORDEMCONG1_1,1.0,Divorzi - Caratteristiche demografiche - Principali dati,Divorces - Demographic characteristics - Key data,DCIS_DIVORDEMCONG1,1.0,IT1
27_470_DF_DCIS_DIVORDEMCONG1_2,1.0,Regione di nascita,Place of birth,DCIS_DIVORDEMCONG1,1.0,IT1
27_470_DF_DCIS_DIVORDEMCONG1_3,1.0,Regione di residenza,Place of residence,DCIS_DIVORDEMCONG1,1.0,IT1
27_470_DF_DCIS_DIVORDEMCONG1_4,1.0,Età al divorzio - coniugi,Age class at divorce - spouses,DCIS_DIVORDEMCONG1,1.0,IT1
27_470_DF_DCIS_DIVORDEMCONG1_5,1.0,Età al divorzio - marito,Age class at divorce - husband,DCIS_DIVORDEMCONG1,1.0,IT1
27_470_DF_DCIS_DIVORDEMCONG1_6,1.0,Età al divorzio - moglie,Age class at divorce - wife,DCIS_DIVORDEMCONG1,1.0,IT1
27_470_DF_DCIS_DIVORDEMCONG1_7,1.0,Età al matrimonio e anno di matrimonio,Age class at marriage and year of marriage,DCIS_DIVORDEMCONG1,1.0,IT1
27_470_DF_DCIS_DIVORDEMCONG1_8,1.0,Età al matrimonio - marito,Age class at marriage - husband,DCIS_DIVORDEMCONG1,1.0,IT1
27_470_DF_DCIS_DIVORDEMCONG1_9,1.0,Età al matrimonio - moglie,Age class at marriage - wife,DCIS_DIVORDEMCONG1,1.0,IT1
27_474,1.0,Separazioni -  Indicatori,Separations -  Indicators,DCIS_SEPARAZIND1,1.0,IT1
27_474_DF_DCIS_SEPARAZIND1_1,1.0,Procedimenti e separazioni,Review proceedings,DCIS_SEPARAZIND1,1.0,IT1
27_474_DF_DCIS_SEPARAZIND1_2,1.0,Caratteristiche del matrimonio e della coppia,Marriage and couple characteristics,DCIS_SEPARAZIND1,1.0,IT1
27_474_DF_DCIS_SEPARAZIND1_3,1.0,Provvedimenti economici per il coniuge,Economic provisions for spouses,DCIS_SEPARAZIND1,1.0,IT1
27_474_DF_DCIS_SEPARAZIND1_4,1.0,Provvedimenti economici per i figli,Economic provisions for children,DCIS_SEPARAZIND1,1.0,IT1
27_474_DF_DCIS_SEPARAZIND1_5,1.0,Provvedimenti economici per i figli minori,Economic provisions for minor children,DCIS_SEPARAZIND1,1.0,IT1
27_474_DF_DCIS_SEPARAZIND1_6,1.0,Assegnazione dell'abitazione,Family house assignement,DCIS_SEPARAZIND1,1.0,IT1
27_475,1.0,Divorzi -  Caratteristiche socio-professionali,Divorces -  Socio-professional characteristics,DCIS_DIVSOC1,1.0,IT1
27_475_DF_DCIS_DIVSOC1_1,1.0,Titolo di studio dei coniugi,Spouses education level,DCIS_DIVSOC1,1.0,IT1
27_475_DF_DCIS_DIVSOC1_2,1.0,Titolo di studio del marito,Husband education level,DCIS_DIVSOC1,1.0,IT1
27_475_DF_DCIS_DIVSOC1_3,1.0,Titolo di studio della moglie,Wife education level,DCIS_DIVSOC1,1.0,IT1
27_475_DF_DCIS_DIVSOC1_4,1.0,Condizione professionale dei coniugi,Spouses labour status,DCIS_DIVSOC1,1.0,IT1
27_475_DF_DCIS_DIVSOC1_5,1.0,Posizione nella professione dei coniugi,Spouses professional status,DCIS_DIVSOC1,1.0,IT1
27_731,1.0,Separazioni - caratteristiche e figli minori affidati 2008-2014,Separations - Characteristics and minor children in custody 2008-2014,DCIS_SEPARAZFIG,1.0,IT1
27_731_DF_DCIS_SEPARAZFIG_1,1.0,Separazioni - caratteristiche e figli minori affidati 2008-2014 - Principali dati,Separations - Characteristics and minor children in custody 2008-2014 - Key data,DCIS_SEPARAZFIG,1.0,IT1
27_731_DF_DCIS_SEPARAZFIG_10,1.0,Età e numero di figli affidati,Age and number of children in custody,DCIS_SEPARAZFIG,1.0,IT1
27_731_DF_DCIS_SEPARAZFIG_11,1.0,Età dei figli affidati,Age of children in custody,DCIS_SEPARAZFIG,1.0,IT1
27_731_DF_DCIS_SEPARAZFIG_12,1.0,Tipo di affidamento,Type of custody,DCIS_SEPARAZFIG,1.0,IT1
27_731_DF_DCIS_SEPARAZFIG_13,1.0,Numero di figli affidati,Number of children in custody,DCIS_SEPARAZFIG,1.0,IT1
27_731_DF_DCIS_SEPARAZFIG_2,1.0,Tipo di separazione giudiziale,Type of judicial separation,DCIS_SEPARAZFIG,1.0,IT1
27_731_DF_DCIS_SEPARAZFIG_3,1.0,Modalità di esaurimento e rito di celebrazione del matrimonio,Type of proceedings and rite of marriage celebration,DCIS_SEPARAZFIG,1.0,IT1
27_731_DF_DCIS_SEPARAZFIG_4,1.0,Durata del matrimonio,Marriage duration,DCIS_SEPARAZFIG,1.0,IT1
27_731_DF_DCIS_SEPARAZFIG_5,1.0,Anno di matrimonio e numero di figli,Year of marriage and number of children,DCIS_SEPARAZFIG,1.0,IT1
27_731_DF_DCIS_SEPARAZFIG_6,1.0,Anno di matrimonio e presenza di figli affidati,Year of marriage and children in custody,DCIS_SEPARAZFIG,1.0,IT1
27_731_DF_DCIS_SEPARAZFIG_7,1.0,Presenza di figli affidati,Children in custody,DCIS_SEPARAZFIG,1.0,IT1
27_731_DF_DCIS_SEPARAZFIG_8,1.0,Anno di matrimonio,Year of marriage,DCIS_SEPARAZFIG,1.0,IT1
27_731_DF_DCIS_SEPARAZFIG_9,1.0,Età dei figli affidati e tipo di affidamento,Age of children in custody and type of custody,DCIS_SEPARAZFIG,1.0,IT1
27_748,1.0,Separazioni - Caratteristiche socio-professionali 2008-2014,Separations - Social characteristics 2008-2014,DCIS_SEPARAZSOC,1.0,IT1
27_748_DF_DCIS_SEPARAZSOC_1,1.0,Titolo di studio dei coniugi,Spouses education level,DCIS_SEPARAZSOC,1.0,IT1
27_748_DF_DCIS_SEPARAZSOC_2,1.0,Titolo di studio del marito,Husband education level,DCIS_SEPARAZSOC,1.0,IT1
27_748_DF_DCIS_SEPARAZSOC_3,1.0,Titolo di studio della moglie,Wife education level,DCIS_SEPARAZSOC,1.0,IT1
27_748_DF_DCIS_SEPARAZSOC_4,1.0,Condizione professionale dei coniugi,Spouses labour status,DCIS_SEPARAZSOC,1.0,IT1
27_748_DF_DCIS_SEPARAZSOC_5,1.0,Posizione nella professione dei coniugi,Spouses professional status,DCIS_SEPARAZSOC,1.0,IT1
27_748_DF_DCIS_SEPARAZSOC_6,1.0,Separazioni - Caratteristiche socio-professionali 2008-2014 - Principali dati,Separations - Social characteristics 2008-2014 - Key data,DCIS_SEPARAZSOC,1.0,IT1
27_749,1.0,Divorzi - Caratteristiche socio-professionali 2008-2014,Divorces - Social characteristics 2008-2014,DCIS_DIVSOC,1.0,IT1
27_749_DF_DCIS_DIVSOC_1,1.0,Titolo di studio dei coniugi,Spouses education level,DCIS_DIVSOC,1.0,IT1
27_749_DF_DCIS_DIVSOC_2,1.0,Titolo di studio del marito,Husband education level,DCIS_DIVSOC,1.0,IT1
27_749_DF_DCIS_DIVSOC_3,1.0,Titolo di studio della moglie,Wife education level,DCIS_DIVSOC,1.0,IT1
27_749_DF_DCIS_DIVSOC_4,1.0,Condizione professionale dei coniugi,Spouses labour status,DCIS_DIVSOC,1.0,IT1
27_749_DF_DCIS_DIVSOC_5,1.0,Posizione nella professione dei coniugi,Spouses professional status,DCIS_DIVSOC,1.0,IT1
27_749_DF_DCIS_DIVSOC_6,1.0,Divorzi - Caratteristiche socio-professionali 2008-2014 - Principali dati,Divorces - Social characteristics 2008-2014 - Key data,DCIS_DIVSOC,1.0,IT1
27_814,1.0,Divorzi - Caratteristiche e figli minori affidati 2008-2014,Divorces - Characteristics and minor children in custody 2008-2014,DCIS_DIVFIG,1.0,IT1
27_814_DF_DCIS_DIVFIG_1,1.0,Divorzi - Caratteristiche e figli minori affidati 2008-2014 - Principali dati,Divorces - Characteristics and minor children in custody 2008-2014 - Key data,DCIS_DIVFIG,1.0,IT1
27_814_DF_DCIS_DIVFIG_10,1.0,Coniuge che ha presentato la domanda di divorzio con rito giudiziale,Spouse who presented the petition for divorce with judicial proceeding,DCIS_DIVFIG,1.0,IT1
27_814_DF_DCIS_DIVFIG_11,1.0,Anno di matrimonio,Year of marriage,DCIS_DIVFIG,1.0,IT1
27_814_DF_DCIS_DIVFIG_12,1.0,Età dei figli affidati e tipo di affidamento,Number of children in custody and type of custody,DCIS_DIVFIG,1.0,IT1
27_814_DF_DCIS_DIVFIG_13,1.0,Età e numero di figli affidati,Age and number of children in custody,DCIS_DIVFIG,1.0,IT1
27_814_DF_DCIS_DIVFIG_14,1.0,Età dei figli affidati,Age of children in custody,DCIS_DIVFIG,1.0,IT1
27_814_DF_DCIS_DIVFIG_15,1.0,Tipo di affidamento,Type of custody,DCIS_DIVFIG,1.0,IT1
27_814_DF_DCIS_DIVFIG_16,1.0,Numero di figli affidati,Number of children in custody,DCIS_DIVFIG,1.0,IT1
27_814_DF_DCIS_DIVFIG_2,1.0,Rito di esaurimento,Rite of proceedings,DCIS_DIVFIG,1.0,IT1
27_814_DF_DCIS_DIVFIG_3,1.0,Periodo intercorso tra la separazione e l'iscrizione a ruolo del procedimento,Period between separation and filing of divorce proceedings,DCIS_DIVFIG,1.0,IT1
27_814_DF_DCIS_DIVFIG_4,1.0,Durata del matrimonio,Marriage duration,DCIS_DIVFIG,1.0,IT1
27_814_DF_DCIS_DIVFIG_5,1.0,Anno di matrimonio e modalità di esaurimento,Year of marriage and type of proceedings,DCIS_DIVFIG,1.0,IT1
27_814_DF_DCIS_DIVFIG_6,1.0,Modalità di esaurimento,Type of proceedings,DCIS_DIVFIG,1.0,IT1
27_814_DF_DCIS_DIVFIG_7,1.0,Anno di matrimonio e presenza di figli affidati,Year of marriage and children in custody,DCIS_DIVFIG,1.0,IT1
27_814_DF_DCIS_DIVFIG_8,1.0,Figli affidati,Children in custody,DCIS_DIVFIG,1.0,IT1
27_814_DF_DCIS_DIVFIG_9,1.0,Anno di matrimonio e numero di figli,Year of marriage and number of children,DCIS_DIVFIG,1.0,IT1
27_945,1.0,Divorzi - Caratteristiche e figli,Divorces - Characteristics and children,DCIS_DIVFIG1,1.0,IT1
27_945_DF_DCIS_DIVFIG1_1,1.0,Rito di esaurimento e rito di celebrazione del matrimonio,Rite of proceedings and rite of marriage celebration,DCIS_DIVFIG1,1.0,IT1
27_945_DF_DCIS_DIVFIG1_10,1.0,Età dei figli affidati e tipo di affidamento,Number of children in custody and type of custody,DCIS_DIVFIG1,1.0,IT1
27_945_DF_DCIS_DIVFIG1_11,1.0,Età e numero di figli affidati,Age and number of children in custody,DCIS_DIVFIG1,1.0,IT1
27_945_DF_DCIS_DIVFIG1_12,1.0,Età dei figli affidati,Age of children in custody,DCIS_DIVFIG1,1.0,IT1
27_945_DF_DCIS_DIVFIG1_13,1.0,Tipo di affidamento,Type of custody,DCIS_DIVFIG1,1.0,IT1
27_945_DF_DCIS_DIVFIG1_2,1.0,Periodo intercorso tra la separazione e l'iscrizione a ruolo del procedimento,Period between separation and filing of divorce proceedings,DCIS_DIVFIG1,1.0,IT1
27_945_DF_DCIS_DIVFIG1_3,1.0,Durata del matrimonio,Marriage duration,DCIS_DIVFIG1,1.0,IT1
27_945_DF_DCIS_DIVFIG1_4,1.0,Anno e rito di celebrazione del matrimonio,Year and rite of marriage celebration,DCIS_DIVFIG1,1.0,IT1
27_945_DF_DCIS_DIVFIG1_5,1.0,Anno di matrimonio e numero di figli,Year of marriage and number of children,DCIS_DIVFIG1,1.0,IT1
27_945_DF_DCIS_DIVFIG1_6,1.0,Anno di matrimonio e presenza di figli affidati,Year of marriage and children in custody,DCIS_DIVFIG1,1.0,IT1
27_945_DF_DCIS_DIVFIG1_7,1.0,Presenza di figli affidati,Children in custody,DCIS_DIVFIG1,1.0,IT1
27_945_DF_DCIS_DIVFIG1_8,1.0,Coniuge che ha presentato la domanda di divorzio con rito giudiziale,Spouse who presented the petition for divorce with judicial proceeding,DCIS_DIVFIG1,1.0,IT1
27_945_DF_DCIS_DIVFIG1_9,1.0,Anno di matrimonio,Year of marriage,DCIS_DIVFIG1,1.0,IT1
27_946,1.0,Divorzi  -  Indicatori,Divorces -  Indicators,DCIS_DIVORZIND1,1.0,IT1
27_946_DF_DCIS_DIVFIG1_14,1.0,Numero di figli affidati,Number of children in custody,DCIS_DIVFIG1,1.0,IT1
27_946_DF_DCIS_DIVORZIND1_1,1.0,Procedimenti e divorzi,Proceedings and divorces,DCIS_DIVORZIND1,1.0,IT1
27_946_DF_DCIS_DIVORZIND1_2,1.0,Caratteristiche del matrimonio e della coppia,Marriage and couple characteristics,DCIS_DIVORZIND1,1.0,IT1
27_946_DF_DCIS_DIVORZIND1_3,1.0,Provvedimenti economici per il coniuge,Economic provisions for spouses,DCIS_DIVORZIND1,1.0,IT1
27_946_DF_DCIS_DIVORZIND1_4,1.0,Provvedimenti economici per i figli,Economic provisions for children,DCIS_DIVORZIND1,1.0,IT1
27_946_DF_DCIS_DIVORZIND1_5,1.0,Provvedimenti economici per i figli minori,Economic provisions for minor children,DCIS_DIVORZIND1,1.0,IT1
27_946_DF_DCIS_DIVORZIND1_6,1.0,Assegnazione dell'abitazione,Family house assignement,DCIS_DIVORZIND1,1.0,IT1
284_103,1.0,Principali aggregati per branca di attività (Nace Rev.2) - edizioni ottobre 2011 - marzo 2014,Main aggregates by industry (Nace Rev.2) - editions  from October 2011 to March 2014,DCCN_AGGREGBRANCANREV2,1.0,IT1
284_104,1.0,Valori pro capite - edizioni ottobre 2011 - marzo 2014,Per capita values - editions  from October 2011 to March 2014,DCCN_VALPROCAPN,1.0,IT1
284_159,1.0,Prodotto interno lordo e principali componenti - edizioni fino a marzo 2014,Gross Domestic Product and main components - editions until March 2014,DCCN_AGGRPIL,1.0,IT1
284_238,1.0,"Investimenti fissi lordi, stock di capitale e ammortamenti per tipo di investimento e branca proprietaria (Nace Rev.1.1) - edizioni precedenti ottobre 2011","Gross fixed capital formation, stocks of fixed assets, consumption of fixed capital by asset and industry (Nace Rev.1.1) - editions prior to October 2011",DCCN_CAPITALN,1.0,IT1
284_240,1.0,Spesa per consumi finali delle famiglie - edizioni fino a marzo 2014,Final consumption expenditure of households - editions until March 2014,DCCN_CONSFAMN,1.0,IT1
284_249,1.0,Investimenti - edizioni fino a marzo 2014,Capital formation - editions until March 2014,DCCN_INVESTIN,1.0,IT1
284_252,1.0,Sequenza dei conti - edizioni fino a marzo 2014,Sequence of accounts - editions until March 2014,DCCN_SEQZCONTIN,1.0,IT1
284_302,1.0,"Investimenti fissi lordi, stock di capitale e ammortamenti per tipo di investimento e branca proprietaria (Nace Rev.2) - edizioni ottobre 2011 - marzo 2014","Gross fixed capital formation, stocks of fixed assets, consumption of fixed capital by asset and industry (Nace Rev.2) - editions  from October 2011 to March 2014",DCCN_CAPITALNREV2,1.0,IT1
284_9,1.0,Occupazione regolare ed irregolare - edizioni ottobre 2011 - marzo 2014,Regular and irregular employment - editions  from October 2011 to March 2014,DCCN_OCCUPNREV2,1.0,IT1
285_245,1.0,Contributi alla crescita del PIL - edizioni fino ad agosto 2014,Contributions to GDP growth - editions until August 2014,DCCN_CONTRIBQ,1.0,IT1
28_185,1.0,Migrazioni (Trasferimenti di residenza),Migration (Transfer of residence),DCIS_MIGRAZIONI,1.0,IT1
28_185_DF_DCIS_MIGRAZIONI_1,1.0,Migrazioni interne  - Italiani e stranieri,Internal migration - Italian and foreign,DCIS_MIGRAZIONI,1.0,IT1
28_185_DF_DCIS_MIGRAZIONI_2,1.0,Immigrati - cittadinanza,Immigrants - citizenship,DCIS_MIGRAZIONI,1.0,IT1
28_185_DF_DCIS_MIGRAZIONI_3,1.0,Immigrati - paesi di provenienza,Immigrants - country of origin,DCIS_MIGRAZIONI,1.0,IT1
28_185_DF_DCIS_MIGRAZIONI_4,1.0,Immigrati - province di destinazione,Immigrants - province of next residence,DCIS_MIGRAZIONI,1.0,IT1
28_185_DF_DCIS_MIGRAZIONI_5,1.0,Emigrati - cittadinanza,Emigrants - citizenship,DCIS_MIGRAZIONI,1.0,IT1
28_185_DF_DCIS_MIGRAZIONI_6,1.0,Emigrati - paesi di destinazione,Emigrants - countries of next residence,DCIS_MIGRAZIONI,1.0,IT1
28_185_DF_DCIS_MIGRAZIONI_7,1.0,Emigrati - province di origine,Emigrants - province of origin,DCIS_MIGRAZIONI,1.0,IT1
29_316,1.0,Stranieri residenti - Bilancio,Resident foreigners - Balance,DCIS_POPSTRBIL1,1.0,IT1
29_316_DF_DCIS_POPSTRBIL1_1,1.0,"Italia, regioni, province","Italy, regions, provinces",DCIS_POPSTRBIL1,1.0,IT1
29_316_DF_DCIS_POPSTRBIL1_10,1.0,Emilia-Romagna,Emilia-Romagna,DCIS_POPSTRBIL1,1.0,IT1
29_316_DF_DCIS_POPSTRBIL1_11,1.0,Toscana,Toscana,DCIS_POPSTRBIL1,1.0,IT1
29_316_DF_DCIS_POPSTRBIL1_12,1.0,Umbria,Umbria,DCIS_POPSTRBIL1,1.0,IT1
29_316_DF_DCIS_POPSTRBIL1_13,1.0,Marche,Marche,DCIS_POPSTRBIL1,1.0,IT1
29_316_DF_DCIS_POPSTRBIL1_14,1.0,Lazio,Lazio,DCIS_POPSTRBIL1,1.0,IT1
29_316_DF_DCIS_POPSTRBIL1_15,1.0,Abruzzo,Abruzzo,DCIS_POPSTRBIL1,1.0,IT1
29_316_DF_DCIS_POPSTRBIL1_16,1.0,Molise,Molise,DCIS_POPSTRBIL1,1.0,IT1
29_316_DF_DCIS_POPSTRBIL1_17,1.0,Campania,Campania,DCIS_POPSTRBIL1,1.0,IT1
29_316_DF_DCIS_POPSTRBIL1_18,1.0,Puglia,Puglia,DCIS_POPSTRBIL1,1.0,IT1
29_316_DF_DCIS_POPSTRBIL1_19,1.0,Basilicata,Basilicata,DCIS_POPSTRBIL1,1.0,IT1
29_316_DF_DCIS_POPSTRBIL1_2,1.0,Piemonte,Piemonte,DCIS_POPSTRBIL1,1.0,IT1
29_316_DF_DCIS_POPSTRBIL1_20,1.0,Calabria,Calabria,DCIS_POPSTRBIL1,1.0,IT1
29_316_DF_DCIS_POPSTRBIL1_21,1.0,Sicilia,Sicilia,DCIS_POPSTRBIL1,1.0,IT1
29_316_DF_DCIS_POPSTRBIL1_22,1.0,Sardegna,Sardegna,DCIS_POPSTRBIL1,1.0,IT1
29_316_DF_DCIS_POPSTRBIL1_23,1.0,Tutti i comuni,All municipalities,DCIS_POPSTRBIL1,1.0,IT1
29_316_DF_DCIS_POPSTRBIL1_3,1.0,Valle d'Aosta/Vallée d'Aoste,Valle d'Aosta/Vallée d'Aoste,DCIS_POPSTRBIL1,1.0,IT1
29_316_DF_DCIS_POPSTRBIL1_4,1.0,Liguria,Liguria,DCIS_POPSTRBIL1,1.0,IT1
29_316_DF_DCIS_POPSTRBIL1_5,1.0,Lombardia,Lombardia,DCIS_POPSTRBIL1,1.0,IT1
29_316_DF_DCIS_POPSTRBIL1_6,1.0,Provincia Autonoma Bolzano/Bozen,Provincia Autonoma Bolzano/Bozen,DCIS_POPSTRBIL1,1.0,IT1
29_316_DF_DCIS_POPSTRBIL1_7,1.0,Provincia Autonoma Trento,Provincia Autonoma Trento,DCIS_POPSTRBIL1,1.0,IT1
29_316_DF_DCIS_POPSTRBIL1_8,1.0,Veneto,Veneto,DCIS_POPSTRBIL1,1.0,IT1
29_316_DF_DCIS_POPSTRBIL1_9,1.0,Friuli-Venezia Giulia,Friuli-Venezia Giulia,DCIS_POPSTRBIL1,1.0,IT1
29_317,1.0,Stranieri residenti al 1° gennaio - Cittadinanza,Resident foreigners on 1st January - Citizenship,DCIS_POPSTRCIT1,1.0,IT1
29_317_DF_DCIS_POPSTRCIT1_1,1.0,"Italia, regioni, province - Paese di cittadinanza","Italy, regions, provinces - Country of citizenship",DCIS_POPSTRCIT1,1.0,IT1
29_317_DF_DCIS_POPSTRCIT1_10,1.0,Emilia-Romagna,Emilia-Romagna,DCIS_POPSTRCIT1,1.0,IT1
29_317_DF_DCIS_POPSTRCIT1_11,1.0,Toscana,Toscana,DCIS_POPSTRCIT1,1.0,IT1
29_317_DF_DCIS_POPSTRCIT1_12,1.0,Umbria,Umbria,DCIS_POPSTRCIT1,1.0,IT1
29_317_DF_DCIS_POPSTRCIT1_13,1.0,Marche,Marche,DCIS_POPSTRCIT1,1.0,IT1
29_317_DF_DCIS_POPSTRCIT1_14,1.0,Lazio,Lazio,DCIS_POPSTRCIT1,1.0,IT1
29_317_DF_DCIS_POPSTRCIT1_15,1.0,Abruzzo,Abruzzo,DCIS_POPSTRCIT1,1.0,IT1
29_317_DF_DCIS_POPSTRCIT1_16,1.0,Molise,Molise,DCIS_POPSTRCIT1,1.0,IT1
29_317_DF_DCIS_POPSTRCIT1_17,1.0,Campania,Campania,DCIS_POPSTRCIT1,1.0,IT1
29_317_DF_DCIS_POPSTRCIT1_18,1.0,Puglia,Puglia,DCIS_POPSTRCIT1,1.0,IT1
29_317_DF_DCIS_POPSTRCIT1_19,1.0,Basilicata,Basilicata,DCIS_POPSTRCIT1,1.0,IT1
29_317_DF_DCIS_POPSTRCIT1_2,1.0,Piemonte,Piemonte,DCIS_POPSTRCIT1,1.0,IT1
29_317_DF_DCIS_POPSTRCIT1_20,1.0,Calabria,Calabria,DCIS_POPSTRCIT1,1.0,IT1
29_317_DF_DCIS_POPSTRCIT1_21,1.0,Sicilia,Sicilia,DCIS_POPSTRCIT1,1.0,IT1
29_317_DF_DCIS_POPSTRCIT1_22,1.0,Sardegna,Sardegna,DCIS_POPSTRCIT1,1.0,IT1
29_317_DF_DCIS_POPSTRCIT1_23,1.0,Tutti i comuni,All municipalities,DCIS_POPSTRCIT1,1.0,IT1
29_317_DF_DCIS_POPSTRCIT1_24,1.0,"Italia, regioni, province - Area geopolitica di cittadinanza","Italy, regions, provinces - Area of citizenship",DCIS_POPSTRCIT1,1.0,IT1
29_317_DF_DCIS_POPSTRCIT1_3,1.0,Valle d'Aosta/Vallée d'Aoste,Valle d'Aosta/Vallée d'Aoste,DCIS_POPSTRCIT1,1.0,IT1
29_317_DF_DCIS_POPSTRCIT1_4,1.0,Liguria,Liguria,DCIS_POPSTRCIT1,1.0,IT1
29_317_DF_DCIS_POPSTRCIT1_5,1.0,Lombardia,Lombardia,DCIS_POPSTRCIT1,1.0,IT1
29_317_DF_DCIS_POPSTRCIT1_6,1.0,Provincia Autonoma Bolzano/Bozen,Provincia Autonoma Bolzano/Bozen,DCIS_POPSTRCIT1,1.0,IT1
29_317_DF_DCIS_POPSTRCIT1_7,1.0,Provincia Autonoma Trento,Provincia Autonoma Trento,DCIS_POPSTRCIT1,1.0,IT1
29_317_DF_DCIS_POPSTRCIT1_8,1.0,Veneto,Veneto,DCIS_POPSTRCIT1,1.0,IT1
29_317_DF_DCIS_POPSTRCIT1_9,1.0,Friuli-Venezia Giulia,Friuli-Venezia Giulia,DCIS_POPSTRCIT1,1.0,IT1
29_348,1.0,Permessi di soggiorno dei cittadini non comunitari,Residence permits of non-EU citizens,DCIS_PERMSOGG1,1.0,IT1
29_348_DF_DCIS_PERMSOGG1_1,1.0,Tipo di permesso e cittadinanza,Type of residence permit and citizenship,DCIS_PERMSOGG1,1.0,IT1
29_348_DF_DCIS_PERMSOGG1_10,1.0,"Cittadinanza, sesso, età","Citizenship, gender, age",DCIS_PERMSOGG1,1.0,IT1
29_348_DF_DCIS_PERMSOGG1_11,1.0,"Sesso, età, provincia","Gender, age, province",DCIS_PERMSOGG1,1.0,IT1
29_348_DF_DCIS_PERMSOGG1_2,1.0,Tipo di permesso e classe di età,Type of residence permit and age class,DCIS_PERMSOGG1,1.0,IT1
29_348_DF_DCIS_PERMSOGG1_3,1.0,Tipo di permesso e stato civile,Type of residence permit and marital status,DCIS_PERMSOGG1,1.0,IT1
29_348_DF_DCIS_PERMSOGG1_4,1.0,Tipo di permesso e provincia,Type of residence permit- prov,DCIS_PERMSOGG1,1.0,IT1
29_348_DF_DCIS_PERMSOGG1_5,1.0,Provincia e cittadinanza,Province and citizenship,DCIS_PERMSOGG1,1.0,IT1
29_348_DF_DCIS_PERMSOGG1_6,1.0,Provincia e classe di età,Province and age class,DCIS_PERMSOGG1,1.0,IT1
29_348_DF_DCIS_PERMSOGG1_7,1.0,Provincia e stato civile,Province and marital status,DCIS_PERMSOGG1,1.0,IT1
29_348_DF_DCIS_PERMSOGG1_8,1.0,Cittadinanza e motivo del permesso,Citizenship and reason,DCIS_PERMSOGG1,1.0,IT1
29_348_DF_DCIS_PERMSOGG1_9,1.0,Cittadinanza e stato civile,Citizenship and marital status,DCIS_PERMSOGG1,1.0,IT1
29_7,1.0,Stranieri residenti al 1° gennaio,Resident foreigners on 1st January,DCIS_POPSTRRES1,1.0,IT1
29_7_DF_DCIS_POPSTRRES1_1,1.0,"Italia, regioni, province","Italy, regions, provinces",DCIS_POPSTRRES1,1.0,IT1
29_7_DF_DCIS_POPSTRRES1_10,1.0,Emilia-Romagna,Emilia-Romagna,DCIS_POPSTRRES1,1.0,IT1
29_7_DF_DCIS_POPSTRRES1_11,1.0,Toscana,Toscana,DCIS_POPSTRRES1,1.0,IT1
29_7_DF_DCIS_POPSTRRES1_12,1.0,Umbria,Umbria,DCIS_POPSTRRES1,1.0,IT1
29_7_DF_DCIS_POPSTRRES1_13,1.0,Marche,Marche,DCIS_POPSTRRES1,1.0,IT1
29_7_DF_DCIS_POPSTRRES1_14,1.0,Lazio,Lazio,DCIS_POPSTRRES1,1.0,IT1
29_7_DF_DCIS_POPSTRRES1_15,1.0,Abruzzo,Abruzzo,DCIS_POPSTRRES1,1.0,IT1
29_7_DF_DCIS_POPSTRRES1_16,1.0,Molise,Molise,DCIS_POPSTRRES1,1.0,IT1
29_7_DF_DCIS_POPSTRRES1_17,1.0,Campania,Campania,DCIS_POPSTRRES1,1.0,IT1
29_7_DF_DCIS_POPSTRRES1_18,1.0,Puglia,Puglia,DCIS_POPSTRRES1,1.0,IT1
29_7_DF_DCIS_POPSTRRES1_19,1.0,Basilicata,Basilicata,DCIS_POPSTRRES1,1.0,IT1
29_7_DF_DCIS_POPSTRRES1_2,1.0,Piemonte,Piemonte,DCIS_POPSTRRES1,1.0,IT1
29_7_DF_DCIS_POPSTRRES1_20,1.0,Calabria,Calabria,DCIS_POPSTRRES1,1.0,IT1
29_7_DF_DCIS_POPSTRRES1_21,1.0,Sicilia,Sicilia,DCIS_POPSTRRES1,1.0,IT1
29_7_DF_DCIS_POPSTRRES1_22,1.0,Sardegna,Sardegna,DCIS_POPSTRRES1,1.0,IT1
29_7_DF_DCIS_POPSTRRES1_23,1.0,Tutti i comuni,All municipalities,DCIS_POPSTRRES1,1.0,IT1
29_7_DF_DCIS_POPSTRRES1_3,1.0,Valle d'Aosta/Vallée d'Aoste,Valle d'Aosta/Vallée d'Aoste,DCIS_POPSTRRES1,1.0,IT1
29_7_DF_DCIS_POPSTRRES1_4,1.0,Liguria,Liguria,DCIS_POPSTRRES1,1.0,IT1
29_7_DF_DCIS_POPSTRRES1_5,1.0,Lombardia,Lombardia,DCIS_POPSTRRES1,1.0,IT1
29_7_DF_DCIS_POPSTRRES1_6,1.0,Provincia Autonoma Bolzano/Bozen,Provincia Autonoma Bolzano/Bozen,DCIS_POPSTRRES1,1.0,IT1
29_7_DF_DCIS_POPSTRRES1_7,1.0,Provincia Autonoma Trento,Provincia Autonoma Trento,DCIS_POPSTRRES1,1.0,IT1
29_7_DF_DCIS_POPSTRRES1_8,1.0,Veneto,Veneto,DCIS_POPSTRRES1,1.0,IT1
29_7_DF_DCIS_POPSTRRES1_9,1.0,Friuli-Venezia Giulia,Friuli-Venezia Giulia,DCIS_POPSTRRES1,1.0,IT1
29_849,1.0,Acquisizioni di cittadinanza,Acquisitions of citizenship,DCIS_ACQCITIZ,1.0,IT1
29_849_DF_DCIS_ACQCITIZ_1,1.0,Modalità di acquisizione e classe di età,Process and age class,DCIS_ACQCITIZ,1.0,IT1
29_849_DF_DCIS_ACQCITIZ_2,1.0,Principali paesi di cittadinanza,Most relevant country of citizenship,DCIS_ACQCITIZ,1.0,IT1
29_849_DF_DCIS_ACQCITIZ_3,1.0,Modalità di acquisizione,Process,DCIS_ACQCITIZ,1.0,IT1
29_849_DF_DCIS_ACQCITIZ_4,1.0,Sesso,Gender,DCIS_ACQCITIZ,1.0,IT1
29_956,1.0,Stranieri residenti e condizioni di vita,Resident foreigners and life conditions,DCIS_CV_STRA,1.0,IT1
29_956_DF_DCIS_CV_STRA_1,1.0,Cittadinanza ed età,Citizenship and age,DCIS_CV_STRA,1.0,IT1
29_956_DF_DCIS_CV_STRA_10,1.0,Lingua madre,Mother tongue,DCIS_CV_STRA,1.0,IT1
29_956_DF_DCIS_CV_STRA_11,1.0,"Uso dell'italiano in famiglia e con amici, sesso ed età","Use of italian language in household and with friends, gender and age",DCIS_CV_STRA,1.0,IT1
29_956_DF_DCIS_CV_STRA_12,1.0,"Uso dell'italiano in famiglia e con amici, cittadinanza","Use of italian language in household and with friends, citizenship",DCIS_CV_STRA,1.0,IT1
29_956_DF_DCIS_CV_STRA_13,1.0,"Uso dell'italiano in famiglia e con amici, presenza in Italia","Use of italian language in household and with friends, presence in Italy",DCIS_CV_STRA,1.0,IT1
29_956_DF_DCIS_CV_STRA_14,1.0,"Uso dell'italiano in famiglia e con amici, tipologia familiare",Use of italian language in household and with friends and type of household,DCIS_CV_STRA,1.0,IT1
29_956_DF_DCIS_CV_STRA_15,1.0,Uso dell'italiano dei cittadini stranieri in coppia,Use of italian language of foreign citizen in couple,DCIS_CV_STRA,1.0,IT1
29_956_DF_DCIS_CV_STRA_16,1.0,"Uso dell'italiano al lavoro, sesso ed età","Use of italian language, gender and age",DCIS_CV_STRA,1.0,IT1
29_956_DF_DCIS_CV_STRA_17,1.0,Uso dell'italiano al lavoro e cittadinanza,Use of italian language at work e citizenship,DCIS_CV_STRA,1.0,IT1
29_956_DF_DCIS_CV_STRA_18,1.0,"Eventi discriminatori dichiarati, sesso ed età","Discriminations suffered, gender and age",DCIS_CV_STRA,1.0,IT1
29_956_DF_DCIS_CV_STRA_19,1.0,Eventi discriminatori dichiarati e cittadinanza,Discriminations suffered and citizenship,DCIS_CV_STRA,1.0,IT1
29_956_DF_DCIS_CV_STRA_2,1.0,Cittadinanza e presenza in Italia,Citizenship and presence in Italy,DCIS_CV_STRA,1.0,IT1
29_956_DF_DCIS_CV_STRA_20,1.0,Eventi discriminatori dichiarati e titolo di studio,Discriminations suffered and level of education,DCIS_CV_STRA,1.0,IT1
29_956_DF_DCIS_CV_STRA_21,1.0,Eventi discriminatori dichiarati e tipologia familiare,Discriminations suffered and type of household,DCIS_CV_STRA,1.0,IT1
29_956_DF_DCIS_CV_STRA_22,1.0,Eventi discriminatori dichiarati dagli stranieri in coppia,Discriminations suffered by foreigners in couple,DCIS_CV_STRA,1.0,IT1
29_956_DF_DCIS_CV_STRA_23,1.0,"Soddisfazione per vita e lavoro, sesso ed età","Satisfaction with life and work, gender and age",DCIS_CV_STRA,1.0,IT1
29_956_DF_DCIS_CV_STRA_24,1.0,"Soddisfazione per vita e lavoro, cittadinanza","Satisfaction with life and work, citizenship",DCIS_CV_STRA,1.0,IT1
29_956_DF_DCIS_CV_STRA_25,1.0,"Grado di soddisfazione, sesso ed età","Level of satisfaction, gender and age",DCIS_CV_STRA,1.0,IT1
29_956_DF_DCIS_CV_STRA_26,1.0,Grado di soddisfazione e cittadinanza,Level of satisfaction and citizenship,DCIS_CV_STRA,1.0,IT1
29_956_DF_DCIS_CV_STRA_27,1.0,Grado di soddisfazione e presenza in Italia,Level of satisfaction and presence in Italy,DCIS_CV_STRA,1.0,IT1
29_956_DF_DCIS_CV_STRA_28,1.0,"Grado di soddisfazione, titolo di studio e condizione occupazionale","Level of satisfaction, level of education and labour status",DCIS_CV_STRA,1.0,IT1
29_956_DF_DCIS_CV_STRA_29,1.0,Grado di soddisfazione e tipologia familiare,Level of satisfaction and type of household,DCIS_CV_STRA,1.0,IT1
29_956_DF_DCIS_CV_STRA_3,1.0,Sesso e presenza in Italia,Gender and presence in Italy,DCIS_CV_STRA,1.0,IT1
29_956_DF_DCIS_CV_STRA_30,1.0,Grado di soddisfazione dei cittadini stranieri in coppia,Level of satisfaction of foreign citizens in couple,DCIS_CV_STRA,1.0,IT1
29_956_DF_DCIS_CV_STRA_31,1.0,Grado di soddisfazione ed eventi discriminatori dichiarati,Level of satisfaction and discriminations suffered,DCIS_CV_STRA,1.0,IT1
29_956_DF_DCIS_CV_STRA_4,1.0,Sesso e titolo di studio,Level of education and gender,DCIS_CV_STRA,1.0,IT1
29_956_DF_DCIS_CV_STRA_5,1.0,"Tipologia familiare, cittadinanza e sesso","Type of household, citizenship and gender",DCIS_CV_STRA,1.0,IT1
29_956_DF_DCIS_CV_STRA_6,1.0,Tipologia familiare e presenza in Italia,Type of household and presence in Italy,DCIS_CV_STRA,1.0,IT1
29_956_DF_DCIS_CV_STRA_7,1.0,Famiglie con stranieri,Households with foreign citizens,DCIS_CV_STRA,1.0,IT1
29_956_DF_DCIS_CV_STRA_8,1.0,Coppie con stranieri,Couple composition and children families with foreign citizens,DCIS_CV_STRA,1.0,IT1
29_956_DF_DCIS_CV_STRA_9,1.0,Età media degli stranieri in coppia,Average age of foreign citizen in couple,DCIS_CV_STRA,1.0,IT1
2_505,1.0,Sequence of accounts - editions from September 2019 to March 2024,Sequence of accounts - editions from September 2019 to March 2024,DCCN_SQCN_B19,1.0,IT1
2_505_DF_DCCN_SQCN_B19_1,1.0,Sequenza dei conti - edizioni settembre 2019 - marzo 2024,Sequence of accounts - editions from September 2019 to March 2024,DCCN_SQCN_B19,1.0,IT1
2_506,1.0,Prodotto interno lordo e principali componenti - edizioni settembre 2019 - marzo 2024,Gross Domestic Product and main components - editions from September 2019 to March 2024,DCCN_PILN_B19,1.0,IT1
2_506_DF_DCCN_PILN_B19_1,1.0,Prodotto interno lordo e principali componenti - edizioni settembre 2019 - marzo 2024,Gross Domestic Product and main components - editions from September 2019 to March 2024,DCCN_PILN_B19,1.0,IT1
2_507,1.0,Occupazione regolare e irregolare per branca di attività e popolazione - edizioni settembre 2019 - marzo 2024,Declared and undeclared employment by industry and population - editions from September 2019 to March 2024,DCCN_OCCNSEC2010_B19,1.0,IT1
2_507_DF_DCCN_OCCNSEC2010_B19_1,1.0,"Occupati, unità di lavoro, posizioni lavorative e ore lavorate - edizioni settembre 2019 - marzo 2024","Employment in persons, full time equivalent, jobs and hours worked - editions from September 2019 to March 2024",DCCN_OCCNSEC2010_B19,1.0,IT1
2_507_DF_DCCN_OCCNSEC2010_B19_2,1.0,Tassi di irregolarità - edizioni settembre 2019 - marzo 2024,Rate of undeclared work - editions from editions from September 2019 to March 2024,DCCN_OCCNSEC2010_B19,1.0,IT1
2_507_DF_DCCN_OCCNSEC2010_B19_3,1.0,Popolazione media annua - edizioni settembre 2019 - marzo 2024,Annual average population - editions from editions from September 2019 to March 2024,DCCN_OCCNSEC2010_B19,1.0,IT1
30_1008,1.0,Reddito delle persone fisiche (Irpef)  - comuni,Irpef taxable incomes (Ipef) - municipalities,MEF_REDDITIIRPEF_COM,1.0,IT1
30_1008_DF_MEF_REDDITIIRPEF_COM_1,1.0,Contribuenti e principali categorie di reddito,Taxpayers and main income categories,MEF_REDDITIIRPEF_COM,1.0,IT1
30_1008_DF_MEF_REDDITIIRPEF_COM_2,1.0,Contribuenti e reddito complessivo per classi di importo,Taxpayers and aggregate income by amount class,MEF_REDDITIIRPEF_COM,1.0,IT1
30_264,1.0,Fiducia dei consumatori,Consumer confidence,DCSC_FIDCONS,1.0,IT1
30_264_DF_DCSC_FIDCONS_1,1.0,Climi grezzi (base 2021=100) - Climi grezzi e destagionalizzati (base 2010=100) - livello nazionale e ripartizionale,Raw climate indicators (base 2021=100) - Raw and seasonal adjusted climate indicators (base 2010=100) - national and geographical areas levels,DCSC_FIDCONS,1.0,IT1
30_264_DF_DCSC_FIDCONS_10,1.0,Climi grezzi e destagionalizzati - livello nazionale e ripartizionale (base 2010=100),Raw and seasonally adjusted confidence indicator - national and geographical areas levels (base 2010=100),DCSC_FIDCONS746631,1.0,IT1
30_264_DF_DCSC_FIDCONS_11,1.0,Saldi mensili grezzi e destagionalizzati - livello nazionale e ripartizionale,Monthly seasonally adjusted and not seasonally adjusted balances - national and geographical areas levels,DCSC_FIDCONS525585,1.0,IT1
30_264_DF_DCSC_FIDCONS_12,1.0,Saldi mensili grezzi per classi di età,Monthly raw balances by age,DCSC_FIDCONS518554,1.0,IT1
30_264_DF_DCSC_FIDCONS_13,1.0,Saldi mensili grezzi per sesso,Monthly raw balances by sex,DCSC_FIDCONS196102,1.0,IT1
30_264_DF_DCSC_FIDCONS_14,1.0,Saldi mensili grezzi per livello di istruzione,Monthly raw balances by education,DCSC_FIDCONS905230,1.0,IT1
30_264_DF_DCSC_FIDCONS_15,1.0,Saldi mensili grezzi per condizione professionale,Monthly raw balances by occupation,DCSC_FIDCONS92036,1.0,IT1
30_264_DF_DCSC_FIDCONS_16,1.0,Domande mensili grezze - livello nazionale,Monthly not seasonally adjusted questions - national level,DCSC_FIDCONS659484,1.0,IT1
30_264_DF_DCSC_FIDCONS_17,1.0,Previsioni di spesa - saldi e domande trimestrali grezzi da gennaio 2006 - livello nazionale,Spending intentions - quarterly raw questions and balances from january 2006 - national level,DCSC_FIDCONS525176,1.0,IT1
30_264_DF_DCSC_FIDCONS_18,1.0,Previsioni di spesa - saldi e domande mensili grezzi fino a dicembre 2005 - livello nazionale,Spending intentions - monthly raw questions and balances until december 2005 - national level,DCSC_FIDCONS769824,1.0,IT1
30_264_DF_DCSC_FIDCONS_2,1.0,Saldi mensili grezzi - livello nazionale e ripartizionale,Monthly raw balances - national and geographical areas levels,DCSC_FIDCONS,1.0,IT1
30_264_DF_DCSC_FIDCONS_3,1.0,Saldi mensili grezzi per classi di età,Monthly raw balances by age,DCSC_FIDCONS376881,1.0,IT1
30_264_DF_DCSC_FIDCONS_4,1.0,Saldi mensili grezzi per sesso,Monthly raw balances by sex,DCSC_FIDCONS293784,1.0,IT1
30_264_DF_DCSC_FIDCONS_5,1.0,Saldi mensili grezzi per livello di istruzione,Monthly raw balances by education,DCSC_FIDCONS293221,1.0,IT1
30_264_DF_DCSC_FIDCONS_6,1.0,Saldi mensili grezzi per condizione professionale,Monthly raw balances by occupation,DCSC_FIDCONS409060,1.0,IT1
30_264_DF_DCSC_FIDCONS_7,1.0,Domande mensili grezze - livello nazionale,Monthly not seasonally adjusted questions- national level,DCSC_FIDCONS862744,1.0,IT1
30_264_DF_DCSC_FIDCONS_8,1.0,Previsioni di spesa - saldi e domande trimestrali grezzi da gennaio 2006 - livello nazionale,Spending intentions - quarterly raw questions and balances from january 2006 - national level,DCSC_FIDCONS415780,1.0,IT1
30_264_DF_DCSC_FIDCONS_9,1.0,Previsioni di spesa - saldi e domande mensili grezzi da gen 1998 fino a dic 2005 - livello nazionale,Spending intensions - monthly raw questions and balances from 1998 to december 2005 - national level,DCSC_FIDCONS533896,1.0,IT1
31_124,1.0,Spesa media mensile familiare,Average monthly expenditure,DCCV_SPEMMFAM,1.0,IT1
31_124_DF_DCCV_SPEMMFAM_1,1.0,Tipo di Spesa,Type of expenditure,DCCV_SPEMMFAM,1.0,IT1
31_124_DF_DCCV_SPEMMFAM_2,1.0,Ampiezza della famiglia,Household size,DCCV_SPEMMFAM,1.0,IT1
31_124_DF_DCCV_SPEMMFAM_3,1.0,Tipologia familiare,Type of household,DCCV_SPEMMFAM,1.0,IT1
31_124_DF_DCCV_SPEMMFAM_4,1.0,Condizione professionale della persona di riferimento,Professional condition of the reference person,DCCV_SPEMMFAM,1.0,IT1
31_124_DF_DCCV_SPEMMFAM_5,1.0,Regioni,Regions,DCCV_SPEMMFAM,1.0,IT1
31_163,1.0,Comportamento di spesa delle famiglia,Household purchasing behaviour,DCCV_FAMCOMPORT,1.0,IT1
31_163_DF_DCCV_FAMCOMPORT_1,1.0,Cambiamenti nelle abitudini di spesa,Changes in household purchasing behaviour,DCCV_FAMCOMPORT,1.0,IT1
31_199,1.0,Omogeneità della spesa per consumi regionale,Homogeneity of regional expenditure,DCCV_INDCONSUMI,1.0,IT1
31_199_DF_DCCV_INDCONSUMI_1,1.0,Regioni,Regions,DCCV_INDCONSUMI,1.0,IT1
31_199_DF_DCCV_INDCONSUMI_2,1.0,Ampiezza della famiglia,Household size,DCCV_INDCONSUMI,1.0,IT1
31_199_DF_DCCV_INDCONSUMI_3,1.0,Tipologia familiare,Type of household,DCCV_INDCONSUMI,1.0,IT1
31_199_DF_DCCV_INDCONSUMI_4,1.0,Condizione professionale della persona di riferimento,Professional condition of the reference person,DCCV_INDCONSUMI,1.0,IT1
31_206,1.0,Quinto di spesa della famiglia,Household expenditure quintile,DCCV_SPQUINTO,1.0,IT1
31_206_DF_DCCV_SPQUINTO_1,1.0,Regioni,Regions,DCCV_SPQUINTO,1.0,IT1
31_206_DF_DCCV_SPQUINTO_2,1.0,Ampiezza della famiglia,Household size,DCCV_SPQUINTO,1.0,IT1
31_206_DF_DCCV_SPQUINTO_3,1.0,Tipologia familiare,Type of household,DCCV_SPQUINTO,1.0,IT1
31_206_DF_DCCV_SPQUINTO_4,1.0,Condizione professionale della persona di riferimento,Professional condition of the reference person,DCCV_SPQUINTO,1.0,IT1
31_213,1.0,famiglie che hanno effettuato la spesa per alcune voci di spesa,households reporting expenditures on some items,DCCV_SPEFFCOMP,1.0,IT1
31_213_DF_DCCV_SPEFFCOMP_1,1.0,Famiglie e tipo di consumi,Households and type of consumption,DCCV_SPEFFCOMP,1.0,IT1
31_214,1.0,Dettaglio della spesa effettiva,Actual expenditure detail,DCCV_SPEFFDETT,1.0,IT1
31_214_DF_DCCV_SPEFFDETT_1,1.0,Spesa media mensile e tipologia di acquisti,Average monthly expenditure and type of expenditure,DCCV_SPEFFDETT,1.0,IT1
31_739,1.0,Spese per consumi,Consumption expenditure,DCCV_SPEMEFAM,1.0,IT1
31_739_DF_DCCV_SPEMEFAM_1,1.0,Cambiamenti nelle abitudini di spesa (2018-2021),Change in consumption expenditure behaviour (2018-2021),DCCV_SPEMEFAM,1.0,IT1
31_739_DF_DCCV_SPEMEFAM_10,1.0,Condizione professionale della persona di riferimento,Professional condition of the reference person,DCCV_SPEMEFAM,1.0,IT1
31_739_DF_DCCV_SPEMEFAM_11,1.0,Regioni e tipo di comune,Regions and type of municipality,DCCV_SPEMEFAM,1.0,IT1
31_739_DF_DCCV_SPEMEFAM_2,1.0,Cambiamenti nelle abitudini di spesa (2014-2017),Change in consumption expenditure behaviour (2014-2017),DCCV_SPEMEFAM,1.0,IT1
31_739_DF_DCCV_SPEMEFAM_3,1.0,Ampiezza della famiglia,Household size,DCCV_SPEMEFAM,1.0,IT1
31_739_DF_DCCV_SPEMEFAM_4,1.0,Tipologia familiare,Household type,DCCV_SPEMEFAM,1.0,IT1
31_739_DF_DCCV_SPEMEFAM_5,1.0,Titolo di studio della persona di riferimento,Highest level of education attained by the reference person,DCCV_SPEMEFAM,1.0,IT1
31_739_DF_DCCV_SPEMEFAM_6,1.0,Condizione professionale della persona di riferimento,Professional condition of the reference person,DCCV_SPEMEFAM,1.0,IT1
31_739_DF_DCCV_SPEMEFAM_7,1.1,Quantili di spesa,Expenditure quantile,DCCV_SPEMEFAM,1.0,IT1
31_739_DF_DCCV_SPEMEFAM_8,1.0,Voce di spesa (ECoicop),Expenditure item (ECoicop),DCCV_SPEMEFAM,1.0,IT1
31_739_DF_DCCV_SPEMEFAM_9,1.0,Ampiezza e tipologia familiare,Household size and household type,DCCV_SPEMEFAM,1.0,IT1
31_740,1.0,Spese per consumi - Coicop 2018,Consumption expenditure - Cociop 2018,DCCV_SPEMEFAM_COICOP_2018,1.0,IT1
31_740_DF_DCCV_SPEMEFAM_COICOP_2018_1,1.0,Cambiamenti nelle abitudini di spesa (dal 2018),Change in consumption expenditure behaviour (since 2018),DCCV_SPEMEFAM_COICOP_2018,1.0,IT1
31_740_DF_DCCV_SPEMEFAM_COICOP_2018_10,1.0,Condizione professionale della persona di riferimento,Professional condition of the reference person,DCCV_SPEMEFAM_COICOP_2018,1.0,IT1
31_740_DF_DCCV_SPEMEFAM_COICOP_2018_11,1.0,Regioni e tipo di comune,Regions and type of municipality,DCCV_SPEMEFAM_COICOP_2018,1.0,IT1
31_740_DF_DCCV_SPEMEFAM_COICOP_2018_2,1.0,Cambiamenti nelle abitudini di spesa (2014-2017),Change in consumption behavior expenditure (from 2014 to 2017),DCCV_SPEMEFAM_COICOP_2018,1.0,IT1
31_740_DF_DCCV_SPEMEFAM_COICOP_2018_3,1.0,Ampiezza della famiglia,Household size,DCCV_SPEMEFAM_COICOP_2018,1.0,IT1
31_740_DF_DCCV_SPEMEFAM_COICOP_2018_4,1.0,Tipologia familiare,Household type,DCCV_SPEMEFAM_COICOP_2018,1.0,IT1
31_740_DF_DCCV_SPEMEFAM_COICOP_2018_5,1.0,Titolo di studio della persona di riferimento,Highest level of education attained by the reference person,DCCV_SPEMEFAM_COICOP_2018,1.0,IT1
31_740_DF_DCCV_SPEMEFAM_COICOP_2018_6,1.0,Condizione professionale della persona di riferimento,Professional condition of the reference person,DCCV_SPEMEFAM_COICOP_2018,1.0,IT1
31_740_DF_DCCV_SPEMEFAM_COICOP_2018_7,1.0,Quantili di spesa,Expenditure quantile,DCCV_SPEMEFAM_COICOP_2018,1.0,IT1
31_740_DF_DCCV_SPEMEFAM_COICOP_2018_8,1.0,Voce di spesa (Coicop 2018),Expenditure item (Coicop 2018),DCCV_SPEMEFAM_COICOP_2018,1.0,IT1
31_740_DF_DCCV_SPEMEFAM_COICOP_2018_9,1.0,Ampiezza e tipologia familiare,Household size and household type,DCCV_SPEMEFAM_COICOP_2018,1.0,IT1
32_221,1.0,Omogeneità del reddito regionale,Homogeneity of regional income,DCCV_GINIREDD,1.0,IT1
32_221_DF_DCCV_GINIREDD_1,1.0,Indice di Gini regionale,Regional Gini coefficient,DCCV_GINIREDD,1.0,IT1
32_223,1.0,Famiglie per fonte di reddito,Households by income source,DCCV_FONTEPRED,1.0,IT1
32_223_DF_DCCV_FONTEPRED_1,1.0,Ampiezza della famiglia,Household size,DCCV_FONTEPRED,1.0,IT1
32_223_DF_DCCV_FONTEPRED_2,1.0,Tipologia familiare,Household type,DCCV_FONTEPRED,1.0,IT1
32_223_DF_DCCV_FONTEPRED_3,1.0,Minori e anziani in famiglia,Children under 18 andcelderly over 65 in family,DCCV_FONTEPRED,1.0,IT1
32_223_DF_DCCV_FONTEPRED_4,1.0,Sesso ed età del principale percettore,Sex and age of main income earner,DCCV_FONTEPRED,1.0,IT1
32_223_DF_DCCV_FONTEPRED_5,1.0,Titolo di studio e condizione professionale del principale percettore,Educational level and professional status of main income earner,DCCV_FONTEPRED,1.0,IT1
32_223_DF_DCCV_FONTEPRED_6,1.0,Regioni e tipo di comune,Regions and type of municipality,DCCV_FONTEPRED,1.0,IT1
32_292,1.0,Reddito netto,Net income,DCCV_REDNETFAMFONTERED,1.0,IT1
32_292_DF_DCCV_REDNETFAMFONTERED_1,1.0,Ampiezza della famiglia,Household size,DCCV_REDNETFAMFONTERED,1.0,IT1
32_292_DF_DCCV_REDNETFAMFONTERED_2,1.0,Tipologia familiare,Household type,DCCV_REDNETFAMFONTERED,1.0,IT1
32_292_DF_DCCV_REDNETFAMFONTERED_3,1.0,Minori in famiglia,Children under 18 living in household,DCCV_REDNETFAMFONTERED,1.0,IT1
32_292_DF_DCCV_REDNETFAMFONTERED_4,1.0,Anziani in famiglia,Elderly over 65 living in household,DCCV_REDNETFAMFONTERED,1.0,IT1
32_292_DF_DCCV_REDNETFAMFONTERED_5,1.0,Sesso del principale percettore,Sex of main income earner,DCCV_REDNETFAMFONTERED,1.0,IT1
32_292_DF_DCCV_REDNETFAMFONTERED_6,1.0,Classe di età del principale percettore,Age class of main income earner,DCCV_REDNETFAMFONTERED,1.0,IT1
32_292_DF_DCCV_REDNETFAMFONTERED_7,1.0,Titolo di studio del principale percettore,Educational level of main income earner,DCCV_REDNETFAMFONTERED,1.0,IT1
32_292_DF_DCCV_REDNETFAMFONTERED_8,1.0,Condizione professionale del principale percettore,Professional status of main income earner,DCCV_REDNETFAMFONTERED,1.0,IT1
32_292_DF_DCCV_REDNETFAMFONTERED_9,1.0,Regioni e tipo di comune,Regions and type of municipality,DCCV_REDNETFAMFONTERED,1.0,IT1
32_38,1.0,Quinto di reddito equivalente,Household income quintile,DCCV_QUINTOREDD,1.0,IT1
32_38_DF_DCCV_QUINTOREDD_1,1.0,Ampiezza della famiglia,Household size,DCCV_QUINTOREDD,1.0,IT1
32_38_DF_DCCV_QUINTOREDD_2,1.0,Tipologia familiare,Household type,DCCV_QUINTOREDD,1.0,IT1
32_38_DF_DCCV_QUINTOREDD_3,1.0,Minori e anziani in famiglia,Children under 18 and elderly over 65 in family,DCCV_QUINTOREDD,1.0,IT1
32_38_DF_DCCV_QUINTOREDD_4,1.0,Sesso e età del principale percettore,Sex and age of main income earner,DCCV_QUINTOREDD,1.0,IT1
32_38_DF_DCCV_QUINTOREDD_5,1.0,Titolo di studio e condizione professionale del principale percettore,Educational level and professional status of main income earner,DCCV_QUINTOREDD,1.0,IT1
32_38_DF_DCCV_QUINTOREDD_6,1.0,Regioni,Regions and type of municipality,DCCV_QUINTOREDD,1.0,IT1
33_179,1.0,Affollamento nell'abitazione,Housing crowding,DCCV_ABITAFFOLL,1.0,IT1
33_179_DF_DCCV_ABITAFFOLL_1,1.0,Ampiezza della famiglia e tipologia familiare,Household size and household type,DCCV_ABITAFFOLL885162,1.0,IT1
33_179_DF_DCCV_ABITAFFOLL_2,1.0,Minori e anziani in famiglia,Children under 18 and elderly over 65 living in household,DCCV_ABITAFFOLL,1.0,IT1
33_179_DF_DCCV_ABITAFFOLL_3,1.0,Sesso e età del principale percettore,Sex  and age class of main income earner,DCCV_ABITAFFOLL,1.0,IT1
33_179_DF_DCCV_ABITAFFOLL_4,1.0,Titolo di studio e condizione professionale del principale percettore,Educational level and professional status of main income earner,DCCV_ABITAFFOLL692462,1.0,IT1
33_179_DF_DCCV_ABITAFFOLL_5,1.0,Livello del reddito e abitazione in affitto o di proprietà,Household income level and tenure status,DCCV_ABITAFFOLL927630,1.0,IT1
33_179_DF_DCCV_ABITAFFOLL_6,1.0,Regioni e tipo di comune,Regions and type of municipality,DCCV_ABITAFFOLL95029,1.0,IT1
33_225,1.0,Spesa per l'abitazione,Housing costs,DCCV_ABITSPESA,1.0,IT1
33_225_DF_DCCV_ABITSPESA_1,1.0,Abitazione in affitto o di proprietà,Tenure status,DCCV_ABITSPESA28941,1.0,IT1
33_225_DF_DCCV_ABITSPESA_2,1.0,Ampiezza della famiglia e tipologia familiare,Household size and household type,DCCV_ABITSPESA766788,1.0,IT1
33_225_DF_DCCV_ABITSPESA_3,1.0,Minori e anziani in famiglia,Children under 18 and elderly over 65 living in household,DCCV_ABITSPESA65092,1.0,IT1
33_225_DF_DCCV_ABITSPESA_4,1.0,Sesso e età del principale percettore,Sex and age class of main income earner,DCCV_ABITSPESA10280,1.0,IT1
33_225_DF_DCCV_ABITSPESA_5,1.0,Titolo di studio e condizione professionale del principale percettore,Educational level and professional status of main income earner,DCCV_ABITSPESA167769,1.0,IT1
33_225_DF_DCCV_ABITSPESA_6,1.0,Regioni e tipo di comune,Regions and type of municipality,DCCV_ABITSPESA765677,1.0,IT1
33_290,1.0,Titolo di godimento dell'abitazione (in affitto o di proprietà),Tenure status (rent or property),DCCV_TITGODABIT,1.0,IT1
33_290_DF_DCCV_TITGODABIT_1,1.0,Ampiezza della famiglia e tipologia familiare,Household size and household type,DCCV_TITGODABIT569443,1.0,IT1
33_290_DF_DCCV_TITGODABIT_2,1.0,Minori e anziani in famiglia,Children under 18 enderly over 65 in household,DCCV_TITGODABIT782980,1.0,IT1
33_290_DF_DCCV_TITGODABIT_3,1.0,Sesso e età del principale percettore,Sex  and age class of main income earner,DCCV_TITGODABIT424707,1.0,IT1
33_290_DF_DCCV_TITGODABIT_4,1.0,Titolo di studio e condizione professionale del principale percettore,Educational level and professional status of main income earner,DCCV_TITGODABIT441142,1.0,IT1
33_290_DF_DCCV_TITGODABIT_5,1.0,Livello di reddito (Quinto di reddito equivalente),Household income level (Fifth of equivalent household income),DCCV_TITGODABIT167045,1.0,IT1
33_290_DF_DCCV_TITGODABIT_6,1.0,Regioni e tipo di comune,Regions and type of municipality,DCCV_TITGODABIT879079,1.0,IT1
33_291,1.0,"Inquinamento, criminalità e rumore nella zona in cui si vive","Pollution, criminality and noise in the dwelling place",DCCV_PROBLZONRES_2,1.0,IT1
33_291_DF_DCCV_PROBLZONRES_2_1,1.0,Ampiezza familiare e tipologia familiare,Household size and household type,DCCV_PROBLZONRES_2,1.0,IT1
33_291_DF_DCCV_PROBLZONRES_2_2,1.0,Numero di minori e numero di anziani in famiglia,Number of children under 18 and number of elderly over 65 living in household,DCCV_PROBLZONRES_2,1.0,IT1
33_291_DF_DCCV_PROBLZONRES_2_3,1.0,Sesso ed età del principale percettore di reddito,Gender and age class of main income earner,DCCV_PROBLZONRES_2,1.0,IT1
33_291_DF_DCCV_PROBLZONRES_2_4,1.0,Titolo di studio e condizione professionale del principale percettore,Educational level and professional status of main income earner,DCCV_PROBLZONRES_2,1.0,IT1
33_291_DF_DCCV_PROBLZONRES_2_5,1.0,Livello del reddito e abitazione in affitto o in proprietà,Household income level and tenure status,DCCV_PROBLZONRES_2,1.0,IT1
33_291_DF_DCCV_PROBLZONRES_2_6,1.0,Regioni e tipo di comune,Regions and sub national level,DCCV_PROBLZONRES_2,1.0,IT1
33_350,1.0,Spesa per l'abitazione delle famiglie con componenti stranieri,Housing costs for households with non national members,DCCV_ABITSPESA_STRA,1.0,IT1
33_350_DF_DCCV_ABITSPESA_STRA_1,1.0,Spesa per l'abitazione delle famiglie con componenti stranieri,Housing costs for households with non national members,DCCV_ABITSPESA_STRA,1.0,IT1
33_4,1.0,"Abitazione danneggiata, umida o poco luminosa","Damaged, humid and lightless house",DCCV_ABITPROBL,1.0,IT1
33_4_DF_DCCV_ABITPROBL_1,1.0,Ampiezza della famiglia e tipologia familiare,Household size and household type,DCCV_ABITPROBL921767,1.0,IT1
33_4_DF_DCCV_ABITPROBL_2,1.0,Minori e anziani in famiglia,Children under 18 and elderly over 65 living in household,DCCV_ABITPROBL992593,1.0,IT1
33_4_DF_DCCV_ABITPROBL_3,1.0,Sesso e età del principale percettore,Sex  and age class of main income earner,DCCV_ABITPROBL937987,1.0,IT1
33_4_DF_DCCV_ABITPROBL_4,1.0,Titolo di studio e condizione professionale del principale percettore,Educational level and professional status of main income earner,DCCV_ABITPROBL781115,1.0,IT1
33_4_DF_DCCV_ABITPROBL_5,1.0,Livello del reddito e abitazione in affitto o di proprietà,Household income level and tenure status,DCCV_ABITPROBL465442,1.0,IT1
33_4_DF_DCCV_ABITPROBL_6,1.0,Regioni e tipo di comune,Regions and type of municipality,DCCV_ABITPROBL695623,1.0,IT1
34_178,1.0,Incidenza di povertà assoluta familiare,Household absolute poverty incidence,DCCV_INCPOVAFAM,1.0,IT1
34_178_DF_DCCV_INCPOVAFAM_1,1.0,Dati per numero di componenti,Data by number of components,DCCV_INCPOVAFAM645469,1.0,IT1
34_178_DF_DCCV_INCPOVAFAM_2,1.0,Dati per tipologia familiare,Data by household typology,DCCV_INCPOVAFAM105930,1.0,IT1
34_178_DF_DCCV_INCPOVAFAM_3,1.0,Dati per famiglia con figli minori,Data by household with minor children,DCCV_INCPOVAFAM44146,1.0,IT1
34_178_DF_DCCV_INCPOVAFAM_4,1.0,Dati per famiglia con anziani,Data by household with elderly components,DCCV_INCPOVAFAM596092,1.0,IT1
34_178_DF_DCCV_INCPOVAFAM_5,1.0,Dati per età della persona di riferimento,Data by age of the reference person,DCCV_INCPOVAFAM924025,1.0,IT1
34_178_DF_DCCV_INCPOVAFAM_6,1.0,Dati per titolo di studio della persona di riferimento,Data by education level of the reference person,DCCV_INCPOVAFAM222931,1.0,IT1
34_178_DF_DCCV_INCPOVAFAM_7,1.0,Dati per occupazione della persona di riferimento,Data by occupation of the reference person,DCCV_INCPOVAFAM701613,1.0,IT1
34_198,1.0,Incidenza di povertà relativa familiare,Household relative poverty incidence,DCCV_INCPOVRFAM,1.0,IT1
34_198_DF_DCCV_INCPOVRFAM_1,1.0,Dati nazionali e sub nazionali,National and sub national data,DCCV_INCPOVRFAM658002,1.0,IT1
34_198_DF_DCCV_INCPOVRFAM_2,1.0,Dati per numero di componenti,Data by number of components,DCCV_INCPOVRFAM550198,1.0,IT1
34_198_DF_DCCV_INCPOVRFAM_3,1.0,Dati per tipologia familiare,Data by household typology,DCCV_INCPOVRFAM884778,1.0,IT1
34_198_DF_DCCV_INCPOVRFAM_4,1.0,Dati per famiglia con figli minori,Data by household with minor children,DCCV_INCPOVRFAM67514,1.0,IT1
34_198_DF_DCCV_INCPOVRFAM_5,1.0,Dati per famiglia con anziani,Data by household with elderly components,DCCV_INCPOVRFAM310011,1.0,IT1
34_198_DF_DCCV_INCPOVRFAM_6,1.0,Dati per età della persona di riferimento,Data by age of the reference person,DCCV_INCPOVRFAM324161,1.0,IT1
34_198_DF_DCCV_INCPOVRFAM_7,1.0,Dati per titolo di studio della persona di riferimento,Data by education level of the reference person,DCCV_INCPOVRFAM323819,1.0,IT1
34_198_DF_DCCV_INCPOVRFAM_8,1.0,Dati per occupazione della persona di riferimento,Data by occupation of the reference person,DCCV_INCPOVRFAM449447,1.0,IT1
34_201,1.0,Indicatori di povertà assoluta,Absolute poverty indicators,DCCV_INDPOVASS,1.0,IT1
34_201_DF_DCCV_INDPOVASS_1,1.0,Indicatori di povertà assoluta,Absolute poverty indicators,DCCV_INDPOVASS,1.0,IT1
34_202,1.0,Indicatori di povertà relativa,Relative poverty indicators,DCCV_INDPOVREL,1.0,IT1
34_202_DF_DCCV_INDPOVREL_1,1.0,Indicatori di povertà relativa,Relative poverty indicators,DCCV_INDPOVREL,1.0,IT1
34_204,1.0,Intensità di povertà assoluta familiare,Household absolute poverty intensity,DCCV_INTPOVAFAM,1.0,IT1
34_204_DF_DCCV_INTPOVAFAM_1,1.0,Intensità di povertà assoluta familiare,Household absolute poverty intensity,DCCV_INTPOVAFAM787989,1.0,IT1
34_205,1.0,Intensità di povertà relativa familiare,Household relative poverty intensity,DCCV_INTPOVRFAM,1.0,IT1
34_205_DF_DCCV_INTPOVRFAM_1,1.0,Intensità di povertà relativa familiare,Household relative poverty intensity,DCCV_INTPOVRFAM414428,1.0,IT1
34_211,1.0,Soglia di povertà assoluta,Absolute poverty threshold,DCCV_SOGLIAPOVA,1.0,IT1
34_211_DF_DCCV_SOGLIAPOVA_1,1.0,Soglia di povertà assoluta,Absolute poverty threshold,DCCV_SOGLIAPOVA,1.0,IT1
34_211_DF_DCCV_SOGLIAPOVA_2,1.0,Soglia di povertà assoluta,Absolute poverty threshold,DCCV_SOGLIAPOVA,1.0,IT1
34_212,1.0,Soglia di povertà relativa,Relative poverty threshold,DCCV_SOGLIAPOVR,1.0,IT1
34_212_DF_DCCV_SOGLIAPOVR_1,1.0,Soglia di povertà relativa,Relative poverty threshold,DCCV_SOGLIAPOVR,1.0,IT1
34_215,1.0,Famiglie con pagamenti arretrati,Households with arreared paymentes,DCCV_ARRETRATI,1.0,IT1
34_215_DF_DCCV_ARRETRATI_1,1.0,Ampiezza della famiglia,Household size,DCCV_ARRETRATI,1.0,IT1
34_215_DF_DCCV_ARRETRATI_2,1.0,Tipologia familiare,Household type,DCCV_ARRETRATI,1.0,IT1
34_215_DF_DCCV_ARRETRATI_3,1.0,Minori e anziani in famiglia,Children under 18 and elderly over 65 in family,DCCV_ARRETRATI,1.0,IT1
34_215_DF_DCCV_ARRETRATI_4,1.0,Sesso ed età del principale percettore,Sex and age of main income earner,DCCV_ARRETRATI,1.0,IT1
34_215_DF_DCCV_ARRETRATI_5,1.0,Titolo di studio e condizione professionale del principale percettore,Educational level and professional status of main income earner,DCCV_ARRETRATI,1.0,IT1
34_215_DF_DCCV_ARRETRATI_6,1.0,Ripartizioni e tipo di comune,Geographical area and type of municipalities,DCCV_ARRETRATI,1.0,IT1
34_216,1.0,Famiglie che non riescono  a risparmiare o a far fronte a spese impreviste,Households who can't afford to save or to face unexpected expenses,DCCV_IMPREV,1.0,IT1
34_216_DF_DCCV_IMPREV_1,1.0,Ampiezza della famiglia,Household size,DCCV_IMPREV337725,1.0,IT1
34_216_DF_DCCV_IMPREV_2,1.0,Tipologia familiare,Household type,DCCV_IMPREV362099,1.0,IT1
34_216_DF_DCCV_IMPREV_3,1.0,Minori e anziani in famiglia,Children under 18 and elderly over 65 in family,DCCV_IMPREV867721,1.0,IT1
34_216_DF_DCCV_IMPREV_4,1.0,Sesso ed età del principale percettore,Sex and age of main income earner,DCCV_IMPREV632246,1.0,IT1
34_216_DF_DCCV_IMPREV_5,1.0,Titolo di studio e condizione professionale del principale percettore,Educational level and professional status of main income earner,DCCV_IMPREV475557,1.0,IT1
34_216_DF_DCCV_IMPREV_6,1.0,"Ripartizioni, regioni e tipo di comune","Geographical area, regions and type of municipality",DCCV_IMPREV311267,1.0,IT1
34_217,1.0,Famiglie che considerano un carico pesante alcune spese per l'abitazione o il rimborso di debiti,Households who believe too heavy some housing-costs or repayment of debts,DCCV_CARICOPES,1.0,IT1
34_217_DF_DCCV_CARICOPES_1,1.0,Ampiezza della famiglia,Household size,DCCV_CARICOPES100063,1.0,IT1
34_217_DF_DCCV_CARICOPES_2,1.0,Tipologia familiare,Type of household,DCCV_CARICOPES394374,1.0,IT1
34_217_DF_DCCV_CARICOPES_3,1.0,Minori e anziani in famiglia,Children under 18 and elderly over 65 in family,DCCV_CARICOPES908549,1.0,IT1
34_217_DF_DCCV_CARICOPES_4,1.0,Sesso ed età del principale percettore,Sex and age of main income earner,DCCV_CARICOPES980074,1.0,IT1
34_217_DF_DCCV_CARICOPES_5,1.0,Titolo di studio e condizione professionale del principale percettore,Educational level and professional status of main income earner,DCCV_CARICOPES430739,1.0,IT1
34_217_DF_DCCV_CARICOPES_6,1.0,Ripartizioni e tipo di comune,Geographical areas and type of municipality,DCCV_CARICOPES192674,1.0,IT1
34_218,1.0,Famiglie che non possono permettersi alcuni beni durevoli,Households who can't afford to purchase some durable goods,DCCV_DIFFBENDUR,1.0,IT1
34_218_DF_DCCV_DIFFBENDUR_1,1.0,Ampiezza della famiglia,Household size,DCCV_DIFFBENDUR888397,1.0,IT1
34_218_DF_DCCV_DIFFBENDUR_2,1.0,Tipologia familiare,Type of household,DCCV_DIFFBENDUR225191,1.0,IT1
34_218_DF_DCCV_DIFFBENDUR_3,1.0,Minori e anziani in famiglia,Children under 18 and elderly over 65 in family,DCCV_DIFFBENDUR862535,1.0,IT1
34_218_DF_DCCV_DIFFBENDUR_4,1.0,Sesso ed età del principale percettore,Sex and age of main income earner,DCCV_DIFFBENDUR253019,1.0,IT1
34_218_DF_DCCV_DIFFBENDUR_5,1.0,Titolo di studio e condizione professionale del principale percettore,Educational level and professional status of main income earner,DCCV_DIFFBENDUR643784,1.0,IT1
34_218_DF_DCCV_DIFFBENDUR_6,1.0,Ripartizioni e tipo di comune,Geographical areas and type of municipality,DCCV_DIFFBENDUR439071,1.0,IT1
34_219,1.0,Famiglie che hanno  difficoltà nel pagamento di alcune spese,Households who  do not have enough money for selected items,DCCV_NOSOLDI,1.0,IT1
34_219_DF_DCCV_NOSOLDI_1,1.0,Ampiezza della famiglia,Household size,DCCV_NOSOLDI695402,1.0,IT1
34_219_DF_DCCV_NOSOLDI_2,1.0,Tipologia familiare,Type of household,DCCV_NOSOLDI283245,1.0,IT1
34_219_DF_DCCV_NOSOLDI_3,1.0,Minori e anziani in famiglia,Children under 18 and elderly over 65 in family,DCCV_NOSOLDI967938,1.0,IT1
34_219_DF_DCCV_NOSOLDI_4,1.0,Sesso ed età del principale percettore,Sex and age of main income earner,DCCV_NOSOLDI553368,1.0,IT1
34_219_DF_DCCV_NOSOLDI_5,1.0,Titolo di studio e condizione professionale del principale percettore,Educational level and professional status of main income earner,DCCV_NOSOLDI984822,1.0,IT1
34_219_DF_DCCV_NOSOLDI_6,1.0,Ripartizioni e tipo di comune,Geographical areas and type of municipality,DCCV_NOSOLDI363305,1.0,IT1
34_220,1.0,Famiglie per reddito minimo per arrivare a fine mese senza difficoltà,Households for minimum income needed to make ends meet,DCCV_REDDFINMES,1.0,IT1
34_220_DF_DCCV_REDDFINMES_1,1.0,Ampiezza della famiglia,Household size,DCCV_REDDFINMES572604,1.0,IT1
34_220_DF_DCCV_REDDFINMES_2,1.0,Tipologia familiare,Type of household,DCCV_REDDFINMES706445,1.0,IT1
34_220_DF_DCCV_REDDFINMES_3,1.0,Minori e anziani in famiglia,Children under 18 and elderly over 65 in family,DCCV_REDDFINMES807648,1.0,IT1
34_220_DF_DCCV_REDDFINMES_4,1.0,Sesso ed età del principale percettore,Sex and age of main income earner,DCCV_REDDFINMES723295,1.0,IT1
34_220_DF_DCCV_REDDFINMES_5,1.0,Titolo di studio e condizione professionale del principale percettore,Educational level and professional status of main income earner,DCCV_REDDFINMES147075,1.0,IT1
34_220_DF_DCCV_REDDFINMES_6,1.0,Ripartizioni e tipo di comune,Geographical areas and type of municipality,DCCV_REDDFINMES351375,1.0,IT1
34_226,1.0,Famiglie per capacità di arrivare a fine mese,Households by ability to make ends meet,PERCEPIT,1.0,IT1
34_226_DF_PERCEPIT_1,1.0,Ampiezza della famiglia,Household size,PERCEPIT974457,1.0,IT1
34_226_DF_PERCEPIT_2,1.0,Tipologia familiare,Type of household,PERCEPIT213747,1.0,IT1
34_226_DF_PERCEPIT_3,1.0,Minori e anziani in famiglia,Children under 18 and elderly over 65 in family,PERCEPIT,1.0,IT1
34_226_DF_PERCEPIT_4,1.0,Sesso ed età del principale percettore,Sex and age of main income earner,PERCEPIT406502,1.0,IT1
34_226_DF_PERCEPIT_5,1.0,Titolo di studio e condizione professionale del principale percettore,Educational level and professional status of main income earner,PERCEPIT263604,1.0,IT1
34_226_DF_PERCEPIT_6,1.0,"Ripartizioni, regioni e tipo di comune","Geographical area, regions and type of municipality",PERCEPIT8019,1.0,IT1
34_280,1.0,Famiglie che non possono permettersi alcune spese,Households who do not afford to buy selected items,DCCV_FAMNOVOCISPESA,1.0,IT1
34_280_DF_DCCV_FAMNOVOCISPESA_1,1.0,Ampiezza della famiglia,Household size,DCCV_FAMNOVOCISPESA612944,1.0,IT1
34_280_DF_DCCV_FAMNOVOCISPESA_2,1.0,Tipologia familiare,Type of household,DCCV_FAMNOVOCISPESA259406,1.0,IT1
34_280_DF_DCCV_FAMNOVOCISPESA_3,1.0,Minori e anziani in famiglia,Children under 18 and elderly over 65 in family,DCCV_FAMNOVOCISPESA483945,1.0,IT1
34_280_DF_DCCV_FAMNOVOCISPESA_4,1.0,Sesso ed età del principale percettore,Sex and age of main income earner,DCCV_FAMNOVOCISPESA353191,1.0,IT1
34_280_DF_DCCV_FAMNOVOCISPESA_5,1.0,Titolo di studio e condizione professionale del principale percettore,Educational level and professional status of main income earner,DCCV_FAMNOVOCISPESA931227,1.0,IT1
34_280_DF_DCCV_FAMNOVOCISPESA_6,1.0,Ripartizioni e tipo di comune,Geographical areas and type of municipality,DCCV_FAMNOVOCISPESA823327,1.0,IT1
34_727,1.0,Povertà nuove serie,Poverty new series,DCCV_POVERTA,1.0,IT1
34_727_DF_DCCV_POVERTA_1,1.0,Principali indicatori,Main indicators,DCCV_POVERTA,1.0,IT1
34_727_DF_DCCV_POVERTA_10,1.0,Individui poveri - regione di residenza,Poor individuals - region residence,DCCV_POVERTA,1.0,IT1
34_727_DF_DCCV_POVERTA_11,1.0,Linee e soglie di povertà relativa,Lines and thresholds of relative poverty,DCCV_POVERTA,1.0,IT1
34_727_DF_DCCV_POVERTA_2,1.0,Famiglie povere - ampiezza della famiglia,Poor households - household size,DCCV_POVERTA,1.0,IT1
34_727_DF_DCCV_POVERTA_3,1.0,Famiglie povere - tipologia familiare,Poor households - household typology,DCCV_POVERTA,1.0,IT1
34_727_DF_DCCV_POVERTA_4,1.0,Famiglie povere - età della persona di riferimento,Poor households - age of the reference person,DCCV_POVERTA,1.0,IT1
34_727_DF_DCCV_POVERTA_5,1.0,Famiglie povere - condizione professionale della persona di riferimento,Poor households - professional condition of the reference person,DCCV_POVERTA,1.0,IT1
34_727_DF_DCCV_POVERTA_6,1.0,Famiglie povere - titolo di studio della persona di riferimento,Poor households - level of education attained by the reference person,DCCV_POVERTA,1.0,IT1
34_727_DF_DCCV_POVERTA_7,1.0,Famiglie povere - tipo comune di residenza,Poor households - type of municipality residence,DCCV_POVERTA,1.0,IT1
34_727_DF_DCCV_POVERTA_8,1.0,Famiglie povere - regione di residenza,Poor households - region residence,DCCV_POVERTA,1.0,IT1
34_727_DF_DCCV_POVERTA_9,1.0,Individui poveri - sesso ed età,Poor individuals - sex and age,DCCV_POVERTA,1.0,IT1
34_728,1.0,Povertà serie interrotte - 1997-2021,Poverty broken time series - 1997 -2021,DCCV_POVERTA_BRKN1,1.0,IT1
34_728_DF_DCCV_POVERTA_BRKN1_1,1.0,Famiglie povere - caratteristiche socio-demografiche,Poor households - socio-demographic characteristics,DCCV_POVERTA_BRKN1,1.0,IT1
34_728_DF_DCCV_POVERTA_BRKN1_2,1.0,Famiglie povere - regione di residenza,Poor households - region residence,DCCV_POVERTA_BRKN1,1.0,IT1
34_728_DF_DCCV_POVERTA_BRKN1_3,1.0,Famiglie povere - tipo comune di residenza,Poor households - type of municipality residence,DCCV_POVERTA_BRKN1,1.0,IT1
34_728_DF_DCCV_POVERTA_BRKN1_4,1.0,Individui poveri - regione di residenza,Poor individuals - region residence,DCCV_POVERTA_BRKN1,1.0,IT1
34_728_DF_DCCV_POVERTA_BRKN1_5,1.0,Individui poveri - sesso ed età,Poor individuals - sex and age,DCCV_POVERTA_BRKN1,1.0,IT1
34_728_DF_DCCV_POVERTA_BRKN1_6,1.0,Linee e soglie di povertà relativa,Lines and thresholds of relative poverty,DCCV_POVERTA_BRKN1,1.0,IT1
34_728_DF_DCCV_POVERTA_BRKN1_7,1.0,Principali indicatori,Main indicators,DCCV_POVERTA_BRKN1,1.0,IT1
392_584,1.0,Dottorati - caratteristiche socio-demografiche e curriculum,PhD students - socio-demographic characteristics and curriculum,DCCV_TRANSIZ_DOTT_DEM,1.0,IT1
392_584_DF_DCCV_TRANSIZ_DOTT_DEM_1,1.0,"Cittadinanza, età","Citizenship, age",DCCV_TRANSIZ_DOTT_DEM,1.0,IT1
392_584_DF_DCCV_TRANSIZ_DOTT_DEM_2,1.0,Stato civile,Marital status,DCCV_TRANSIZ_DOTT_DEM,1.0,IT1
392_584_DF_DCCV_TRANSIZ_DOTT_DEM_3,1.0,"Titolo conseguito nei termini, area disciplinare","Programme completed within the legal time, field of study",DCCV_TRANSIZ_DOTT_DEM,1.0,IT1
392_584_DF_DCCV_TRANSIZ_DOTT_DEM_4,1.0,Fonte di finanziamento durante il dottorato,Income source during education,DCCV_TRANSIZ_DOTT_DEM,1.0,IT1
392_584_DF_DCCV_TRANSIZ_DOTT_DEM_5,1.0,Titolo di studio del padre e della madre,Parents' highest level of education attained,DCCV_TRANSIZ_DOTT_DEM,1.0,IT1
392_585,1.0,Dottorati - retribuzione e orario di lavoro,PhD graduates - wage and hours worked,DCCV_TRANSIZ_DOTT_REDDITO,1.0,IT1
392_585_DF_DCCV_TRANSIZ_DOTT_REDDITO_1,1.0,Retribuzioni per residenza e area disciplinare,Wage by place of residence and field of study,DCCV_TRANSIZ_DOTT_REDDITO,1.0,IT1
392_585_DF_DCCV_TRANSIZ_DOTT_REDDITO_2,1.0,Retribuzione e tipo di occupazione,Wage and professional status,DCCV_TRANSIZ_DOTT_REDDITO,1.0,IT1
392_585_DF_DCCV_TRANSIZ_DOTT_REDDITO_3,1.0,"Dottori, ore settimanali lavorate e tipo di occupazione","PhD graduates, hours worked per week and professional status",DCCV_TRANSIZ_DOTT_REDDITO,1.0,IT1
392_586,1.0,Dottorati - mobilità territoriale,PhD graduates - territorial mobility,DCCV_TRANSIZ_DOTT_MOBILITA,1.0,IT1
392_586_DF_DCCV_TRANSIZ_DOTT_MOBILITA_1,1.0,"Periodi di formazione all'estero, area disciplinare","Time spent abroad, field of study",DCCV_TRANSIZ_DOTT_MOBILITA,1.0,IT1
392_586_DF_DCCV_TRANSIZ_DOTT_MOBILITA_2,1.0,"Periodi di formazione all'estero, occupazione, sesso","Time spent abroad during and after the doctoral programme, employment, gender",DCCV_TRANSIZ_DOTT_MOBILITA,1.0,IT1
392_586_DF_DCCV_TRANSIZ_DOTT_MOBILITA_3,1.0,Intenzione di lasciare l'Italia,Intention of leaving Italy,DCCV_TRANSIZ_DOTT_MOBILITA,1.0,IT1
392_586_DF_DCCV_TRANSIZ_DOTT_MOBILITA_4,1.0,"Residenti all'estero, occupazione, sesso","Doctoral graduates living abroad, employment, gender",DCCV_TRANSIZ_DOTT_MOBILITA,1.0,IT1
392_586_DF_DCCV_TRANSIZ_DOTT_MOBILITA_5,1.0,"Residenti all'estero, area disciplinare","Doctoral graduates living abroad, field of study",DCCV_TRANSIZ_DOTT_MOBILITA,1.0,IT1
392_636,1.0,Dottorati - condizione occupazionale,PhD graduates - professional status,DCCV_TRANSIZ_DOTT_OCCUPAZ,1.0,IT1
392_636_DF_DCCV_TRANSIZ_DOTT_OCCUPAZ_1,1.0,"Condizione occupazionale, sesso, residenza","Occupational status, gender,place of residence",DCCV_TRANSIZ_DOTT_OCCUPAZ,1.0,IT1
392_636_DF_DCCV_TRANSIZ_DOTT_OCCUPAZ_2,1.0,"Condizione occupazionale, area disciplinare","Occupational status, field of study",DCCV_TRANSIZ_DOTT_OCCUPAZ,1.0,IT1
392_636_DF_DCCV_TRANSIZ_DOTT_OCCUPAZ_3,1.0,"Settore di impiego, tipo di occupazione","Sector of employement,professional status",DCCV_TRANSIZ_DOTT_OCCUPAZ,1.0,IT1
392_636_DF_DCCV_TRANSIZ_DOTT_OCCUPAZ_4,1.0,Attività economica,Economic activity,DCCV_TRANSIZ_DOTT_OCCUPAZ,1.0,IT1
392_636_DF_DCCV_TRANSIZ_DOTT_OCCUPAZ_5,1.0,Professione,Occupation,DCCV_TRANSIZ_DOTT_OCCUPAZ,1.0,IT1
392_636_DF_DCCV_TRANSIZ_DOTT_OCCUPAZ_6,1.0,Coerenza tra l'attività lavorativa e il dottorato,Job and educational attainment coeherence,DCCV_TRANSIZ_DOTT_OCCUPAZ,1.0,IT1
392_636_DF_DCCV_TRANSIZ_DOTT_OCCUPAZ_7,1.0,Attività di ricerca e sviluppo,Research and Development activities,DCCV_TRANSIZ_DOTT_OCCUPAZ,1.0,IT1
392_708,1.0,Dottorati - ricerca di lavoro e soddisfazione,PhD graduates - job search and satisfaction,DCCV_TRANSIZ_DOTT_SODDIS,1.0,IT1
392_708_DF_DCCV_TRANSIZ_DOTT_SODDIS_1,1.0,Ricerca di lavoro e occupazione attuale,Job search and professionall status,DCCV_TRANSIZ_DOTT_SODDIS,1.0,IT1
392_708_DF_DCCV_TRANSIZ_DOTT_SODDIS_2,1.0,Tipo di occupazione e orario desiderati,Professional status and full-time vs part-time preference,DCCV_TRANSIZ_DOTT_SODDIS,1.0,IT1
392_708_DF_DCCV_TRANSIZ_DOTT_SODDIS_3,1.0,Luogo di lavoro desiderato e preferenza per lavoro di ricerca,Preferred territory for working and research field employment preference,DCCV_TRANSIZ_DOTT_SODDIS,1.0,IT1
392_708_DF_DCCV_TRANSIZ_DOTT_SODDIS_4,1.0,Soddisfazione (da 0 a 10) per il lavoro e il dottorato,Satisfaction (of 0 to 10) for the job and the programme completed,DCCV_TRANSIZ_DOTT_SODDIS,1.0,IT1
395_344,1.0,Sequenza dei conti trimestrali per settore istituzionale - Conti versione 2011,Sequence of quarterly accounts by institutional sector - Accounts in the 2011 version,DCCN_SEQCONTIASQ,1.0,IT1
396_61,1.0,Reddito disponibile delle famiglie nelle regioni italiane - edizione ottobre 2010,Disposable income of households in the italian regions - edition October 2010,DCCN_SEQCONTIRFT,1.0,IT1
39_1,1.0,Indicatori di mortalità per causa per titolo di studio,Indicators of inequality in cause-specific mortality by education,DCIS_IND_MORT_EDU,1.0,IT1
39_1005,1.0,Suicidi - popolazione di 15 anni e oltre,Suicides,DCIS_SUICIDI,1.0,IT1
39_1005_DF_DCIS_SUICIDI_1,1.0,Suicidi - popolazione di 15 anni e oltre - Principali dati,Suicides - 15 years and over - Key data,DCIS_SUICIDI,1.0,IT1
39_1005_DF_DCIS_SUICIDI_2,1.0,Sesso ed età,Gender and age,DCIS_SUICIDI,1.0,IT1
39_1005_DF_DCIS_SUICIDI_3,1.0,Malattie associate,Comorbidity,DCIS_SUICIDI,1.0,IT1
39_1005_DF_DCIS_SUICIDI_4,1.0,Modalità del suicidio,Method of suicide,DCIS_SUICIDI,1.0,IT1
39_1005_DF_DCIS_SUICIDI_5,1.0,Modalità del suicidio e malattie associate,Method of suicide and comorbidity,DCIS_SUICIDI,1.0,IT1
39_1005_DF_DCIS_SUICIDI_6,1.0,Istruzione,Educational level,DCIS_SUICIDI,1.0,IT1
39_1005_DF_DCIS_SUICIDI_7,1.0,Stato civile,Civil status,DCIS_SUICIDI,1.0,IT1
39_1005_DF_DCIS_SUICIDI_8,1.0,Mese del decesso,Month,DCIS_SUICIDI,1.0,IT1
39_1005_DF_DCIS_SUICIDI_9,1.0,Cittadinanza,Nationality,DCIS_SUICIDI,1.0,IT1
39_1_DF_DCIS_IND_MORT_EDU_1,1.0,Indicatori di mortalità per causa e titolo di studio,Indicators of inequality by cause and educational level,DCIS_IND_MORT_EDU,1.0,IT1
39_493,1.0,Mortalità per territorio di evento,Mortality by place of registration,DCIS_CMORTE1_EV,1.0,IT1
39_493_DF_DCIS_CMORTE1_EV_1,1.0,Causa - prov.,Cause - prov.,DCIS_CMORTE1_EV,1.0,IT1
39_493_DF_DCIS_CMORTE1_EV_2,1.0,Causa ed età,Cause and age,DCIS_CMORTE1_EV,1.0,IT1
39_493_DF_DCIS_CMORTE1_EV_3,1.0,Causa e paese di cittadinanza,Cause and country of citizenship,DCIS_CMORTE1_EV,1.0,IT1
39_493_DF_DCIS_CMORTE1_EV_4,1.0,Età e paese di cittadinanza,Age and country of citizenship,DCIS_CMORTE1_EV,1.0,IT1
39_493_DF_DCIS_CMORTE1_EV_5,1.0,"Istruzione, stato civile e mese di decesso","Education level, marital status and month of death",DCIS_CMORTE1_EV,1.0,IT1
39_493_DF_DCIS_CMORTE1_EV_6,1.0,Anno di nascita,Year of birth,DCIS_CMORTE1_EV,1.0,IT1
39_494,1.0,Mortalità per territorio di residenza,Mortality by territory of residence,DCIS_CMORTE1_RES,1.0,IT1
39_494_DF_DCIS_CMORTE1_RES_1,1.0,Causa - prov.,Cause - prov.,DCIS_CMORTE1_RES,1.0,IT1
39_494_DF_DCIS_CMORTE1_RES_2,1.0,Causa ed età,Cause and age,DCIS_CMORTE1_RES,1.0,IT1
39_494_DF_DCIS_CMORTE1_RES_3,1.0,Causa e paese di cittadinanza,Cause and country of citizenship,DCIS_CMORTE1_RES,1.0,IT1
39_494_DF_DCIS_CMORTE1_RES_4,1.0,Età e paese di cittadinanza,Age and country of citizenship,DCIS_CMORTE1_RES,1.0,IT1
39_494_DF_DCIS_CMORTE1_RES_5,1.0,"Istruzione, stato civile e mese di decesso","Education level, marital status and month of death",DCIS_CMORTE1_RES,1.0,IT1
39_494_DF_DCIS_CMORTE1_RES_6,1.0,Anno di nascita,Year of birth,DCIS_CMORTE1_RES,1.0,IT1
39_494_DF_DCIS_CMORTE1_RES_7,1.0,Anno di matrimonio ed età del coniuge,Year of marriage and age of the spouse,DCIS_CMORTE1_RES,1.0,IT1
39_494_DF_DCIS_CMORTE1_RES_8,1.0,Quozienti di mortalità - prov.,Mortality rates - prov.,DCIS_CMORTE1_RES,1.0,IT1
39_57,1.0,Cause multiple di morte,Multiple causes of death,DCIS_CMORTEM,1.0,IT1
39_57_DF_DCIS_CMORTEM_1,1.0,Rapporto tra causa iniziale e causa multipla di morte,Ratio of underlying cause to multiple cause of death,DCIS_CMORTEM,1.0,IT1
39_57_DF_DCIS_CMORTEM_2,1.0,Numero di patologie per causa iniziale di morte,Number of conditions by underlying cause of death,DCIS_CMORTEM,1.0,IT1
39_57_DF_DCIS_CMORTEM_3,1.0,Numero di menzioni per causa multipla di morte,Mentions of specified multiple cause of death,DCIS_CMORTEM,1.0,IT1
39_57_DF_DCIS_CMORTEM_4,1.0,Mortalità infantile - rapporto tra causa iniziale e causa multipla,Infant mortality - ratio of underlying cause to multiple cause of death,DCIS_CMORTEM,1.0,IT1
39_57_DF_DCIS_CMORTEM_5,1.0,Mortalità infantile - numero di menzioni per causa multipla di morte,Infant mortality - Mentions of specified multiple cause of death,DCIS_CMORTEM,1.0,IT1
39_700,1.0,Mortalità infantile per territorio di evento,Infant mortality by place of registration,DCIS_CMORTEINF2_EV,1.0,IT1
39_700_DF_DCIS_CMORTEINF2_EV_1,1.0,Causa ed età,Cause and age,DCIS_CMORTEINF2_EV,1.0,IT1
39_700_DF_DCIS_CMORTEINF2_EV_2,1.0,Causa e cittadinanza della madre,Cause and citizenship of the mother,DCIS_CMORTEINF2_EV,1.0,IT1
39_700_DF_DCIS_CMORTEINF2_EV_3,1.0,"Età, istruzione ed età della madre, filiazione e mese di decesso - prov.","Age,education level and age of the mother, filiation and month of death - prov.",DCIS_CMORTEINF2_EV,1.0,IT1
39_700_DF_DCIS_CMORTEINF2_EV_4,1.0,Cittadinanza della madre - prov.,Citizenship of the mother - prov.,DCIS_CMORTEINF2_EV,1.0,IT1
39_701,1.0,Mortalità infantile per territorio di residenza,Infant mortality by territory of residence,DCIS_CMORTEINF2_RES,1.0,IT1
39_701_DF_DCIS_CMORTEINF2_RES_1,1.0,Causa,Cause,DCIS_CMORTEINF2_RES,1.0,IT1
39_701_DF_DCIS_CMORTEINF2_RES_2,1.0,"Età, istruzione ed età della madre, filiazione e mese di decesso - prov.","Age,education level and age of the mother, filiation and month of death - prov.",DCIS_CMORTEINF2_RES,1.0,IT1
39_701_DF_DCIS_CMORTEINF2_RES_3,1.0,Cittadinanza della madre - prov.,Citizenship of the mother - prov.,DCIS_CMORTEINF2_RES,1.0,IT1
39_701_DF_DCIS_CMORTEINF2_RES_4,1.0,Quozienti di mortalità infantile - prov.,Infant mortality rates - prov.,DCIS_CMORTEINF2_RES,1.0,IT1
3_156,1.0,Conto economico delle risorse e degli impieghi e contributi alla crescita del Pil - edizioni ottobre 2019 - settembre 2024,"Gross domestic product, expenditure components and contribution to GDP growth - editions from October 2019 to September 2024",DCCN_SQCQ_B19,1.0,IT1
3_156_DF_DCCN_SQCQ_B19_1,1.0,Conto economico delle risorse e degli impieghi - edizioni ottobre 2019 - settembre 2024,Gross domestic product and expenditure components - editions from October 2019 to September 2024,DCCN_SQCQ_B19,1.0,IT1
3_156_DF_DCCN_SQCQ_B19_2,1.0,Contributi alla crescita del PIL - edizioni ottobre 2019 - settembre 2024,Contributions to GDP growth - editions from October 2019 to September 2024,DCCN_SQCQ_B19,1.0,IT1
3_156_DF_DCCN_SQCQ_B19_3,1.0,Prodotto interno lordo e variazioni (stima preliminare) - edizioni ottobre 2019 - settembre 2024,Gross domestic product and growth rates (preliminary estimate) - editions from October 2019 to September 2024,DCCN_SQCQ_B19,1.0,IT1
3_48_DF_DCCN_VAAGSIPET_B19_1,1.0,Produzione e valore aggiunto ai prezzi base - edizioni maggio 2020 - giugno 2024,Production and value added at basic prices - editions from May 2020 to June 2024,DCCN_VAAGSIPET_B19,1.0,IT1
3_48_DF_DCCN_VAAGSIPET_B19_2,1.0,Prodotti e voci di costo - edizioni maggio 2020 - giugno 2024,Products and cost items - editions from May 2020 to June 2024,DCCN_VAAGSIPET_B19,1.0,IT1
41_269_1,1.0,Incidenti stradali con lesioni alle persone (Lazio),Road accidents with injuries (Lazio),DCIS_INCIDENTISTR1,1.0,IT1
41_269_DF_DCIS_INCIDENTISTR1_1,1.0,Incidenti stradali con lesioni alle persone,Road accidents with injuries,DCIS_INCIDENTISTR1,1.0,IT1
41_270_DF_DCIS_MORTIFERITISTR1_1,1.0,Morti e feriti in incidenti stradali,Killed and injured in road accidents,DCIS_MORTIFERITISTR1,1.0,IT1
41_270_DF_DCIS_MORTIFERITISTR1_1_1,1.0,dataflow eliminato,deleted dataflow,DCIS_MORTIFERITISTR1,1.0,IT1
41_270_DF_DCIS_MORTIFERITISTR1_TS1_1,1.0,"Morti e feriti in incidenti stradali - Anni 2001, 2002, 2003","Killed and injured in road accidents - Years 2001, 2002, 2003",DCIS_MORTIFERITISTR1,1.0,IT1
41_270_DF_DCIS_MORTIFERITISTR1_TS2_1,1.0,"Morti e feriti in incidenti stradali - Anni 2004, 2005, 2006","Killed and injured in road accidents - Years 2004, 2005, 2006",DCIS_MORTIFERITISTR1,1.0,IT1
41_270_DF_DCIS_MORTIFERITISTR1_TS3_1,1.0,"Morti e feriti in incidenti stradali - Anni 2007, 2008, 2009","Killed and injured in road accidents - Years 2007, 2008, 2009",DCIS_MORTIFERITISTR1,1.0,IT1
41_271,1.0,Veicoli coinvolti in incidenti stradali,Vehicles involved in road accidents,DCIS_VEICOLIINCID1,1.0,IT1
41_271_DF_DCIS_VEICOLIINCID1_1,1.0,Veicoli coinvolti in incidenti stradali,Vehicles involved in road accidents,DCIS_VEICOLIINCID1,1.0,IT1
41_287,1.0,Indicatori di incidentalità stradale,Road accidents indicators,DCIS_INDINCIDENT,1.0,IT1
41_287_DF_DCIS_INDINCIDENT_1,1.0,Indice di mortalità,Mortality index,DCIS_INDINCIDENT,1.0,IT1
41_287_DF_DCIS_INDINCIDENT_2,1.0,Indice di lesività,Harmfulness index,DCIS_INDINCIDENT,1.0,IT1
41_288,1.0,Veicoli - Pubblico registro automobilistico,Vehicles - Public Register of Motor-vehicles,DCIS_VEICOLIPRA,1.0,IT1
41_288_DF_DCIS_VEICOLIPRA_1,1.0,Veicoli - Pubblico registro automobilistico,Vehicles - Public automotive register,DCIS_VEICOLIPRA,1.0,IT1
41_983,1.0,"Incidenti, morti e feriti - comuni","Road accidents, killed and injured - municipalities",DCIS_INCIDMORFER_COM,1.0,IT1
41_983_DF_DCIS_INCIDMORFER_COM_1,1.0,"Incidenti, morti e feriti - comuni","Road accidents, killed and injured - municipalities",DCIS_INCIDMORFER_COM,1.0,IT1
41_993,1.0,Veicoli - Pubblico registro automobilistico - comuni,Vehicles - Public Register of Motor-vehicles - municipalities,DCIS_VEICOLIPRA_COM,1.0,IT1
41_993_DCIS_VEICOLIPRA_COM_1,1.0,Veicoli - Pubblico registro automobilistico - comuni,Vehicles - Public Register of Motor-vehicles - municipalities,DCIS_VEICOLIPRA_COM,1.0,IT1
42_1108,1.0,Interruzioni volontarie della gravidanza caratteristiche dell'evento,Induced abortions characteristics of the event,DCIS_IVG_CARATTEV1,1.0,IT1
42_1108_DF_DCIS_IVG_CARATTEV1_1,1.0,"Tipo di intervento, terapia antalgica e settimane di amenorrea","Type of intervention, antalgic therapy and weeks of amenorrhea",DCIS_IVG_CARATTEV1,1.0,IT1
42_1108_DF_DCIS_IVG_CARATTEV1_10,1.0,Luogo di aborto - prov.,Place of abortion - prov.,DCIS_IVG_CARATTEV1,1.0,IT1
42_1108_DF_DCIS_IVG_CARATTEV1_11,1.0,Tipo di complicazione - prov.,Type of complication - prov.,DCIS_IVG_CARATTEV1,1.0,IT1
42_1108_DF_DCIS_IVG_CARATTEV1_12,1.0,Presenza di malformazioni fetali - prov.,Presence of fetal malformations - prov.,DCIS_IVG_CARATTEV1,1.0,IT1
42_1108_DF_DCIS_IVG_CARATTEV1_2,1.0,"Tipo di intervento, terapia antalgica ed età gestazionale","Type of intervention, antalgic therapy and gestational age",DCIS_IVG_CARATTEV1,1.0,IT1
42_1108_DF_DCIS_IVG_CARATTEV1_3,1.0,Tipo di intervento - prov.,Type of intervention - prov.,DCIS_IVG_CARATTEV1,1.0,IT1
42_1108_DF_DCIS_IVG_CARATTEV1_4,1.0,Terapia antalgica - prov.,Antalgic therapy - prov.,DCIS_IVG_CARATTEV1,1.0,IT1
42_1108_DF_DCIS_IVG_CARATTEV1_5,1.0,Settimane di amenorrea - prov.,Weeks of amenorrhea - prov.,DCIS_IVG_CARATTEV1,1.0,IT1
42_1108_DF_DCIS_IVG_CARATTEV1_6,1.0,Età gestazionale - prov.,Gestational age- prov.,DCIS_IVG_CARATTEV1,1.0,IT1
42_1108_DF_DCIS_IVG_CARATTEV1_7,1.0,Istituzione che ha rilasciato la certificazione - prov.,Institution that issued the certification - prov.,DCIS_IVG_CARATTEV1,1.0,IT1
42_1108_DF_DCIS_IVG_CARATTEV1_8,1.0,Giorni di attesa tra certificazione e intervento - prov.,Waiting days between certification and intervention - prov.,DCIS_IVG_CARATTEV1,1.0,IT1
42_1108_DF_DCIS_IVG_CARATTEV1_9,1.0,Livello di urgenza - prov.,Urgency level - prov.,DCIS_IVG_CARATTEV1,1.0,IT1
42_210,1.0,Interruzioni volontarie della gravidanza - Migrazione,Induced abortions - Migration,DCIS_IVG_MIGRAZIONE,1.0,IT1
42_210_DF_DCIS_IVG_MIGRAZIONE_1,1.0,Indicatori di emigrazione,Emigration indicators,DCIS_IVG_MIGRAZIONE,1.0,IT1
42_210_DF_DCIS_IVG_MIGRAZIONE_2,1.0,Indicatori di immigrazione,Immigration indicators,DCIS_IVG_MIGRAZIONE,1.0,IT1
42_210_DF_DCIS_IVG_MIGRAZIONE_3,1.0,Eventi per regione di residenza della donna e regione di intervento,Events by region of residence of the woman and region of intervention,DCIS_IVG_MIGRAZIONE,1.0,IT1
42_320,1.0,Aborti spontanei - dimissioni rispetto al luogo di nascita della donna,Spontaneous abortions - resignation from the woman's birthplace,DCIS_ABORTISPONTN,1.0,IT1
42_320_DF_DCIS_ABORTISPONTN_1,1.0,Aborti spontanei - dimissioni rispetto al luogo di nascita della donna,Spontaneous abortions - resignation from the woman's birthplace,DCIS_ABORTISPONTN,1.0,IT1
42_324,1.0,Aborti spontanei - dimissioni rispetto al luogo di residenza della donna,Spontaneous abortions - resignation from the woman's place of residence,DCIS_ABORTISPONTR,1.0,IT1
42_324_DF_DCIS_ABORTISPONTR_1,1.0,Età e settimane di amenorrea,Age and weeks of amenorrhea,DCIS_ABORTISPONTR,1.0,IT1
42_324_DF_DCIS_ABORTISPONTR_10,1.0,Stato civile - prov.,Marital status - prov.,DCIS_ABORTISPONTR,1.0,IT1
42_324_DF_DCIS_ABORTISPONTR_11,1.0,Titolo di studio - prov.,Education level - prov.,DCIS_ABORTISPONTR,1.0,IT1
42_324_DF_DCIS_ABORTISPONTR_12,1.0,Condizione professionale - prov.,Professional condition - prov.,DCIS_ABORTISPONTR,1.0,IT1
42_324_DF_DCIS_ABORTISPONTR_13,1.0,Storia riproduttiva della donna e numerosità dell'evento - prov.,Reproductive history of the woman and number of the event - prov.,DCIS_ABORTISPONTR,1.0,IT1
42_324_DF_DCIS_ABORTISPONTR_14,1.0,Utilizzo di tecniche di procreazione medicalmente assistita - prov.,Use of medically assisted procreation techniques - prov.,DCIS_ABORTISPONTR,1.0,IT1
42_324_DF_DCIS_ABORTISPONTR_15,1.0,Metodo di procreazione medicalmente assistita - prov.,Medically assisted procreation method - prov.,DCIS_ABORTISPONTR,1.0,IT1
42_324_DF_DCIS_ABORTISPONTR_16,1.0,Numero medio settimane di amenorrea - prov.,Average number of weeks of amenorrhea - prov.,DCIS_ABORTISPONTR,1.0,IT1
42_324_DF_DCIS_ABORTISPONTR_17,1.0,Età media della donna - prov.,Mean age of women - prov.,DCIS_ABORTISPONTR,1.0,IT1
42_324_DF_DCIS_ABORTISPONTR_2,1.0,"Età, stato civile e titolo di studio","Age, marital status and educational level",DCIS_ABORTISPONTR,1.0,IT1
42_324_DF_DCIS_ABORTISPONTR_3,1.0,Età e condizione professionale,Age and professional status,DCIS_ABORTISPONTR,1.0,IT1
42_324_DF_DCIS_ABORTISPONTR_4,1.0,"Età, storia riproduttiva della donna e numerosità dell'evento","Age, reproductive history of the woman and number of the event",DCIS_ABORTISPONTR,1.0,IT1
42_324_DF_DCIS_ABORTISPONTR_5,1.0,Numero medio di settimane di amenorrea,Average number of weeks of amenorrhea,DCIS_ABORTISPONTR,1.0,IT1
42_324_DF_DCIS_ABORTISPONTR_6,1.0,Tassi e rapporti,Miscarriage rates and miscarriage ratios,DCIS_ABORTISPONTR,1.0,IT1
42_324_DF_DCIS_ABORTISPONTR_7,1.0,"Tassi e rapporti standardizzati, tasso di abortività spontanea totale","Standardized rates and ratios, total spontaneous abortion rate",DCIS_ABORTISPONTR,1.0,IT1
42_324_DF_DCIS_ABORTISPONTR_8,1.0,Età - prov.,Age - prov.,DCIS_ABORTISPONTR,1.0,IT1
42_324_DF_DCIS_ABORTISPONTR_9,1.0,Settimane di amenorrea - prov.,Weeks of amenorrhea - prov.,DCIS_ABORTISPONTR,1.0,IT1
42_325,1.0,Aborti spontanei - dimissioni rispetto al luogo dell'evento,Spontaneous abortions - resignation from the place of the event,DCIS_ABORTISPONTL,1.0,IT1
42_325_DF_DCIS_ABORTISPONTL_1,1.0,Età e paese di cittadinanza della donna,Spontaneous abortions - resignation from the place of the event,DCIS_ABORTISPONTL,1.0,IT1
42_325_DF_DCIS_ABORTISPONTL_10,1.0,Paese di cittadinanza della donna - prov.,Country of citizenship of the woman - prov.,DCIS_ABORTISPONTL,1.0,IT1
42_325_DF_DCIS_ABORTISPONTL_11,1.0,Tipo di intervento - prov.,Type of intervention - prov.,DCIS_ABORTISPONTL,1.0,IT1
42_325_DF_DCIS_ABORTISPONTL_12,1.0,Terapia antalgica - prov.,Antalgic therapy - prov.,DCIS_ABORTISPONTL,1.0,IT1
42_325_DF_DCIS_ABORTISPONTL_13,1.0,Tipo di complicazione - prov.,Type of complication - prov.,DCIS_ABORTISPONTL,1.0,IT1
42_325_DF_DCIS_ABORTISPONTL_14,1.0,Utilizzo di tecniche di procreazione medicalmente assistita - prov.,Use of medically assisted procreation techniques - prov.,DCIS_ABORTISPONTL,1.0,IT1
42_325_DF_DCIS_ABORTISPONTL_15,1.0,Metodo di procreazione medicalmente assistita - prov.,Medically assisted procreation method - prov.,DCIS_ABORTISPONTL,1.0,IT1
42_325_DF_DCIS_ABORTISPONTL_16,1.0,Luogo di aborto - prov.,Place of abortion - prov,DCIS_ABORTISPONTL,1.0,IT1
42_325_DF_DCIS_ABORTISPONTL_2,1.0,Età della donna e settimana di amenorrea,Age of the woman and week of amenorrhea,DCIS_ABORTISPONTL,1.0,IT1
42_325_DF_DCIS_ABORTISPONTL_3,1.0,Età della donna e utilizzo di tecniche di procreazione medicalmente assistita,Age of women and use of medically assisted procreation techniques,DCIS_ABORTISPONTL,1.0,IT1
42_325_DF_DCIS_ABORTISPONTL_4,1.0,Età della donna e metodo di procreazione medicalmente assistita,Age of the woman and method of medically assisted procreation,DCIS_ABORTISPONTL,1.0,IT1
42_325_DF_DCIS_ABORTISPONTL_5,1.0,"Tipo di intervento, di complicazione e settimana di amenorrea","Type of intervention, complication and week of amenorrhea",DCIS_ABORTISPONTL,1.0,IT1
42_325_DF_DCIS_ABORTISPONTL_6,1.0,Degenza media per tipo intervento e settimane di amenorrea,Average hospitalization by type of intervention and weeks of amenorrhea,DCIS_ABORTISPONTL,1.0,IT1
42_325_DF_DCIS_ABORTISPONTL_7,1.0,Regione di residenza della donna,Region of residence of the woman,DCIS_ABORTISPONTL,1.0,IT1
42_325_DF_DCIS_ABORTISPONTL_8,1.0,Degenza media e tipo di complicazione,Average hospitalization and type of complication,DCIS_ABORTISPONTL,1.0,IT1
42_325_DF_DCIS_ABORTISPONTL_9,1.0,Età della donna - prov.,Age of women - prov.,DCIS_ABORTISPONTL,1.0,IT1
42_70,1.0,Interruzioni volontarie della gravidanza - caratteristiche della donna,Voluntary interruptions of pregnancy - characteristics of the woman,DCIS_IVG_CARATTDON,1.0,IT1
42_70_DF_DCIS_IVG_CARATTDON_1,1.0,"Età, stato civile e storia riproduttiva","Age, marital status and reproductive history",DCIS_IVG_CARATTDON,1.0,IT1
42_70_DF_DCIS_IVG_CARATTDON_10,1.0,Età - prov. di nascita,Age - prov. of birth,DCIS_IVG_CARATTDON,1.0,IT1
42_70_DF_DCIS_IVG_CARATTDON_11,1.0,Età - prov. di residenza,Age - prov. of residence,DCIS_IVG_CARATTDON,1.0,IT1
42_70_DF_DCIS_IVG_CARATTDON_12,1.0,Minorenni per assenso - prov. di residenza,Minors for assent - prov. of residence,DCIS_IVG_CARATTDON,1.0,IT1
42_70_DF_DCIS_IVG_CARATTDON_13,1.0,Età delle donne con cittadinanza straniera - prov. di residenza,Age of women with foreign citizenship - prov. of residence,DCIS_IVG_CARATTDON,1.0,IT1
42_70_DF_DCIS_IVG_CARATTDON_14,1.0,Paese di cittadinanza - prov. di residenza,Country of citizenship - prov. of residence,DCIS_IVG_CARATTDON,1.0,IT1
42_70_DF_DCIS_IVG_CARATTDON_15,1.0,Stato civile - prov. di residenza,Marital status - prov. of residence,DCIS_IVG_CARATTDON,1.0,IT1
42_70_DF_DCIS_IVG_CARATTDON_16,1.0,Titolo di studio - prov. di residenza,Education level- prov. of residence,DCIS_IVG_CARATTDON,1.0,IT1
42_70_DF_DCIS_IVG_CARATTDON_17,1.0,Condizione professionale - prov. di residenza,Professional condition - prov. of residence,DCIS_IVG_CARATTDON,1.0,IT1
42_70_DF_DCIS_IVG_CARATTDON_18,1.0,Storia riproduttiva - prov. di residenza,Reproductive history - prov. of residence,DCIS_IVG_CARATTDON,1.0,IT1
42_70_DF_DCIS_IVG_CARATTDON_2,1.0,Dettaglio età e storia riproduttiva,Age and previous reproductive history,DCIS_IVG_CARATTDON,1.0,IT1
42_70_DF_DCIS_IVG_CARATTDON_3,1.0,"Età, stato civile e titolo di studio","Age, marital status and educational level",DCIS_IVG_CARATTDON,1.0,IT1
42_70_DF_DCIS_IVG_CARATTDON_4,1.0,"Età, stato civile e condizione proessionale","Age, marital status and professional status",DCIS_IVG_CARATTDON,1.0,IT1
42_70_DF_DCIS_IVG_CARATTDON_5,1.0,Tasso di abortività volontaria (per 1000 donne) totale e stadardizzato,Abortion rate (values per 1000 women) total and standardized,DCIS_IVG_CARATTDON,1.0,IT1
42_70_DF_DCIS_IVG_CARATTDON_6,1.0,Tasso di abortività volontaria per età e stato civile (per 1000 donne),Voluntary abortion rate by age and marital status (per 1000 women),DCIS_IVG_CARATTDON,1.0,IT1
42_70_DF_DCIS_IVG_CARATTDON_7,1.0,Tasso di abortività volontaria delle donne minorenni (per 1000 donne),Voluntary abortion rate of underage women (per 1000 women),DCIS_IVG_CARATTDON,1.0,IT1
42_70_DF_DCIS_IVG_CARATTDON_8,1.0,Età media all'interruzione volontaria di gravidanza - prov. di residenza,Average age at voluntary interruption of pregnancy - prov. of residence,DCIS_IVG_CARATTDON,1.0,IT1
42_70_DF_DCIS_IVG_CARATTDON_9,1.0,Età - prov. di evento,Age - prov. of event,DCIS_IVG_CARATTDON,1.0,IT1
43_236,1.0,Strutture sanitarie per l'assistenza di base - serie interrotte,Primary care - broken time series,DCIS_ASSBASE,1.0,IT1
43_236_DF_DCIS_ASSBASE_1,1.0,Strutture sanitarie per l'assistenza di base - serie interrotte,Primary care - broken time series,DCIS_ASSBASE,1.0,IT1
43_237,1.0,Strutture sanitarie distrettuali - serie interrotte,Outpatient and residential facilities - broken time series,DCIS_STRSANDISTR,1.0,IT1
43_237_DF_DCIS_STRSANDISTR_1,1.0,Tipologia delle strutture sanitarie distrettuali,Type of outpatient and residential facilities,DCIS_STRSANDISTR,1.0,IT1
43_237_DF_DCIS_STRSANDISTR_2,1.0,Attività delle strutture sanitarie distrettuali,Activities of outpatient and residential facilities,DCIS_STRSANDISTR,1.0,IT1
43_283,1.0,Dimissioni ospedaliere per disturbi psichici rispetto al luogo di residenza,Hospital discharges for mental disorders by place of residence,DCIS_OSPDISTPSICHRES,1.0,IT1
43_283_DF_DCIS_OSPDISTPSICHRES_1,1.0,Sesso ed età,Sex and age,DCIS_OSPDISTPSICHRES,1.0,IT1
43_283_DF_DCIS_OSPDISTPSICHRES_2,1.0,Sesso e stato civile,Sex and marital status,DCIS_OSPDISTPSICHRES,1.0,IT1
43_283_DF_DCIS_OSPDISTPSICHRES_3,1.0,Aggregati clinici,Clinical classification,DCIS_OSPDISTPSICHRES,1.0,IT1
43_283_DF_DCIS_OSPDISTPSICHRES_4,1.0,Dimissioni per ricoveri in day hospital,Hospital discharges day care,DCIS_OSPDISTPSICHRES,1.0,IT1
43_283_DF_DCIS_OSPDISTPSICHRES_5,1.0,Degenza media in ricovero ordinario,Average length of stay inpatient care,DCIS_OSPDISTPSICHRES,1.0,IT1
43_283_DF_DCIS_OSPDISTPSICHRES_6,1.0,Pazienti ricoverati in luogo diverso da quello di residenza - reg.,Patients admitted to a place other than that of residence - reg.,DCIS_OSPDISTPSICHRES,1.0,IT1
43_283_DF_DCIS_OSPDISTPSICHRES_7,1.0,Pazienti ricoverati in luogo diverso da quello di residenza - prov.,Patients admitted to a place other than that of residence - prov.,DCIS_OSPDISTPSICHRES,1.0,IT1
43_284,1.0,Dimissioni per disturbi psichici rispetto al luogo di dimissione,Resignation for mental disorders compared to the place of discharge,DCIS_OSPDISTPSICHRIC,1.0,IT1
43_284_DF_DCIS_OSPDISTPSICHRIC_1,1.0,Istituti di cura,Hospitals,DCIS_OSPDISTPSICHRIC,1.0,IT1
43_284_DF_DCIS_OSPDISTPSICHRIC_2,1.0,Dimissioni per tipo di istituto,Hospital discharges by type of institution,DCIS_OSPDISTPSICHRIC,1.0,IT1
43_284_DF_DCIS_OSPDISTPSICHRIC_3,1.0,Dimissioni per regime e tipo di ricovero,Discharges by inpatient care and type of admission,DCIS_OSPDISTPSICHRIC,1.0,IT1
43_284_DF_DCIS_OSPDISTPSICHRIC_4,1.0,Dimissioni per aggregato clinico,Resignation for clinical aggregate,DCIS_OSPDISTPSICHRIC,1.0,IT1
43_284_DF_DCIS_OSPDISTPSICHRIC_5,1.0,Dimissioni per tipo di reparto,Hospital discharges by type of department,DCIS_OSPDISTPSICHRIC,1.0,IT1
43_284_DF_DCIS_OSPDISTPSICHRIC_6,1.0,Dimissioni di pazienti in trattamento sanitaro obbligatorio (TSO),Hospital discharges of patients with compulsory medical treatment,DCIS_OSPDISTPSICHRIC,1.0,IT1
43_284_DF_DCIS_OSPDISTPSICHRIC_7,1.0,Pazienti ricoverati in luogo diverso da quello di residenza - reg.,Patients admitted to a place other than that of residence - reg.,DCIS_OSPDISTPSICHRIC,1.0,IT1
43_284_DF_DCIS_OSPDISTPSICHRIC_8,1.0,Pazienti ricoverati in luogo diverso da quello di residenza - prov.,Patients admitted to a place other than that of residence - prov.,DCIS_OSPDISTPSICHRIC,1.0,IT1
43_339,1.0,Dimissioni per acuti e per cittadinanza del paziente,Hospitalizations for acute care by citizenship,DCIS_OSPSTRA,1.0,IT1
43_339_DF_DCIS_OSPSTRA_1,1.0,"Sesso, età e cittadinanza del paziente","Sex,age and patient's citizenship",DCIS_OSPSTRA,1.0,IT1
43_339_DF_DCIS_OSPSTRA_2,1.0,Diagnosi principale,Main diagnosis,DCIS_OSPSTRA,1.0,IT1
43_339_DF_DCIS_OSPSTRA_3,1.0,Provincia di dimissione,Province of discharge,DCIS_OSPSTRA,1.0,IT1
43_495,1.0,Istituti di cura - serie interrotte,Hospitals - broken time series,DCIS_OSPEDSSN,1.0,IT1
43_495_DF_DCIS_OSPEDSSN_1,1.0,Struttura e attività degli istituti di cura del SSN,National health service hospitals resources and activities,DCIS_OSPEDSSN,1.0,IT1
43_495_DF_DCIS_OSPEDSSN_2,1.0,Struttura e attività degli istituti di cura del SSN per area di specializzazione,National health service hospitals wards resources and activities,DCIS_OSPEDSSN,1.0,IT1
43_495_DF_DCIS_OSPEDSSN_3,1.0,Apparecchiature biomedicali negli istituti di cura del SSN,Medical technology in National health service hospitals,DCIS_OSPEDSSN,1.0,IT1
43_495_DF_DCIS_OSPEDSSN_4,1.0,Personale degli istituti di cura del SSN,Personnel in National health service hospitals,DCIS_OSPEDSSN,1.0,IT1
43_967,1.0,Istituti di cura,Hospitals,DCIS_OSPED,1.0,IT1
43_967_DF_DCIS_OSPED_1,1.0,Istituti pubblici e privati e loro attività,Public and private hospitals and their activities,DCIS_OSPED,1.0,IT1
43_967_DF_DCIS_OSPED_2,1.0,Posti letto e attività per specializzazione clinica,Hospital beds and activities by clinical specialty,DCIS_OSPED,1.0,IT1
43_973,1.0,Personale sanitario,Personnel of health services,DCIS_PERS_SANIT,1.0,IT1
43_973_DF_DCIS_PERS_SANIT_1,1.0,Personale sanitario,Personnel of health services,DCIS_PERS_SANIT,1.0,IT1
43_98,1.0,Visite mediche ed accertamenti diagnostici,Doctor consultations and diagnostic tests,DCIS_RSERVSAN,1.0,IT1
43_98_DF_DCIS_RSERVSAN_1,1.0,Visite mediche,Doctor consultations,DCIS_RSERVSAN,1.0,IT1
43_98_DF_DCIS_RSERVSAN_2,1.0,Visite mediche - valori standardizzati e regionali,Doctor consultations - std and regional values,DCIS_RSERVSAN,1.0,IT1
43_98_DF_DCIS_RSERVSAN_3,1.0,Accertamenti diagnostici,Diagnostic tests,DCIS_RSERVSAN,1.0,IT1
43_98_DF_DCIS_RSERVSAN_4,1.0,Accertamenti diagnostici - valori standardizzati e regionali,Diagnostic tests - std and regional values,DCIS_RSERVSAN,1.0,IT1
43_994,1.0,Istituti di cura  - comuni,Hospitals - municipalities,DCIS_OSPED_COM,1.0,IT1
43_994_DF_DCIS_OSPED_COM_1,1.0,Istituti pubblici e privati,Public and private hospitals,DCIS_OSPED_COM,1.0,IT1
43_994_DF_DCIS_OSPED_COM_2,1.0,Posti letto per specializzazione clinica,Hospital beds by clinical specialty,DCIS_OSPED_COM,1.0,IT1
46_812,1.0,Pensionati,Pensioners,DCAR_PENSIONATI2,1.0,IT1
46_812_DF_DCAR_PENSIONATI2_1,1.0,Principali dati,Data summary,DCAR_PENSIONATI2,1.0,IT1
46_812_DF_DCAR_PENSIONATI2_2,1.0,Importo mensile - prov.,Monthly amount class,DCAR_PENSIONATI2,1.0,IT1
46_812_DF_DCAR_PENSIONATI2_3,1.0,Età - prov.,Age class - prov.,DCAR_PENSIONATI2,1.0,IT1
46_812_DF_DCAR_PENSIONATI2_4,1.0,Indicatori - reg.,Indicators - reg.,DCAR_PENSIONATI2,1.0,IT1
46_813,1.0,Pensioni,Pensions,DCAR_PENSIONI2,1.0,IT1
46_813_DF_DCAR_PENSIONI2_1,1.0,Principali dati,Data summary,DCAR_PENSIONI2,1.0,IT1
46_813_DF_DCAR_PENSIONI2_2,1.0,Importo mensile - prov.,Montly amount class - prov.,DCAR_PENSIONI2,1.0,IT1
46_813_DF_DCAR_PENSIONI2_3,1.0,Età del beneficiario - prov.,Age class - prov.,DCAR_PENSIONI2,1.0,IT1
46_813_DF_DCAR_PENSIONI2_4,1.0,"Ivs e indennitarie - importo, settore e ex professione - prov.","Osd and compensatory - Monthly amount class, sector and ex professional status- prov.",DCAR_PENSIONI2,1.0,IT1
46_813_DF_DCAR_PENSIONI2_5,1.0,"Ivs e indennitarie - età, settore e ex professione - prov.","Osd and compensatory - age class, sector and ex professional status - prov.",DCAR_PENSIONI2,1.0,IT1
46_813_DF_DCAR_PENSIONI2_6,1.0,Indicatori - reg.,Indicators - reg.,DCAR_PENSIONI2,1.0,IT1
47_1219,1.0,Interventi e servizi sociali di regioni e province,Social services and benefits of regions and provinces,DCIS_SPESESERSOC1_RP,1.0,IT1
47_1219_DF_DCIS_SPESESERSOC1_RP_1,1.0,Utenti e spesa - reg.,Users and expenditure - regions,DCIS_SPESESERSOC1_RP,1.0,IT1
47_1219_DF_DCIS_SPESESERSOC1_RP_2,1.0,Spesa per ente gestore - reg.,Expenditure by kind of provider - regions,DCIS_SPESESERSOC1_RP,1.0,IT1
47_850,1.0,Servizi  socio-educativi per la prima infanzia,Socio-educational  services for infancy day-care,DCIS_SERVSOCEDU1,1.0,IT1
47_850_DF_DCIS_SERVSOCEDU1_1,1.0,Indicatori - prov.,Indicators - prov.,DCIS_SERVSOCEDU1,1.0,IT1
47_850_DF_DCIS_SERVSOCEDU1_2,1.0,Servizi offerti dai comuni - reg.,Services provided by municipalities - reg.,DCIS_SERVSOCEDU1,1.0,IT1
47_850_DF_DCIS_SERVSOCEDU1_3,1.0,Servizi offerti dai comuni - prov. e com.,Services provided by municipalities - prov. and municipalities,DCIS_SERVSOCEDU1,1.0,IT1
47_850_DF_DCIS_SERVSOCEDU1_4,1.0,Servizi offerti dai comuni - ambiti territoriali sociali (Ats),Services provided by municipalities - ambiti territoriali sociali (Ats),DCIS_SERVSOCEDU1,1.0,IT1
47_850_DF_DCIS_SERVSOCEDU1_5,1.0,Servizi sul territorio - reg.,Territorial services- reg.,DCIS_SERVSOCEDU1,1.0,IT1
47_850_DF_DCIS_SERVSOCEDU1_6,1.0,Servizi sul territorio - prov. e com.,Territorial services - prov. and municipalities,DCIS_SERVSOCEDU1,1.0,IT1
47_850_DF_DCIS_SERVSOCEDU1_7,1.0,Servizi sul territorio - ambiti territoriali sociali (Ats),Territorial services - ambiti territoriali sociali (Ats),DCIS_SERVSOCEDU1,1.0,IT1
47_940,1.0,Interventi e servizi sociali dei comuni,Social services and benefits of municipalities,DCIS_SPESESERSOC1,1.0,IT1
47_940_DF_DCIS_SPESESERSOC1_1,1.0,Indicatori - prov.,Indicators - prov.,DCIS_SPESESERSOC1,1.0,IT1
47_940_DF_DCIS_SPESESERSOC1_2,1.0,Spesa per ente gestore - reg.,Expenditure for type of provider - reg.,DCIS_SPESESERSOC1,1.0,IT1
47_940_DF_DCIS_SPESESERSOC1_3,1.0,Utenti e spesa - reg.,Users and expenditure - reg.,DCIS_SPESESERSOC1,1.0,IT1
47_940_DF_DCIS_SPESESERSOC1_4,1.0,Utenti e spesa - prov. e com.,Users and expenditure - prov. and municipalities,DCIS_SPESESERSOC1,1.0,IT1
47_940_DF_DCIS_SPESESERSOC1_5,1.0,Utenti e spesa - Ambiti territoriali sociali (Ats),Users and expenditures - Ambiti Territoriali Sociali (Ats),DCIS_SPESESERSOC1,1.0,IT1
498_1104,1.0,Persone a rischio povertà o esclusione sociale,People at risk of poverty or social exclusion,DCCV_RISKPOV,1.0,IT1
498_1104_DF_DCCV_RISKPOV_1,1.0,Ampiezza della famiglia,Household number of components,DCCV_RISKPOV,1.0,IT1
498_1104_DF_DCCV_RISKPOV_10,1.0,Tipologia familiare,Household type,DCCV_RISKPOV,1.0,IT1
498_1104_DF_DCCV_RISKPOV_11,1.0,Fonte principale di reddito della famiglia,Main source of income,DCCV_RISKPOV,1.0,IT1
498_1104_DF_DCCV_RISKPOV_12,1.0,Minori e anziani in famiglia,Children under 18 and elderly over 65 in family,DCCV_RISKPOV,1.0,IT1
498_1104_DF_DCCV_RISKPOV_13,1.0,Sesso ed età del principale percettore,Sex and age of main income earner,DCCV_RISKPOV,1.0,IT1
498_1104_DF_DCCV_RISKPOV_14,1.0,Titolo di studio e condizione professionale del principale percettore,Educational level and professional status of main income earner,DCCV_RISKPOV,1.0,IT1
498_1104_DF_DCCV_RISKPOV_15,1.0,Cittadinanza del principale percettore,Citizenship of the main earner,DCCV_RISKPOV,1.0,IT1
498_1104_DF_DCCV_RISKPOV_16,1.0,Ripartizioni e tipo di comune,Geographical area and type of municipality,DCCV_RISKPOV,1.0,IT1
498_1104_DF_DCCV_RISKPOV_2,1.0,Tipologia familiare,Household type,DCCV_RISKPOV,1.0,IT1
498_1104_DF_DCCV_RISKPOV_3,1.0,Fonte principale di reddito della famiglia,Main source of income,DCCV_RISKPOV,1.0,IT1
498_1104_DF_DCCV_RISKPOV_4,1.0,Minori e anziani in famiglia,Children under 18 and elderly over 65 in family,DCCV_RISKPOV,1.0,IT1
498_1104_DF_DCCV_RISKPOV_5,1.0,Sesso ed età del principale percettore,Sex and age of main income earner,DCCV_RISKPOV,1.0,IT1
498_1104_DF_DCCV_RISKPOV_6,1.0,Titolo di studio e condizione professionale del principale percettore,Educational level and professional status of main income earner,DCCV_RISKPOV,1.0,IT1
498_1104_DF_DCCV_RISKPOV_7,1.0,Cittadinanza del principale percettore,Citizenship of the main earner,DCCV_RISKPOV,1.0,IT1
498_1104_DF_DCCV_RISKPOV_8,1.0,Ripartizioni e tipo di comune,Geographical area and type of municipality,DCCV_RISKPOV,1.0,IT1
498_1104_DF_DCCV_RISKPOV_9,1.0,Ampiezza della famiglia,Household number of components,DCCV_RISKPOV,1.0,IT1
49_23,1.0,Presidi residenziali socio-assistenziali (serie interrotte),Residential care facilities (broken time series),DCIS_POSTILETTOPRESIDI,1.0,IT1
49_23_DF_DCIS_POSTILETTOPRESIDI_1,1.0,Presidi residenziali socio-assistenziali (serie interrotte),Residential care facilities (broken time series),DCIS_POSTILETTOPRESIDI,1.0,IT1
49_37,1.0,Presidi residenziali socio-assistenziali e socio-sanitari,Residential social and health care facilities,DCIS_PRESIDI1,1.0,IT1
49_37_DF_DCIS_PRESIDI1_1,1.0,Strutture - reg.,Residencial facilities - reg.,DCIS_PRESIDI1,1.0,IT1
49_37_DF_DCIS_PRESIDI1_10,1.0,Posti letto per tipo di gestore - reg.,Beds by type of administrator - reg.,DCIS_PRESIDI1,1.0,IT1
49_37_DF_DCIS_PRESIDI1_11,1.0,Personale - reg.,Staff - reg.,DCIS_PRESIDI1,1.0,IT1
49_37_DF_DCIS_PRESIDI1_2,1.0,Posti letto per tipo di utenza e tipo di residenzialità,Beds by target users and type of residential care centre,DCIS_PRESIDI1,1.0,IT1
49_37_DF_DCIS_PRESIDI1_3,1.0,Posti letto per tipo di utenza e funzione di protezione sociale,Beds by target users and function of social protection,DCIS_PRESIDI1,1.0,IT1
49_37_DF_DCIS_PRESIDI1_4,1.0,Posti letto per tipo di utenza e livello di assistenza sanitaria,Beds by target of users and level of health care,DCIS_PRESIDI1,1.0,IT1
49_37_DF_DCIS_PRESIDI1_5,1.0,Posti letto per tipo di utenza - reg.,Beds by target users - reg.,DCIS_PRESIDI1,1.0,IT1
49_37_DF_DCIS_PRESIDI1_6,1.0,Posti letto per tipo di residenzialità - reg.,Beds by type of residential care centre - reg.,DCIS_PRESIDI1,1.0,IT1
49_37_DF_DCIS_PRESIDI1_7,1.0,Posti letto per funzione di protezione sociale - reg.,Beds by function of social protection - reg.,DCIS_PRESIDI1,1.0,IT1
49_37_DF_DCIS_PRESIDI1_8,1.0,Posti letto per livello di assistenza sanitaria - reg.,Beds by level of health care - reg.,DCIS_PRESIDI1,1.0,IT1
49_37_DF_DCIS_PRESIDI1_9,1.0,Posti letto per natura giuridica del titolare e finanziamenti pubblici - reg.,Beds by legal status of the holder and public funding - reg.,DCIS_PRESIDI1,1.0,IT1
49_62,1.0,Ospiti dei presidi residenziali socio-assistenziali e socio-sanitari,Guests of social and health care residential facilities,DCIS_OSPITIPRESIDI1,1.0,IT1
49_62_DF_DCIS_OSPITIPRESIDI1_1,1.0,Ospiti dei presidi residenziali socio-assistenziali e socio-sanitari - Principali dati,Guests of social and health care residential facilities - Key data,DCIS_OSPITIPRESIDI1,1.0,IT1
49_62_DF_DCIS_OSPITIPRESIDI1_10,1.0,Minori dimessi per tipo di destinazione - rip.,Minor guests discharged by destination - geographical areas,DCIS_OSPITIPRESIDI1,1.0,IT1
49_62_DF_DCIS_OSPITIPRESIDI1_11,1.0,Adulti per età - reg.,Adult guests by age class - reg.,DCIS_OSPITIPRESIDI1,1.0,IT1
49_62_DF_DCIS_OSPITIPRESIDI1_12,1.0,Adulti per genere e tipo di disagio - reg.,Adult guests by gender and type of need - reg.,DCIS_OSPITIPRESIDI1,1.0,IT1
49_62_DF_DCIS_OSPITIPRESIDI1_13,1.0,Adulti per carattere di residenzialità - reg.,Adult guests by type of residential care - reg.,DCIS_OSPITIPRESIDI1,1.0,IT1
49_62_DF_DCIS_OSPITIPRESIDI1_14,1.0,Adulti per funzione della protezione sociale - reg.,Adult guests by function of social protection - reg.,DCIS_OSPITIPRESIDI1,1.0,IT1
49_62_DF_DCIS_OSPITIPRESIDI1_15,1.0,Adulti per livello di assistenza sanitaria - reg.,Adult guests by level of health care - reg.,DCIS_OSPITIPRESIDI1,1.0,IT1
49_62_DF_DCIS_OSPITIPRESIDI1_16,1.0,Anziani per età e tipo di disagio - reg.,Elderly guests by age class and type of need - reg.,DCIS_OSPITIPRESIDI1,1.0,IT1
49_62_DF_DCIS_OSPITIPRESIDI1_17,1.0,Anziani per tipo di residenzialità - reg.,Elderly guests by type of residential care centre - reg.,DCIS_OSPITIPRESIDI1,1.0,IT1
49_62_DF_DCIS_OSPITIPRESIDI1_18,1.0,Anziani per genere e funzione della protezione sociale - reg.,Elderly guests by gender and function of social protection - reg.,DCIS_OSPITIPRESIDI1,1.0,IT1
49_62_DF_DCIS_OSPITIPRESIDI1_19,1.0,Anziani per genere e livello di assistenza sanitaria - reg.,Elderly guests by gender and level of health care - reg.,DCIS_OSPITIPRESIDI1,1.0,IT1
49_62_DF_DCIS_OSPITIPRESIDI1_2,1.0,Minori per età - rip.,Minor guests by age class - geographical areas,DCIS_OSPITIPRESIDI1,1.0,IT1
49_62_DF_DCIS_OSPITIPRESIDI1_20,1.0,Stranieri per genere - reg.,Foreign guests by gender - reg.,DCIS_OSPITIPRESIDI1,1.0,IT1
49_62_DF_DCIS_OSPITIPRESIDI1_21,1.0,Stranieri minori per genere - reg.,Foreign minor guests by gender - reg.,DCIS_OSPITIPRESIDI1,1.0,IT1
49_62_DF_DCIS_OSPITIPRESIDI1_22,1.0,Stranieri minori per tipo di disagio - rip.,Foreign minor guests by type of need - geographical areas,DCIS_OSPITIPRESIDI1,1.0,IT1
49_62_DF_DCIS_OSPITIPRESIDI1_23,1.0,Stranieri minori per motivo ingresso - rip.,Foreign minor guests by reason for admission - geographical areas,DCIS_OSPITIPRESIDI1,1.0,IT1
49_62_DF_DCIS_OSPITIPRESIDI1_24,1.0,Stranieri adulti per genere e tipo di disagio - reg.,Foreign adult guests by gender and type of need - reg.,DCIS_OSPITIPRESIDI1,1.0,IT1
49_62_DF_DCIS_OSPITIPRESIDI1_25,1.0,Stranieri anziani per genere e tipo di disagio - reg.,Foreign elderly guests by gender and type of need - reg.,DCIS_OSPITIPRESIDI1,1.0,IT1
49_62_DF_DCIS_OSPITIPRESIDI1_26,1.0,Minori per provenienza - rip.,Minor guests by origin - geographical areas,DCIS_OSPITIPRESIDI1,1.0,IT1
49_62_DF_DCIS_OSPITIPRESIDI1_27,1.0,Stranieri minori per provenienza - rip.,Foreign minor guests by origin for minor guests - geographical areas,DCIS_OSPITIPRESIDI1,1.0,IT1
49_62_DF_DCIS_OSPITIPRESIDI1_3,1.0,Minori per genere - reg.,Minor guests by gender - reg.,DCIS_OSPITIPRESIDI1,1.0,IT1
49_62_DF_DCIS_OSPITIPRESIDI1_4,1.0,Minori per tipo di disagio - rip.,Minor guests by type of need - geographical areas,DCIS_OSPITIPRESIDI1,1.0,IT1
49_62_DF_DCIS_OSPITIPRESIDI1_5,1.0,Minori per tipo di residenzialità - rip.,Minor guests by type of residential care centre - geographical areas,DCIS_OSPITIPRESIDI1,1.0,IT1
49_62_DF_DCIS_OSPITIPRESIDI1_6,1.0,Minori per funzione della protezione sociale - rip.,Minor guests by function of social protection - geographical areas,DCIS_OSPITIPRESIDI1,1.0,IT1
49_62_DF_DCIS_OSPITIPRESIDI1_7,1.0,Minori per livello di assistenza sanitaria - rip.,Minor guests by level of health care - geographical areas,DCIS_OSPITIPRESIDI1,1.0,IT1
49_62_DF_DCIS_OSPITIPRESIDI1_8,1.0,Minori per motivo di ingresso - rip.,Minor guests by reason for admission - geographical areas,DCIS_OSPITIPRESIDI1,1.0,IT1
49_62_DF_DCIS_OSPITIPRESIDI1_9,1.0,Minori per condizione di adottabilità - rip.,Minor guests by adoptability status - geographical areas,DCIS_OSPITIPRESIDI1,1.0,IT1
4_1063,1.0,Sequenza dei conti per settore istituzionale e stock di attività non finanziarie - edizioni ottobre 2019 - aprile 2024,Sequence of accounts and stock of non-financial assets by institutional sector - editions from October 2019 to April 2024,DCCN_ISTITUZ_ANA1_B19,1.0,IT1
4_1063_DF_DCCN_ISTITUZ_ANA1_B19_1,1.0,Sequenza dei conti - edizioni ottobre 2019 - aprile 2024,Sequence of accounts - editions from October 2019 to April 2024,DCCN_ISTITUZ_ANA1_B19,1.0,IT1
4_1063_DF_DCCN_ISTITUZ_ANA1_B19_2,1.0,Indicatori su famiglie consumatrici e società non finanziarie - edizioni ottobre 2019 - aprile 2024,Key indicators on households as consumers and non-financial corporations  - editions from October 2019 to April 2024,DCCN_ISTITUZ_ANA1_B19,1.0,IT1
4_1063_DF_DCCN_ISTITUZ_ANA1_B19_3,1.0,Valore aggiunto e redditi da lavoro dipendente per branca di attività economica - edizioni ottobre 2019 - aprile 2024,Value added and compensation of employees breakdown by industry  - editions from October 2019 to April 2024,DCCN_ISTITUZ_ANA1_B19,1.0,IT1
4_1063_DF_DCCN_ISTITUZ_ANA1_B19_4,1.0,Investimenti fissi lordi per tipo di investimento - edizioni ottobre 2019 - aprile 2024,Gross fixed capital formation by asset  - editions from October 2019 to April 2024,DCCN_ISTITUZ_ANA1_B19,1.0,IT1
4_1063_DF_DCCN_ISTITUZ_ANA1_B19_5,1.0,Stock di attività non finanziarie  - edizioni luglio 2021 - gennaio 2024,Stock of non-financial assets  - editions from July 2021 to January 2024,DCCN_ISTITUZ_ANA1_B19,1.0,IT1
4_805,1.0,Occupazione per branca di attività - edizioni ottobre 2019 - aprile 2024,Employment breakdown by industry - editions from October 2019 to April 2024,DCCN_OCCSISEC2010_B19,1.0,IT1
4_805_DF_DCCN_OCCSISEC2010_B19_1,1.0,Occupazione per branca di attività - edizioni ottobre 2019 - aprile 2024,Employment breakdown by industry - editions from October 2019 to April 2024,DCCN_OCCSISEC2010_B19,1.0,IT1
4_805_DF_DCCN_OCCSISEC2010_B19_2,1.0,Occupazione per sottosettore -  edizioni ottobre 2019 - aprile 2024,Employment by subsector - editions from October 2019 to April 2024,DCCN_OCCSISEC2010_B19,1.0,IT1
52_1044,1.0,Scuole,Schools,DCIS_SCUOLE,1.0,IT1
52_1044_DF_DCIS_SCUOLE_1,1.0,Scuole - Principali dati,Schools - Key data,DCIS_SCUOLE,1.0,IT1
52_1044_DF_DCIS_SCUOLE_10,1.0,Secondaria I grado - indicatori scolastici,Lower secondary school - educational indicators,DCIS_SCUOLE,1.0,IT1
52_1044_DF_DCIS_SCUOLE_11,1.0,"Secondaria II grado - scuole, classi e studenti","Upper secondary school - schools, classes, students",DCIS_SCUOLE,1.0,IT1
52_1044_DF_DCIS_SCUOLE_12,1.0,Secondaria II grado - insegnanti delle scuole statali,Upper secondary school - state schools' teachers,DCIS_SCUOLE,1.0,IT1
52_1044_DF_DCIS_SCUOLE_13,1.0,Secondaria II grado - indicatori scolastici,Upper secondary school - educational indicators,DCIS_SCUOLE,1.0,IT1
52_1044_DF_DCIS_SCUOLE_14,1.0,Secondaria II grado - diplomati,Upper secondary school - graduates,DCIS_SCUOLE,1.0,IT1
52_1044_DF_DCIS_SCUOLE_15,1.0,Secondaria II grado - ripetenti per anno di corso,Upper secondary school - repeaters per school year level,DCIS_SCUOLE,1.0,IT1
52_1044_DF_DCIS_SCUOLE_2,1.0,"Infanzia - scuole, classi, bambini","Pre-primary - schools, classes, children",DCIS_SCUOLE,1.0,IT1
52_1044_DF_DCIS_SCUOLE_3,1.0,Infanzia - insegnanti delle scuole statali,Pre-primary - state schools' teachers,DCIS_SCUOLE,1.0,IT1
52_1044_DF_DCIS_SCUOLE_4,1.0,Infanzia - indicatori scolastici,Pre-primary - educational indicators,DCIS_SCUOLE,1.0,IT1
52_1044_DF_DCIS_SCUOLE_5,1.0,"Primaria - scuole, classi e alunni","Primary school - schools, classes, students",DCIS_SCUOLE,1.0,IT1
52_1044_DF_DCIS_SCUOLE_6,1.0,Primaria - insegnanti delle scuole statali,Primary school - state schools' teachers,DCIS_SCUOLE,1.0,IT1
52_1044_DF_DCIS_SCUOLE_7,1.0,Primaria - indicatori scolastici,Primary school - educational indicators,DCIS_SCUOLE,1.0,IT1
52_1044_DF_DCIS_SCUOLE_8,1.0,"Secondaria I grado - scuole, classi e alunni","Lower secondary school - schools, classes, students",DCIS_SCUOLE,1.0,IT1
52_1044_DF_DCIS_SCUOLE_9,1.0,Secondaria I grado - insegnanti delle scuole statali,Lower secondary school - state schools' teachers,DCIS_SCUOLE,1.0,IT1
52_1194,1.0,Popolazione 15 anni e oltre per titolo di studio - regolamento precedente (fino al 2020),Population 15 years and over by highest level of education - previous regulation (until 2020),DCCV_POPTIT1_UNT2020,1.0,IT1
52_1194_DF_DCCV_POPTIT1_UNT2020_1,1.0,Popolazione per titolo di studio e età,Population by highest level of education attained and age class,DCCV_POPTIT1_UNT2020,1.0,IT1
52_1194_DF_DCCV_POPTIT1_UNT2020_2,1.0,Popolazione per titolo di studio e regioni,Population by highest level of education and regions,DCCV_POPTIT1_UNT2020,1.0,IT1
52_1194_DF_DCCV_POPTIT1_UNT2020_3,1.0,Popolazione per titolo di studio - italiani e stranieri,Population by highest level of education - national and non national,DCCV_POPTIT1_UNT2020,1.0,IT1
52_1203,1.0,Giovani dai 18 ai 24 anni d'età che abbandonano prematuramente gli studi - regolamento precedente (fino al 2020),Early leavers from education and training - aged 18 to 24 - previous regulation (until 2020),DCCV_ESL_UNT2020,1.0,IT1
52_1203_DF_DCCV_ESL_UNT2020_1,1.0,Giovani dai 18 ai 24 anni d'età che abbandonano prematuramente gli studi - regolamento precedente (fino al 2020) - Principali dati,Early leavers from education and training - aged 18 to 24 - previous regulation (until 2020) - Key data,DCCV_ESL_UNT2020,1.0,IT1
52_1203_DF_DCCV_ESL_UNT2020_2,1.0,Condizione professionale,Labour status,DCCV_ESL_UNT2020,1.0,IT1
52_1203_DF_DCCV_ESL_UNT2020_3,1.0,Valori assoluti,Absolute value,DCCV_ESL_UNT2020,1.0,IT1
532_1195,1.0,Popolazione per condizione professionale - regolamento precedente (fino al 2020),Population by labour status - previous regulation (until 2020),DCCV_POPCOND1_UNT2020,1.0,IT1
532_1195_DF_DCCV_POPCOND1_UNT2020_1,1.0,Classi di età quinquennali,Quinquennial age classes,DCCV_POPCOND1_UNT2020,1.0,IT1
532_1195_DF_DCCV_POPCOND1_UNT2020_10,1.0,Serie ricostruite dal IV 1992 - dati regionali,Statistical back recalculation since IV 1992 - regional data,DCCV_POPCOND1_UNT2020,1.0,IT1
532_1195_DF_DCCV_POPCOND1_UNT2020_11,1.0,Classi di età quinquennali,Classes quinquennial age,DCCV_POPCOND1_UNT2020,1.0,IT1
532_1195_DF_DCCV_POPCOND1_UNT2020_12,1.0,Tutte le età,All ages,DCCV_POPCOND1_UNT2020,1.0,IT1
532_1195_DF_DCCV_POPCOND1_UNT2020_13,1.0,Cittadinanza,Citizenship,DCCV_POPCOND1_UNT2020,1.0,IT1
532_1195_DF_DCCV_POPCOND1_UNT2020_14,1.0,Ruolo in famiglia,Role in household,DCCV_POPCOND1_UNT2020,1.0,IT1
532_1195_DF_DCCV_POPCOND1_UNT2020_15,1.0,"Cittadinanza, ruolo in famiglia","Citizenship, role in household",DCCV_POPCOND1_UNT2020,1.0,IT1
532_1195_DF_DCCV_POPCOND1_UNT2020_16,1.0,Status di studente,Student status,DCCV_POPCOND1_UNT2020,1.0,IT1
532_1195_DF_DCCV_POPCOND1_UNT2020_17,1.0,Dati regionali,Regional data,DCCV_POPCOND1_UNT2020,1.0,IT1
532_1195_DF_DCCV_POPCOND1_UNT2020_18,1.0,Serie ricostruite dal I 1977 - età,Statistical back recalculation since I 1977 - age,DCCV_POPCOND1_UNT2020,1.0,IT1
532_1195_DF_DCCV_POPCOND1_UNT2020_19,1.0,Serie ricostruite dal IV 1992 - dettaglio età,Statistical back recalculation since IV 1992 - age detail,DCCV_POPCOND1_UNT2020,1.0,IT1
532_1195_DF_DCCV_POPCOND1_UNT2020_2,1.0,Tutte le età,All ages,DCCV_POPCOND1_UNT2020,1.0,IT1
532_1195_DF_DCCV_POPCOND1_UNT2020_20,1.0,Serie ricostruite dal IV 1992 - dati regionali,Statistical back recalculation since IV 1992 - regional data,DCCV_POPCOND1_UNT2020,1.0,IT1
532_1195_DF_DCCV_POPCOND1_UNT2020_3,1.0,Cittadinanza,Citizenship,DCCV_POPCOND1_UNT2020,1.0,IT1
532_1195_DF_DCCV_POPCOND1_UNT2020_4,1.0,Ruolo in famiglia,Role in household,DCCV_POPCOND1_UNT2020,1.0,IT1
532_1195_DF_DCCV_POPCOND1_UNT2020_5,1.0,"Cittadinanza, ruolo in famiglia","Citizenship, role in household",DCCV_POPCOND1_UNT2020,1.0,IT1
532_1195_DF_DCCV_POPCOND1_UNT2020_6,1.0,Status di studente,Student status,DCCV_POPCOND1_UNT2020,1.0,IT1
532_1195_DF_DCCV_POPCOND1_UNT2020_7,1.0,Dati regionali,Regional data,DCCV_POPCOND1_UNT2020,1.0,IT1
532_1195_DF_DCCV_POPCOND1_UNT2020_8,1.0,Serie ricostruite dal I 1977 - età,Statistical back recalculation since I 1977 - age,DCCV_POPCOND1_UNT2020,1.0,IT1
532_1195_DF_DCCV_POPCOND1_UNT2020_9,1.0,Serie ricostruite dal IV 1992 - dettaglio età,Statistical back recalculation since IV 1992 - age detail,DCCV_POPCOND1_UNT2020,1.0,IT1
532_930,1.0,Popolazione  per condizione professionale,Population  by labour status,DCCV_POPCOND1,1.0,IT1
532_930_DF_DCCV_POPCOND1_1,1.0,Classe di età,Age class,DCCV_POPCOND1,1.0,IT1
532_930_DF_DCCV_POPCOND1_2,1.0,Cittadinanza,Citizenship,DCCV_POPCOND1,1.0,IT1
532_930_DF_DCCV_POPCOND1_3,1.0,Status di studente,Student status,DCCV_POPCOND1,1.0,IT1
532_930_DF_DCCV_POPCOND1_4,1.0,Dati regionali,Regional data,DCCV_POPCOND1,1.0,IT1
532_930_DF_DCCV_POPCOND1_5,1.0,Serie ricostruite dal I 2004 - età,Statistical back recalculation since I 2004 - age,DCCV_POPCOND1,1.0,IT1
533_957,1.0,Retribuzioni orarie  dei dipendenti del settore privato,Average hourly earnings for employee jobs in the  private  sector,DCSC_RACLI,1.0,IT1
533_957_DF_DCSC_RACLI_1,1.0,Classe di età,Age class,DCSC_RACLI,1.0,IT1
533_957_DF_DCSC_RACLI_10,1.0,Paese di nascita - prov,Contry of birth - provincial data,DCSC_RACLI,1.0,IT1
533_957_DF_DCSC_RACLI_11,1.0,Titolo di studio - prov,Level of education - provincial data,DCSC_RACLI,1.0,IT1
533_957_DF_DCSC_RACLI_12,1.0,Tipo di contratto - prov,Type of contract - provincial data,DCSC_RACLI,1.0,IT1
533_957_DF_DCSC_RACLI_13,1.0,Regime orario - prov,Worting time- provincial data,DCSC_RACLI,1.0,IT1
533_957_DF_DCSC_RACLI_14,1.0,Classe di dipendenti - prov,Employees class - provincial data,DCSC_RACLI,1.0,IT1
533_957_DF_DCSC_RACLI_15,1.0,Qualifica contrattuale- prov,Contractual occupation - provincial data,DCSC_RACLI,1.0,IT1
533_957_DF_DCSC_RACLI_16,1.0,Giorni retribuiti - prov,Paid days- provincial data,DCSC_RACLI,1.0,IT1
533_957_DF_DCSC_RACLI_17,1.0,Sesso - 2 digit,Gender - 2 digit,DCSC_RACLI,1.0,IT1
533_957_DF_DCSC_RACLI_18,1.0,Classe di eta- 2 digit,Age class - 2 digit,DCSC_RACLI,1.0,IT1
533_957_DF_DCSC_RACLI_19,1.0,Paese di nascita- 2 digit,Country of birth - 2 digit,DCSC_RACLI,1.0,IT1
533_957_DF_DCSC_RACLI_2,1.0,Retribuzione oraria per paese di nascita,Hourly wages by country of birth,DCSC_RACLI,1.0,IT1
533_957_DF_DCSC_RACLI_20,1.0,Titolo di studio - 2 digit,Level of education - 2 digit,DCSC_RACLI,1.0,IT1
533_957_DF_DCSC_RACLI_21,1.0,Tipo di contratto- 2 digit,Type of contract - 2 digit,DCSC_RACLI,1.0,IT1
533_957_DF_DCSC_RACLI_22,1.0,Regime orario- 2 digit,Worting time - 2 digit,DCSC_RACLI,1.0,IT1
533_957_DF_DCSC_RACLI_23,1.0,Classe di dipendenti - 2 digit,Employees class - 2 digit,DCSC_RACLI,1.0,IT1
533_957_DF_DCSC_RACLI_24,1.0,Qualifica contrattuale - 2 digit,Contractual occupation - 2 digit,DCSC_RACLI,1.0,IT1
533_957_DF_DCSC_RACLI_25,1.0,Giorni retribuiti - 2 digit,Paid days - 2 digit,DCSC_RACLI,1.0,IT1
533_957_DF_DCSC_RACLI_3,1.0,Titolo di studio,Level of education,DCSC_RACLI,1.0,IT1
533_957_DF_DCSC_RACLI_4,1.0,Tipo di contratto,Kind of labour contract,DCSC_RACLI,1.0,IT1
533_957_DF_DCSC_RACLI_5,1.0,Retribuzione oraria per regime orario,Hourly wages by Full-time_Part-time,DCSC_RACLI,1.0,IT1
533_957_DF_DCSC_RACLI_6,1.0,Retribuzione oraria per classe di dipendenti,Hourly wages by employees class,DCSC_RACLI,1.0,IT1
533_957_DF_DCSC_RACLI_7,1.0,Retribuzione oraria per giorni retribuiti,Hourly wages by paid days,DCSC_RACLI,1.0,IT1
533_957_DF_DCSC_RACLI_8,1.0,Sesso - prov,Gender - provincial data,DCSC_RACLI,1.0,IT1
533_957_DF_DCSC_RACLI_9,1.0,Classe di età - prov,Age class - provincial data,DCSC_RACLI,1.0,IT1
534_1037,1.0,Ore lavorate - Imprese con dipendenti,Hours worked - Enterprises with employees,DCSC_ORE10_2,1.0,IT1
534_1037_DF_DCSC_ORE10_2_1,1.0,Monte ore lavorate (base 2015),Volume of hours worked (base 2015),DCSC_ORE10_2,1.0,IT1
534_1037_DF_DCSC_ORE10_2_2,1.0,Ore lavorate per dipendente (base 2015),Hours worked per employee (base 2015),DCSC_ORE10_2,1.0,IT1
534_1037_DF_DCSC_ORE10_2_3,1.0,Ore di straordinario e di Cig,Overtime hours and short-time working allowance,DCSC_ORE10_2,1.0,IT1
534_1037_DF_DCSC_ORE10_2_4,1.0,Monte ore lavorate (base 2010) - 10 e più dipendenti,Volume of hours worked (base 2010) - 10 and over employee,DCSC_ORE10_2,1.0,IT1
534_1037_DF_DCSC_ORE10_2_5,1.0,Ore lavorate per dipendente (base 2010) - 10 e più dipendenti,Hours worked per employee (base 2010) - 10 and over employees,DCSC_ORE10_2,1.0,IT1
534_1037_DF_DCSC_ORE10_2_6,1.0,Ore lavorate per dipendente (base 2005) - 10 e più dipendenti,Hours worked per employee (base 2005) - 10 and over employees,DCSC_ORE10_2,1.0,IT1
534_1037_DF_DCSC_ORE10_2_7,1.0,Monte ore lavorate (base 2021),Volume of hours worked (base 2021),DCSC_ORE10_2,1.0,IT1
534_1037_DF_DCSC_ORE10_2_8,1.0,Ore lavorate per dipendente (base 2021),Hours worked per employee (base 2021),DCSC_ORE10_2,1.0,IT1
534_1038,1.0,Posti vacanti - Imprese con dipendenti,Job vacancies - Enterprises with employees,DCSC_POSTIVAC_2,1.0,IT1
534_1038_DF_DCSC_POSTIVAC_2_1,1.0,Posti vacanti - Imprese con dipendenti,Job vacancies - Enterprises with employees,DCSC_POSTIVAC_2,1.0,IT1
534_49,1.0,Ore lavorate - Imprese con almeno 500 dipendenti,Hours worked - Enterprises with more than 500 employees,DCSC_GI_ORE,1.0,IT1
534_49_DF_DCSC_GI_ORE_1,1.0,Ore lavorate per dipendente (base 2015),Hours worked per employee (base 2015),DCSC_GI_ORE,1.0,IT1
534_49_DF_DCSC_GI_ORE_10,1.0,Ore di sciopero (base 2010),Strike hours (base 2010),DCSC_GI_ORE,1.0,IT1
534_49_DF_DCSC_GI_ORE_11,1.0,Ore lavorate per dipendente (base 2005),Hours worked per employee (base 2005),DCSC_GI_ORE,1.0,IT1
534_49_DF_DCSC_GI_ORE_12,1.0,Ore di straordinario e Cig (base 2005),Overtime hours and short-time working allowance hours (base 2005),DCSC_GI_ORE,1.0,IT1
534_49_DF_DCSC_GI_ORE_13,1.0,Ore di sciopero (base 2005),Strike hours (base 2005),DCSC_GI_ORE,1.0,IT1
534_49_DF_DCSC_GI_ORE_14,1.0,Ore lavorate per dipendente (base 2021),Hours worked per employee (base 2021),DCSC_GI_ORE,1.0,IT1
534_49_DF_DCSC_GI_ORE_15,1.0,Ore di straordinario e Cig (base 2021),Overtime hours and short-time working allowance hours (base 2021),DCSC_GI_ORE,1.0,IT1
534_49_DF_DCSC_GI_ORE_16,1.0,Ore di sciopero (base 2021),Strike hours (base 2021),DCSC_GI_ORE,1.0,IT1
534_49_DF_DCSC_GI_ORE_2,1.0,Ore di straordinario e Cig (base 2015),Overtime hours and short-time working allowance hours (base 2015),DCSC_GI_ORE,1.0,IT1
534_49_DF_DCSC_GI_ORE_3,1.0,Ore di sciopero (base 2015),Strike hours (base 2015),DCSC_GI_ORE,1.0,IT1
534_49_DF_DCSC_GI_ORE_4,1.0,Ore lavorate per dipendente - Ateco 3 cifre (base 2015),Hours worked per employee - Nace 3 digit (base 2015),DCSC_GI_ORE,1.0,IT1
534_49_DF_DCSC_GI_ORE_5,1.0,Ore di straordinario e Cig - Ateco 3 cifre (base 2015),Overtime hours and short-time working allowance hours - Nace 3 digit (base 2015),DCSC_GI_ORE,1.0,IT1
534_49_DF_DCSC_GI_ORE_6,1.0,Ore lavorate per dipendente (base 2010),Hours worked per employee (base 2010),DCSC_GI_ORE,1.0,IT1
534_49_DF_DCSC_GI_ORE_7,1.0,Ore lavorate per dipendente - Ateco 3 cifre (base 2010),Hours worked per employee - Nace 3 digit (base 2010),DCSC_GI_ORE,1.0,IT1
534_49_DF_DCSC_GI_ORE_8,1.0,Ore di straordinario e Cig (base 2010),Overtime hours and short-time working allowance hours (base 2010),DCSC_GI_ORE,1.0,IT1
534_49_DF_DCSC_GI_ORE_9,1.0,Ore di straordinario e Cig - Ateco 3 cifre (base 2010),Overtime hours and short-time working allowance hours - Nace 3 digit (base 2010),DCSC_GI_ORE,1.0,IT1
534_50,1.0,Posizioni lavorative - Imprese con almeno 500 dipendenti,Labour positions - Enterprises with more than 500 employees,DCSC_GI_OCC,1.0,IT1
534_50_DF_DCSC_GI_OCC_1,1.0,Dipendenti (base 2015),Employment (base 2015),DCSC_GI_OCC,1.0,IT1
534_50_DF_DCSC_GI_OCC_10,1.0,Quota part time - Ateco 2 cifre (base 2010),Part time employment share - Nace 2 digit (base 2010),DCSC_GI_OCC,1.0,IT1
534_50_DF_DCSC_GI_OCC_11,1.0,Tassi di ingresso e di uscita (base 2010),Inflow and outflow rates (base 2010),DCSC_GI_OCC,1.0,IT1
534_50_DF_DCSC_GI_OCC_12,1.0,Tassi di ingresso e di uscita - Ateco 3 cifre (base 2010),Inflow and outflow rates - Nace 3 digit (base 2010),DCSC_GI_OCC,1.0,IT1
534_50_DF_DCSC_GI_OCC_13,1.0,Dipendenti (base 2005),Employment (base 2005),DCSC_GI_OCC,1.0,IT1
534_50_DF_DCSC_GI_OCC_14,1.0,Quota part time (base 2005),Part time employment share (base 2005),DCSC_GI_OCC,1.0,IT1
534_50_DF_DCSC_GI_OCC_15,1.0,Tassi di ingresso e di uscita (base 2005),Inflow and outflow rates (base 2005),DCSC_GI_OCC,1.0,IT1
534_50_DF_DCSC_GI_OCC_16,1.0,Dipendenti (base 2021),Employment (base 2021),DCSC_GI_OCC,1.0,IT1
534_50_DF_DCSC_GI_OCC_17,1.0,Quota part time (base 2021),Part time employment share (base 2021),DCSC_GI_OCC,1.0,IT1
534_50_DF_DCSC_GI_OCC_18,1.0,Tassi di ingresso e di uscita (base 2021),Inflow and outflow rates (base 2021),DCSC_GI_OCC,1.0,IT1
534_50_DF_DCSC_GI_OCC_2,1.0,Quota part time (base 2015),Part time employment share (base 2015),DCSC_GI_OCC,1.0,IT1
534_50_DF_DCSC_GI_OCC_3,1.0,Tassi di ingresso e di uscita (base 2015),Inflow and outflow rates (base 2015),DCSC_GI_OCC,1.0,IT1
534_50_DF_DCSC_GI_OCC_4,1.0,Dipendenti - Ateco 3 cifre (base 2015),Employment - Nace 3 digit (base 2015),DCSC_GI_OCC,1.0,IT1
534_50_DF_DCSC_GI_OCC_5,1.0,Quota part time - Ateco 2 cifre (base 2015),Part time employment share - Nace 2 digit (base 2015),DCSC_GI_OCC,1.0,IT1
534_50_DF_DCSC_GI_OCC_6,1.0,Tassi di ingresso e di uscita - Ateco 3 cifre (base 2015),Inflow and outflow rates - Nace 3 digit (base 2015),DCSC_GI_OCC,1.0,IT1
534_50_DF_DCSC_GI_OCC_7,1.0,Dipendenti (base 2010),Employment (base 2010),DCSC_GI_OCC,1.0,IT1
534_50_DF_DCSC_GI_OCC_8,1.0,Dipendenti - Ateco 3 cifre (base 2010),Employment - Nace 3 digit (base 2010),DCSC_GI_OCC,1.0,IT1
534_50_DF_DCSC_GI_OCC_9,1.0,Quota part time (base 2010),Part time employment share (base 2010),DCSC_GI_OCC,1.0,IT1
535_194,1.0,Retribuzioni lorde - Imprese con almeno 500 dipendenti,Gross earnings - Enterprises with more than 500 employees,DCSC_GI_RE,1.0,IT1
535_194_DF_DCSC_GI_RE_1,1.0,Dati grezzi (base 2015),Raw data (base 2015),DCSC_GI_RE,1.0,IT1
535_194_DF_DCSC_GI_RE_10,1.0,Dati destagionalizzati (base 2021),Seasonally adjusted data (base 2021),DCSC_GI_RE,1.0,IT1
535_194_DF_DCSC_GI_RE_2,1.0,Dati grezzi - Ateco 3 cifre (base 2015),Raw data - Nace 3 digit (base 2015),DCSC_GI_RE,1.0,IT1
535_194_DF_DCSC_GI_RE_3,1.0,Dati destagionalizzati (base 2015),Seasonally adjusted data (base 2015),DCSC_GI_RE,1.0,IT1
535_194_DF_DCSC_GI_RE_4,1.0,Dati grezzi (base 2010),Raw data (base 2010),DCSC_GI_RE,1.0,IT1
535_194_DF_DCSC_GI_RE_5,1.0,Dati grezzi - Ateco 3 cifre (base 2010),Raw data - Nace 3 digit (base 2010),DCSC_GI_RE,1.0,IT1
535_194_DF_DCSC_GI_RE_6,1.0,Dati destagionalizzati (base 2010),Seasonally adjusted data (base 2010),DCSC_GI_RE,1.0,IT1
535_194_DF_DCSC_GI_RE_7,1.0,Dati grezzi (base 2005),Raw data (base 2005),DCSC_GI_RE,1.0,IT1
535_194_DF_DCSC_GI_RE_8,1.0,Dati destagionalizzati (base 2005),Seasonally adjusted (data base 2005),DCSC_GI_RE,1.0,IT1
535_194_DF_DCSC_GI_RE_9,1.0,Dati grezzi (base 2021),Raw data (base 2021),DCSC_GI_RE,1.0,IT1
536_193,1.0,Imprese con almeno 500 dipendenti,Enterprises with more than 500 employees,DCSC_GI_COS,1.0,IT1
536_193_DF_DCSC_GI_COS_1,1.0,Dati grezzi (base 2015),Raw data (base 2015),DCSC_GI_COS,1.0,IT1
536_193_DF_DCSC_GI_COS_10,1.0,Dati destagionalizzati (base 2021),Seasonally adjusted data (base 2021),DCSC_GI_COS,1.0,IT1
536_193_DF_DCSC_GI_COS_2,1.0,Dati grezzi - Ateco 3 cifre (base 2015),Raw data - Nace 3 digit (base 2015),DCSC_GI_COS,1.0,IT1
536_193_DF_DCSC_GI_COS_3,1.0,Dati destagionalizzati (base 2015),Seasonally adjusted data (base 2015),DCSC_GI_COS,1.0,IT1
536_193_DF_DCSC_GI_COS_4,1.0,Dati grezzi (base 2010),Raw data (base 2010),DCSC_GI_COS,1.0,IT1
536_193_DF_DCSC_GI_COS_5,1.0,Dati grezzi - Ateco 3 cifre (base 2010),Raw data - Nace 3 digit (base 2010),DCSC_GI_COS,1.0,IT1
536_193_DF_DCSC_GI_COS_6,1.0,Dati destagionalizzati (base 2010),Seasonally adjusted data (base 2010),DCSC_GI_COS,1.0,IT1
536_193_DF_DCSC_GI_COS_7,1.0,Dati grezzi (base 2005),Raw data (base 2005),DCSC_GI_COS,1.0,IT1
536_193_DF_DCSC_GI_COS_8,1.0,Dati destagionalizzati (base 2005),Seasonally adjusted data (base 2005),DCSC_GI_COS,1.0,IT1
536_193_DF_DCSC_GI_COS_9,1.0,Dati grezzi (base 2021),Raw data (base 2021),DCSC_GI_COS,1.0,IT1
536_278,1.0,Imprese ed enti pubblici con almeno 10 dipendenti,Enterprises and public administrations with at least 10 employees,DCSC_COSTLAVSTRUT_1,1.0,IT1
536_278_DF_DCSC_COSTLAVSTRUT_1_1,1.0,Imprese ed enti pubblici con almeno 10 dipendenti,Enterprises and public administrations with at least 10 employees,DCSC_COSTLAVSTRUT_1,1.0,IT1
536_279,1.0,Imprese ed enti pubblici con almeno 10 dipendenti - nuova metodologia,Enterprises and public administrations with at least 10 employees - new methodology,DCSC_COSTLAVSTRUT_1,1.0,IT1
536_279_DF_DCSC_COSTLAVSTRUT_2_1,1.0,Imprese ed enti pubblici con almeno 10 dipendenti - nuova metodologia,Enterprises and public administrations with at least 10 employees - new methodology,DCSC_COSTLAVSTRUT_1,1.0,IT1
56_1045,1.0,Iscritti all'università - comune dell'ateneo,University students - municipality of the university,DCIS_ISCRITTI_COM_A,1.0,IT1
56_1045_DF_DCIS_ISCRITTI_COM_A_1,1.0,Iscritti per sesso,Studens by gender,DCIS_ISCRITTI_COM_A,1.0,IT1
56_1045_DF_DCIS_ISCRITTI_COM_A_2,1.0,Iscritti per cittadinanza,Studens by citizenship,DCIS_ISCRITTI_COM_A,1.0,IT1
56_1045_DF_DCIS_ISCRITTI_COM_A_3,1.0,Iscritti per gruppo di corsi di laurea,Studens by field of study,DCIS_ISCRITTI_COM_A,1.0,IT1
56_1046,1.0,Iscritti all'università - comune di residenza,University students - municipality of residence,DCIS_ISCRITTI_COM_R,1.0,IT1
56_1046_DF_DCIS_ISCRITTI_COM_R_1,1.0,Iscritti per sesso,Studens by gender,DCIS_ISCRITTI_COM_R,1.0,IT1
56_1046_DF_DCIS_ISCRITTI_COM_R_2,1.0,Iscritti per cittadinanza,Studens by citizenship,DCIS_ISCRITTI_COM_R,1.0,IT1
56_1046_DF_DCIS_ISCRITTI_COM_R_3,1.0,Iscritti per gruppo di corsi di laurea,Studens by field of study,DCIS_ISCRITTI_COM_R,1.0,IT1
56_1135,1.0,Docenti universitari,University professors,DCIS_DOCENTI1,1.0,IT1
56_1135_DF_DCIS_DOCENTI1_1,1.0,Docenti universitari,University professors,DCIS_DOCENTI1,1.0,IT1
56_188,1.0,Docenti universitari 2007-2011,University professors 2007-2011,DCIS_DOCENTI,1.0,IT1
56_188_DF_DCIS_DOCENTI_1,1.0,Docenti universitari 2007-2011,University professors 2007-2011,DCIS_DOCENTI,1.0,IT1
56_189,1.0,Indicatori sull'università,University indicators,INDUNIV,1.0,IT1
56_189_DF_INDUNIV_1,1.0,Indicatori sull' università,University indicators,INDUNIV,1.0,IT1
56_190,1.0,Laureati,Graduates,DCIS_LAUREATI,1.0,IT1
56_190_DF_DCIS_LAUREATI_1,1.0,Laureati,Graduates,DCIS_LAUREATI,1.0,IT1
56_190_DF_DCIS_LAUREATI_2,1.0,Laureati (2007-2009),Graduates (2007-2009),DCIS_LAUREATI,1.0,IT1
56_258,1.0,Immatricolati,Entrants,DCIS_IMMATRIC,1.0,IT1
56_258_DF_DCIS_IMMATRIC_1,1.0,Immatricolati,Entrants,DCIS_IMMATRIC,1.0,IT1
56_259,1.0,Iscritti all'università,University studens,DCIS_ISCRITTI,1.0,IT1
56_259_DF_DCIS_ISCRITTI_1,1.0,Iscritti,Students,DCIS_ISCRITTI,1.0,IT1
56_259_DF_DCIS_ISCRITTI_2,1.0,Iscritti per tipologia e regione dell'ateneo (2008-2010),University students by type and region of the university (2008-2010),DCIS_ISCRITTI,1.0,IT1
56_259_DF_DCIS_ISCRITTI_3,1.0,Iscritti per regione dell'ateneo e di residenza (2008-2010),Enrolments by region of residence (2008-2010),DCIS_ISCRITTI,1.0,IT1
56_77,1.0,Servizi per gli alunni con disabilità,Services for pupils with disabilities,DCIS_SANSCUOLE,1.0,IT1
56_77_DF_DCIS_SANSCUOLE_1,1.0,Scuole per presenza di barriere architettoniche,Schools with architectural barriers,DCIS_SANSCUOLE,1.0,IT1
56_77_DF_DCIS_SANSCUOLE_2,1.0,Scuole con alunni con disabilità e postazioni informatiche adattate,Schools with pupils with disabilities and adapted computer stations,DCIS_SANSCUOLE,1.0,IT1
56_857,1.0,Immatricolati,Entrants,DCIS_IMMATRIC1,1.0,IT1
56_857_DF_DCIS_IMMATRIC1_1,1.0,Immatricolati,Entrants,DCIS_IMMATRIC1,1.0,IT1
56_857_DF_DCIS_IMMATRIC1_2,1.0,Immatricolati (2008-2010),Entrants (2008-2010),DCIS_IMMATRIC1,1.0,IT1
56_858,1.0,Iscritti all'università,University students,DCIS_ISCRITTI1,1.0,IT1
56_858_DF_DCIS_ISCRITTI1_1,1.0,Iscritti,Students,DCIS_ISCRITTI1,1.0,IT1
56_858_DF_DCIS_ISCRITTI1_2,1.0,Iscritti per tipologia e regione dell'ateneo (2008-2010),University students by type and region of the university (2008-2010),DCIS_ISCRITTI1,1.0,IT1
56_858_DF_DCIS_ISCRITTI1_3,1.0,Iscritti per regione dell'ateneo e di residenza (2008-2010),Enrolments by region of residence (2008-2010),DCIS_ISCRITTI1,1.0,IT1
5_42,1.0,Conto trimestrale - edizioni ottobre 2019 - luglio 2024,Quarterly account - editions from October 2019 to July 2024,DCCN_FPQ_B19,1.0,IT1
5_42_DF_DCCN_FPQ_B19_1,1.0,Conto economico - edizioni ottobre 2019 - luglio 2024,Economic account - editions from October 2019 to July 2024,DCCN_FPQ_B19,1.0,IT1
5_42_DF_DCCN_FPQ_B19_2,1.0,Indicatori (in rapporto al PIL) - edizioni ottobre 2019 - luglio 2024,Indicators (GDP ratio) - editions from October 2019 to July 2024,DCCN_FPQ_B19,1.0,IT1
5_815,1.0,Conto annuale - edizioni ottobre 2019 - aprile 2024,Annual account - editions from October 2019 to April 2024,DCCN_FPA_B19,1.0,IT1
5_815_DF_DCCN_FPA_B19_1,1.0,Conto economico per sottosettore - edizioni ottobre 2019 - aprile 2024,Economic account by subsector - editions from October 2019 to April 2024,DCCN_FPA_B19,1.0,IT1
5_815_DF_DCCN_FPA_B19_2,1.0,Indicatori (in rapporto al PIL) - edizioni ottobre 2019 - aprile 2024,Indicators (GDP ratio) -  editions from October 2019 to April 2024,DCCN_FPA_B19,1.0,IT1
5_815_DF_DCCN_FPA_B19_3,1.0,Redditi e retribuzione pro capite per sottosettore -edizioni ottobre 2019 - aprile 2024,"Compensation of employees, wages and salaries per capita by subsector -  editions from October 2019 to April 2024",DCCN_FPA_B19,1.0,IT1
5_815_DF_DCCN_FPA_B19_4,1.0,Investimenti fissi lordi per sottosettore - edizioni ottobre 2019 - aprile 2024,Gross fixed capital formation by subsector -  editions from October 2019 to April 2024,DCCN_FPA_B19,1.0,IT1
5_815_DF_DCCN_FPA_B19_5,1.0,Imposte e contributi sociali per sottosettore - edizioni ottobre 2019 - aprile 2024,Taxes and social contributions by subsector -  editions from October 2019 to April 2024,DCCN_FPA_B19,1.0,IT1
5_815_DF_DCCN_FPA_B19_6,1.0,Formazione della spesa per consumi finali - edizioni ottobre 2019 - aprile 2024,Generation of final consumption expenditure - editions from October 2019 to April 2024,DCCN_FPA_B19,1.0,IT1
5_94,1.0,Uscite annuali per sottosettore - edizioni ottobre 2019 - aprile 2024,Annual expenditure by subsector - editions from October 2019 to April 2024,DCCN_OTEPPA_B19,1.0,IT1
5_94_DF_DCCN_OTEPPA_B19_1,1.0,Spesa per consumi per funzione (COFOG 2 e 3 cifre) -  edizioni ottobre 2019 - aprile 2024,Consumption expenditure by function (COFOG 2 and 3 digit) - editions from October 2019 to April 2024,DCCN_OTEPPA_B19,1.0,IT1
5_94_DF_DCCN_OTEPPA_B19_2,1.0,Voci di uscita per funzione (COFOG 2 e 3 cifre) - edizioni febbraio 2020 - dicembre 2023,Expenditure items by function (COFOG 2 and 3 digit) - editions from February 2020 to December 2023,DCCN_OTEPPA_B19,1.0,IT1
609_1,1.0,Ambiente urbano,Urban environment,DCCV_URBANENV,1.0,IT1
609_1_DF_DCCV_URBANENV_1,1.0,Acqua - consumo,Water - consumption,DCCV_URBANENV,1.0,IT1
609_1_DF_DCCV_URBANENV_10,1.0,Energia - teleriscaldamento,Energy - district heating,DCCV_URBANENV,1.0,IT1
609_1_DF_DCCV_URBANENV_11,1.0,Mobilità urbana - mobilità sostenibile,Urban mobility - sustainable mobility,DCCV_URBANENV,1.0,IT1
609_1_DF_DCCV_URBANENV_12,1.0,Mobilità urbana - parco veicolare,Urban mobility - road vehicles registered,DCCV_URBANENV,1.0,IT1
609_1_DF_DCCV_URBANENV_13,1.0,Mobilità urbana - trasporto pubblico locale,Urban mobility - local public transport,DCCV_URBANENV,1.0,IT1
609_1_DF_DCCV_URBANENV_14,1.0,Rifiuti urbani - produzione,Municipal waste - production,DCCV_URBANENV,1.0,IT1
609_1_DF_DCCV_URBANENV_15,1.0,Raccolta differenziata - frazioni merceologiche,Separate waste collection - product fractions,DCCV_URBANENV,1.0,IT1
609_1_DF_DCCV_URBANENV_16,1.0,Rumore - attività di misura,Noise - measurement activity,DCCV_URBANENV,1.0,IT1
609_1_DF_DCCV_URBANENV_17,1.0,Rumore - attività temporanee,Noise - temporary activities,DCCV_URBANENV,1.0,IT1
609_1_DF_DCCV_URBANENV_18,1.0,Verde urbano - densità,Urban greenery - density,DCCV_URBANENV,1.0,IT1
609_1_DF_DCCV_URBANENV_19,1.0,Verde urbano - disponibilità,Urban greenery - availability,DCCV_URBANENV,1.0,IT1
609_1_DF_DCCV_URBANENV_2,1.0,Acqua - razionamento,Water - rationing,DCCV_URBANENV,1.0,IT1
609_1_DF_DCCV_URBANENV_20,1.0,Verde urbano - tipologia di verde,Urban greenery - type of greenery,DCCV_URBANENV,1.0,IT1
609_1_DF_DCCV_URBANENV_21,1.0,Verde urbano - forestazione,Urban greenery - forestation,DCCV_URBANENV,1.0,IT1
609_1_DF_DCCV_URBANENV_22,1.0,Rifiuti urbani - servizio di raccolta,Municipal waste - collection service,DCCV_URBANENV,1.0,IT1
609_1_DF_DCCV_URBANENV_3,1.0,Qualità dell'aria - monitoraggio inquinanti,Air quality - pollutant monitoring,DCCV_URBANENV,1.0,IT1
609_1_DF_DCCV_URBANENV_4,1.0,Qualità dell'aria - valori di concentrazione e numero di superamenti,Air quality - concentration values ​​and number of exceedances,DCCV_URBANENV,1.0,IT1
609_1_DF_DCCV_URBANENV_5,1.0,Eco management - illuminazione pubblica stradale,Eco management - public street lighting,DCCV_URBANENV,1.0,IT1
609_1_DF_DCCV_URBANENV_6,1.0,Eco management - livello di digitalizzazione,Eco management - level of digitalisation,DCCV_URBANENV,1.0,IT1
609_1_DF_DCCV_URBANENV_7,1.0,Energia - consumi energetici domestici e non domestici,Energy - domestic and non-domestic energy consumption,DCCV_URBANENV,1.0,IT1
609_1_DF_DCCV_URBANENV_8,1.0,Energia - fonti rinnovabili,Energy - renewable sources,DCCV_URBANENV,1.0,IT1
609_1_DF_DCCV_URBANENV_9,1.0,Energia - rete di ricarica per auto elettriche,Energy - charging network for electric cars,DCCV_URBANENV,1.0,IT1
60_1004,1.0,Musei ed istituzioni similari - comuni,Museums and similar institutions - municipalities,DCIS_MUSVIS_COM,1.0,IT1
60_1004_DF_DCIS_MUSVIS_COM_1,1.0,Musei ed istituzioni similari - comuni,Museums and similar institutions - municipalities,DCIS_MUSVIS_COM,1.0,IT1
60_130,1.0,Internet: accesso e tipo di utilizzo,Internet: access and type of use,DCCV_ICT,1.0,IT1
60_130_DF_DCCV_ICT_1,1.0,Famiglie e accesso ad internet,Families and internet access,DCCV_ICT,1.0,IT1
60_130_DF_DCCV_ICT_10,1.0,Tipo di acquisti e ordini,Type of goods and services purchased,DCCV_ICT,1.0,IT1
60_130_DF_DCCV_ICT_11,1.0,Tipo di acquisti e ordini - reg. e tipo di comune,Type of goods and services purchased - reg. and type of municipalities,DCCV_ICT,1.0,IT1
60_130_DF_DCCV_ICT_2,1.0,Famiglie e accesso ad internet - reg. e tipo comune,Families and internet access - reg. and type of municipalities,DCCV_ICT,1.0,IT1
60_130_DF_DCCV_ICT_3,1.0,Famiglie e tipo di connessione - reg. e tipo di comune,Families and type of connection - regions and type of municipalities,DCCV_ICT,1.0,IT1
60_130_DF_DCCV_ICT_4,1.0,Attività svolte su internet,Internet activities,DCCV_ICT,1.0,IT1
60_130_DF_DCCV_ICT_5,1.0,Attività svolte su internet - reg. e tipo di comune,Internet activities - reg. and type of municipalities,DCCV_ICT,1.0,IT1
60_130_DF_DCCV_ICT_6,1.0,Interazioni con la PA,Interaction with the public authorities,DCCV_ICT,1.0,IT1
60_130_DF_DCCV_ICT_7,1.0,Interazione con la PA - reg. e tipo di comune,Interaction with the public authorities - reg. and type of municipalities,DCCV_ICT,1.0,IT1
60_130_DF_DCCV_ICT_8,1.0,Acquisti o ordini,Purchases or orders,DCCV_ICT,1.0,IT1
60_130_DF_DCCV_ICT_9,1.0,Acquisti o ordini - reg. e tipo di comune,Purchases or orders - reg. and type of municipalities,DCCV_ICT,1.0,IT1
60_195,1.0,Musei ed istituzioni similari,Museums and similar institutions,DCIS_MUSVIS,1.0,IT1
60_195_DF_DCIS_MUSVIS_1,1.0,Musei ed istituzioni similari - Principali dati,Museums and similar institutions - Key data,DCIS_MUSVIS,1.0,IT1
60_195_DF_DCIS_MUSVIS_2,1.0,Appartenenza a circuito museale,Membership at museum circuit,DCIS_MUSVIS,1.0,IT1
60_195_DF_DCIS_MUSVIS_3,1.0,Tipo di gestione e accesso gratuito,Type of management and admission free,DCIS_MUSVIS,1.0,IT1
60_195_DF_DCIS_MUSVIS_4,1.0,Periodo di apertura,Visiting period,DCIS_MUSVIS,1.0,IT1
60_195_DF_DCIS_MUSVIS_5,1.0,Tipo di servizi e dotazioni,Type of services,DCIS_MUSVIS,1.0,IT1
60_3,1.0,Archivi di stato,State Archives,DCIS_ARCHIVIST,1.0,IT1
60_3_DF_DCIS_ARCHIVIST_1,1.0,Attività svolte,Activities and services,DCIS_ARCHIVIST,1.0,IT1
60_3_DF_DCIS_ARCHIVIST_2,1.0,Superficie per destinazione di uso,Area of facilities by use,DCIS_ARCHIVIST,1.0,IT1
60_3_DF_DCIS_ARCHIVIST_3,1.0,Tipologia di materiale conservato,Documents kept on the rooms by type,DCIS_ARCHIVIST,1.0,IT1
60_3_DF_DCIS_ARCHIVIST_4,1.0,Utenti per motivo,Users by reasons,DCIS_ARCHIVIST,1.0,IT1
60_3_DF_DCIS_ARCHIVIST_5,1.0,Ricerche per tipologia,Researches by type,DCIS_ARCHIVIST,1.0,IT1
60_41,1.0,Biblioteche pubbliche statali,State owned libraries,DCIS_BIBLIOT,1.0,IT1
60_41_DF_DCIS_BIBLIOT_1,1.0,Biblioteche pubbliche statali - Principali dati,State owned libraries - Key data,DCIS_BIBLIOT,1.0,IT1
60_41_DF_DCIS_BIBLIOT_2,1.0,Prestiti per tipo di richiedente,Works lent by type of user,DCIS_BIBLIOT,1.0,IT1
60_41_DF_DCIS_BIBLIOT_3,1.0,Personale impiegato,Library staff,DCIS_BIBLIOT,1.0,IT1
610_119_DF_DCCV_TRASPRIV_1,1.0,Trasporto privato,Private transportation,DCCV_TRASPRIV,1.0,IT1
612_933,1.0,Laureati - caratteristiche socio-demografiche e curriculum,University graduates - Socio-demographic characteristics and curriculum,DCCV_LAU_DEM_FORM,1.0,IT1
612_933_DF_DCCV_LAU_DEM_FORM_1,1.0,Tipo di diploma,High school degree,DCCV_LAU_DEM_FORM,1.0,IT1
612_933_DF_DCCV_LAU_DEM_FORM_2,1.0,Giudizio (da 0 a 10) sui fattori di scelta ateneo,Judgment (from 0 to 10) on the factors of choice at the university,DCCV_LAU_DEM_FORM,1.0,IT1
612_933_DF_DCCV_LAU_DEM_FORM_3,1.0,Gruppo di laurea,Field of study,DCCV_LAU_DEM_FORM,1.0,IT1
612_933_DF_DCCV_LAU_DEM_FORM_4,1.0,Partecipazione Erasmus,Mobility programme participation,DCCV_LAU_DEM_FORM,1.0,IT1
612_933_DF_DCCV_LAU_DEM_FORM_5,1.0,Laurea precedente,Previous degree,DCCV_LAU_DEM_FORM,1.0,IT1
612_933_DF_DCCV_LAU_DEM_FORM_6,1.0,Iscrizione ad altra formazione,Current enrollment in training activities,DCCV_LAU_DEM_FORM,1.0,IT1
612_933_DF_DCCV_LAU_DEM_FORM_7,1.0,Conclusa altra formazione,Completion of training activities,DCCV_LAU_DEM_FORM,1.0,IT1
612_933_DF_DCCV_LAU_DEM_FORM_8,1.0,Titolo di studio del padre e della madre,Parents' highest level of education attained,DCCV_LAU_DEM_FORM,1.0,IT1
612_937,1.0,Laureati - ricerca di lavoro,University graduates - job search,DCCV_LAU_RIC,1.0,IT1
612_937_DF_DCCV_LAU_RIC_1,1.0,Ricerca di lavoro in Italia o all'estero (occupati e non),Job search in Italy or abroad (employed or not),DCCV_LAU_RIC,1.0,IT1
612_937_DF_DCCV_LAU_RIC_2,1.0,Occupazione e orario desiderati (occupati e non),Desired occupation and working hours (employed or not),DCCV_LAU_RIC,1.0,IT1
612_939,1.0,Laureati - condizione occupazionale,University graduates - occupational status,DCCV_LAU_OCCUP_RED,1.0,IT1
612_939_DF_DCCV_LAU_OCCUP_RED_1,1.0,Gruppo di laurea e condizione occupazionale,Degree group and occupational condition,DCCV_LAU_OCCUP_RED,1.0,IT1
612_939_DF_DCCV_LAU_OCCUP_RED_2,1.0,Gruppo di laurea e professione,Degree and profession group,DCCV_LAU_OCCUP_RED,1.0,IT1
612_939_DF_DCCV_LAU_OCCUP_RED_3,1.0,Gruppo di laurea e reddito mensile,Degree group and monthly income,DCCV_LAU_OCCUP_RED,1.0,IT1
612_939_DF_DCCV_LAU_OCCUP_RED_4,1.0,Tipo di occupazione,Professional status,DCCV_LAU_OCCUP_RED,1.0,IT1
612_939_DF_DCCV_LAU_OCCUP_RED_5,1.0,Attività economica e settore di impiego,Economic activity and sector of employement,DCCV_LAU_OCCUP_RED,1.0,IT1
612_939_DF_DCCV_LAU_OCCUP_RED_6,1.0,Soddisfazione per il lavoro,Job satisfaction,DCCV_LAU_OCCUP_RED,1.0,IT1
612_939_DF_DCCV_LAU_OCCUP_RED_7,1.0,Regione di residenza e condizione occupazionale,Region of residence and occupational status,DCCV_LAU_OCCUP_RED,1.0,IT1
612_939_DF_DCCV_LAU_OCCUP_RED_8,1.0,Regione di residenza e reddito mensile,Region of residence and monthly income,DCCV_LAU_OCCUP_RED,1.0,IT1
613_934,1.0,Diplomati - caratteristiche socio-demografiche e curriculum,High school graduates - socio-demographic characteristics and curriculum,DCCV_DIPL_DEM_FORM,1.0,IT1
613_934_DF_DCCV_DIPL_DEM_FORM_1,1.0,Tipo di diploma,Type of diploma,DCCV_DIPL_DEM_FORM,1.0,IT1
613_934_DF_DCCV_DIPL_DEM_FORM_10,1.0,Iscrizione a università - sesso e tipo di diploma,University enrollment - gender and type of diploma,DCCV_DIPL_DEM_FORM,1.0,IT1
613_934_DF_DCCV_DIPL_DEM_FORM_11,1.0,Iscrizione a università - regione di dimora abituale,Registration to university - region of habitual residence,DCCV_DIPL_DEM_FORM,1.0,IT1
613_934_DF_DCCV_DIPL_DEM_FORM_12,1.0,Iscrizione a studi terziari non universitari - sesso e tipo di diploma,Enrollment in non-university tertiary studies - gender and type of diploma,DCCV_DIPL_DEM_FORM,1.0,IT1
613_934_DF_DCCV_DIPL_DEM_FORM_13,1.0,Iscrizione a studi terziari non universitari - regione di dimora abituale,Enrollment in non-university tertiary studies - region of habitual residence,DCCV_DIPL_DEM_FORM,1.0,IT1
613_934_DF_DCCV_DIPL_DEM_FORM_2,1.0,Natura giuridica della scuola e soddisfazione,Legal nature of the school and satisfaction,DCCV_DIPL_DEM_FORM,1.0,IT1
613_934_DF_DCCV_DIPL_DEM_FORM_3,1.0,Età all'intervista,Age,DCCV_DIPL_DEM_FORM,1.0,IT1
613_934_DF_DCCV_DIPL_DEM_FORM_4,1.0,Cittadinanza e familiari coabitanti,Citizenship and cohabiting family members,DCCV_DIPL_DEM_FORM,1.0,IT1
613_934_DF_DCCV_DIPL_DEM_FORM_5,1.0,Regione di dimora abituale,Place of living region,DCCV_DIPL_DEM_FORM,1.0,IT1
613_934_DF_DCCV_DIPL_DEM_FORM_6,1.0,Titolo di studio del padre e della madre,Parents' highest level of education attained,DCCV_DIPL_DEM_FORM,1.0,IT1
613_934_DF_DCCV_DIPL_DEM_FORM_7,1.0,Iscrizione ad un qualsiasi tipo di corso post-diploma,Registration for any type of post-diploma course,DCCV_DIPL_DEM_FORM,1.0,IT1
613_934_DF_DCCV_DIPL_DEM_FORM_8,1.0,Iscrizione a corsi di formazione professionale - sesso e tipo di diploma,Registration for professional training courses - gender and type of diploma,DCCV_DIPL_DEM_FORM,1.0,IT1
613_934_DF_DCCV_DIPL_DEM_FORM_9,1.0,Iscrizione a corsi di formazione professionale - regione di dimora abituale,Registration for professional training courses - region of habitual residence,DCCV_DIPL_DEM_FORM,1.0,IT1
613_935,1.0,Diplomati - condizione occupazionale e retribuzione,High school graduates - employment conditions and remuneration,DCCV_DIPL_OCCUP_REDD,1.0,IT1
613_935_DF_DCCV_DIPL_OCCUP_REDD_1,1.0,Sesso e tipo di diploma,Sex and type of diploma,DCCV_DIPL_OCCUP_REDD,1.0,IT1
613_935_DF_DCCV_DIPL_OCCUP_REDD_10,1.0,Regione e retribuzione,Region and wage,DCCV_DIPL_OCCUP_REDD,1.0,IT1
613_935_DF_DCCV_DIPL_OCCUP_REDD_2,1.0,Professione CP2011,Occupation CP2011,DCCV_DIPL_OCCUP_REDD,1.0,IT1
613_935_DF_DCCV_DIPL_OCCUP_REDD_3,1.0,Tipo di occupazione e ore di lavoro,Professional status and hours worked,DCCV_DIPL_OCCUP_REDD,1.0,IT1
613_935_DF_DCCV_DIPL_OCCUP_REDD_4,1.0,Settore d'impiego e attività economica,Sector of employement and economic activity,DCCV_DIPL_OCCUP_REDD,1.0,IT1
613_935_DF_DCCV_DIPL_OCCUP_REDD_5,1.0,Retribuzione e tipo di diploma,Wage by diploma,DCCV_DIPL_OCCUP_REDD,1.0,IT1
613_935_DF_DCCV_DIPL_OCCUP_REDD_6,1.0,Retribuzione e tipo di occupazione,Wage and type of employment,DCCV_DIPL_OCCUP_REDD,1.0,IT1
613_935_DF_DCCV_DIPL_OCCUP_REDD_7,1.0,Utilità del diploma,High school degree usefulness,DCCV_DIPL_OCCUP_REDD,1.0,IT1
613_935_DF_DCCV_DIPL_OCCUP_REDD_8,1.0,Soddisfazione per il lavoro (punteggio medio),Job satisfaction (average values),DCCV_DIPL_OCCUP_REDD,1.0,IT1
613_935_DF_DCCV_DIPL_OCCUP_REDD_9,1.0,Regione e condizione occupazionale,Region and occupational status,DCCV_DIPL_OCCUP_REDD,1.0,IT1
613_936,1.0,Diplomati - ricerca di lavoro,High school graduates - seeking a job,DCCV_DIPL_RIC,1.0,IT1
613_936_DF_DCCV_DIPL_RIC_1,1.0,Ricerca di lavoro e occupazione attuale,Seeking a job and professional status,DCCV_DIPL_RIC,1.0,IT1
613_936_DF_DCCV_DIPL_RIC_2,1.0,Ricerca di lavoro e regione di dimora abituale,Seeking a job and place of residence,DCCV_DIPL_RIC,1.0,IT1
613_936_DF_DCCV_DIPL_RIC_3,1.0,"Occupazione, orario e luogo di lavoro desiderati","Professional status, time and place of work desired",DCCV_DIPL_RIC,1.0,IT1
61_69,1.0,Opere librarie pubblicate,Published books,DCIS_PUBBLICATE3,1.0,IT1
61_69_DF_DCIS_PUBBLICATE3_1,1.0,Opere librarie pubblicate - Principali dati,Published books - Key data,DCIS_PUBBLICATE3,1.0,IT1
61_69_DF_DCIS_PUBBLICATE3_2,1.0,Prezzo e copie stampate,Price and printed copies,DCIS_PUBBLICATE3,1.0,IT1
669_1073,1.0,Gettito delle imposte ambientali versione 2014,Environmental tax revenue 2014 version,DCCN_IMPAMB1_B14,1.0,IT1
669_1073_DF_DCCN_IMPAMB1_B14_1,1.0,Categoria di imposta - edizioni dicembre 2014 - ottobre 2018,Tax category - editions from December 2014 to October 2018,DCCN_IMPAMB1_B14190359,1.0,IT1
669_1073_DF_DCCN_IMPAMB1_B14_2,1.0,Unità che corrisponde l'imposta - edizioni dicembre 2014 - ottobre 2018,Paying unit - editions from December 2014 to October 2018,DCCN_IMPAMB1_B1471548,1.0,IT1
669_1073_DF_DCCN_IMPAMB1_B14_3,1.0,Gettito corrisposto dalle attività produttive - edizioni dicembre 2014 - ottobre 2018,Taxes paid by economic activity - editions from December 2014 to October 2018,DCCN_IMPAMB1_B14802327,1.0,IT1
669_1073_DF_DCCN_IMPAMB1_B14_4,1.0,Classe CEPA - edizioni dicembre 2014 - ottobre 2018,CEPA class - editions from December 2014 to October 2018,DCCN_IMPAMB1_B14162486,1.0,IT1
669_1073_DF_DCCN_IMPAMB1_B14_5,1.0,Destinazione del gettito - edizioni dicembre 2014 - ottobre 2018,Use of the tax revenue - editions from December 2014 to October 2018,DCCN_IMPAMB1_B14857079,1.0,IT1
669_1080,1.0,Emissioni atmosferiche NAMEA (NACE Rev. 2) versione 2014,NAMEA air emissions (NACE Rev. 2) 2014 version,DCCN_CONTIEMATMREV2_B14,1.0,IT1
669_1080_DF_DCCN_CONTIEMATMREV2_B14_1,1.0,Attività produttive - edizioni novembre 2014 - novembre 2018,Production activities - editions from November 2014 to November 2018,DCCN_CONTIEMATMREV2_B14,1.0,IT1
669_1080_DF_DCCN_CONTIEMATMREV2_B14_2,1.0,Famiglie - edizioni novembre 2014 - novembre 2018,Households - editions from November 2014 to November 2018,DCCN_CONTIEMATMREV2_B14,1.0,IT1
669_1080_DF_DCCN_CONTIEMATMREV2_B14_3,1.0,Raccordo tra totale NAMEA e totale UNFCCC/CLRTAP - edizioni novembre 2014 - novembre 2018,Bridging items between NAMEA total and UNFCCC/CLRTAP total - editions from November 2014 to November 2018,DCCN_CONTIEMATMREV2_B14,1.0,IT1
669_1080_DF_DCCN_CONTIEMATMREV2_B14_4,1.0,Intensità della produzione e del valore aggiunto - edizioni novembre 2014 - novembre 2018,Intensity of output and value added - editions from November 2014 to November 2018,DCCN_CONTIEMATMREV2_B14,1.0,IT1
669_1080_DF_DCCN_CONTIEMATMREV2_B14_5,1.0,Intensità dell'occupazione - edizioni novembre 2014 - novembre 2018,Intensity of employment - editions from November 2014 to November 2018,DCCN_CONTIEMATMREV2_B14,1.0,IT1
669_1081,1.0,Conti dei flussi fisici di energia (PEFA) versione 2014,Physical energy flow accounts (PEFA) 2014 version,DCCN_PEFA_B14,1.0,IT1
669_1081_DF_DCCN_PEFA_B14_1,1.0,"Risorse e impieghi, schema di sintesi - edizione dicembre 2018",Supply and use: scheme - December 2018 edition,DCCN_PEFA_B14,1.0,IT1
669_1081_DF_DCCN_PEFA_B14_2,1.0,Risorse per attività e tipo di flusso - edizione dicembre 2018,Supply by activity and energy flow - December 2018 edition,DCCN_PEFA_B14,1.0,IT1
669_1081_DF_DCCN_PEFA_B14_3,1.0,Impieghi per attività e tipo di flusso - edizione dicembre 2018,Use by activity and energy flow - December 2018 edition,DCCN_PEFA_B14,1.0,IT1
669_1081_DF_DCCN_PEFA_B14_4,1.0,Impieghi rilevanti per le emissioni atmosferiche (impieghi da combustione) - edizione dicembre 2018,Emission-relevant use by activity and energy flow (related to fuel combustion) - December 2018 edition,DCCN_PEFA_B14,1.0,IT1
669_1081_DF_DCCN_PEFA_B14_5,1.0,Vettori di indicatori chiave sui flussi di energia - edizione dicembre 2018,Vectors of key energy indicators - December 2018 edition,DCCN_PEFA_B14900055,1.0,IT1
669_1081_DF_DCCN_PEFA_B14_6,1.0,Tavola di raccordo: consumo di energia - edizione dicembre 2018,Bridge table: energy consumption - December 2018 edition,DCCN_PEFA_B1412761,1.0,IT1
669_1113,1.0,Spese per la protezione dell'ambiente versione 2014,Environmental protection expenditure 2014 version,DCCN_SPESAPROTAMB_B14,1.0,IT1
669_1113_DF_DCCN_SPESAPROTAMB_B14_1,1.0,Spesa nazionale - edizioni aprile 2018 e gennaio 2019,National expenditure - April 2018 and January 2019 editions,DCCN_SPESAPROTAMB_B14484735,1.0,IT1
669_1113_DF_DCCN_SPESAPROTAMB_B14_2,1.0,Aggregati economici per settore istituzionale - edizioni aprile 2018 e gennaio 2019,Economic aggregates by institutional sector - April 2018 and January 2019 editions,DCCN_SPESAPROTAMB_B14778706,1.0,IT1
669_1113_DF_DCCN_SPESAPROTAMB_B14_3,1.0,Investimenti e produzione ausiliaria delle società come produttori ausiliari per attività economica - edizioni aprile 2018 e gennaio 2019,Gross fixed capital formation and ancillary output of corporations as ancillary - April 2018 and January 2019 editions,DCCN_SPESAPROTAMB_B14587516,1.0,IT1
669_1116,1.0,Conti dei flussi di materia versione 2014,National materials' use accounts 2014 version,DCCN_FLUMAT_B14,1.0,IT1
669_1116_DF_DCCN_FLUMAT_B14_1,1.0,Indicatori aggregati - edizioni gennaio 2016 - febbraio 2019,Economy-wide material flow indicators - editions from January 2016 to February 2019,DCCN_FLUMAT_B14663073,1.0,IT1
669_1116_DF_DCCN_FLUMAT_B14_2,1.0,Estrazione interna di materiali utilizzati - edizioni gennaio 2016 - febbraio 2019,Domestic extraction of used materials (editions from January 2016 to February 2019),DCCN_FLUMAT_B14174910,1.0,IT1
669_1116_DF_DCCN_FLUMAT_B14_3,1.0,Scambi con il resto del mondo - edizioni gennaio 2016 - febbraio 2019,Exchanges with the rest of the world - editions from January 2016 to February 2019,DCCN_FLUMAT_B14,1.0,IT1
669_1119,1.0,Conti dei beni e servizi ambientali versione 2014,Environmental goods and services accounts 2014 version,DCCN_EGSS_B14,1.0,IT1
669_1119_DF_DCCN_EGSS_B14_1,1.0,"Produzione, valore aggiunto, esportazioni - edizione febbraio 2019","Output, value added, exports - Februay 2019 edition",DCCN_EGSS_B14609003,1.0,IT1
669_1119_DF_DCCN_EGSS_B14_2,1.0,Occupazione (unità di lavoro) - edizione febbraio 2019,"Employmenti, full time equivalent - Februay 2019 edition",DCCN_EGSS_B14702940,1.0,IT1
669_964,1.0,Gettito delle imposte ambientali,Environmental tax revenue,DCCN_IMPAMB0,1.0,IT1
669_967,1.0,Emissioni atmosferiche NAMEA (NACE Rev. 2) versione 2011,NAMEA air emissions (NACE Rev. 2) 2011 version,DCCN_CONTIEMATMREV1,1.0,IT1
68_1220,1.0,Viaggi e loro organizzazione,Trips by arrangement,DCCV_VIAGGI_ORG,1.0,IT1
68_1220_DF_DCCV_VIAGGI_ORG_1,1.0,Prenotazione dell'alloggio,Accomodation booking,DCCV_VIAGGI_ORG,1.0,IT1
68_1220_DF_DCCV_VIAGGI_ORG_2,1.0,Prenotazione del trasporto,Accomodation booking,DCCV_VIAGGI_ORG,1.0,IT1
68_1220_DF_DCCV_VIAGGI_ORG_3,1.0,Prenotazione via internet,Internet booking,DCCV_VIAGGI_ORG,1.0,IT1
68_1220_DF_DCCV_VIAGGI_ORG_4,1.0,Prenotazione dell'alloggio via internet,Accommodation booking via internet,DCCV_VIAGGI_ORG,1.0,IT1
68_1220_DF_DCCV_VIAGGI_ORG_5,1.0,Prenotazione del trasporto via internet,Transport booking via internet,DCCV_VIAGGI_ORG,1.0,IT1
68_1221,1.0,Viaggi per motivo,Trips by purpose,DCCV_VIAGGI_CAPI_2,1.0,IT1
68_1221_DF_DCCV_VIAGGI_CAPI_2_1,1.0,Vacanze,Holidays,DCCV_VIAGGI_CAPI_2,1.0,IT1
68_1221_DF_DCCV_VIAGGI_CAPI_2_2,1.0,Vacanze di 4 notti e più,Holiday trips of 4 or more overnight stays,DCCV_VIAGGI_CAPI_2,1.0,IT1
68_1221_DF_DCCV_VIAGGI_CAPI_2_3,1.0,Vacanze di piacere/svago - dati annuali,Holiday trips for pleasure/leisure - annual data,DCCV_VIAGGI_CAPI_2,1.0,IT1
68_1221_DF_DCCV_VIAGGI_CAPI_2_4,1.0,Vacanze di piacere/svago - dati trimestrali,Holiday trips for pleasure/leisure - quarterly data,DCCV_VIAGGI_CAPI_2,1.0,IT1
68_1221_DF_DCCV_VIAGGI_CAPI_2_5,1.0,Vacanze di piacere/svago per luogo di destinazione,Holiday trips for pleasure/leisure by main destination,DCCV_VIAGGI_CAPI_2,1.0,IT1
68_1221_DF_DCCV_VIAGGI_CAPI_2_6,1.0,Vacanze di piacere /svago per durata,Holiday trips for pleasure/leisure by lenght,DCCV_VIAGGI_CAPI_2,1.0,IT1
68_1221_DF_DCCV_VIAGGI_CAPI_2_7,1.0,Viaggi di lavoro,Business trips,DCCV_VIAGGI_CAPI_2,1.0,IT1
68_1221_DF_DCCV_VIAGGI_CAPI_2_8,1.0,Viaggi culturali - dati trimestrali,Cultural trips - quarterly data,DCCV_VIAGGI_CAPI_2,1.0,IT1
68_1221_DF_DCCV_VIAGGI_CAPI_2_9,1.0,Viaggi culturali per tipo di attività,Cultural trips by type of activity,DCCV_VIAGGI_CAPI_2,1.0,IT1
68_161,1.0,Persone andate e non andate in vacanza,Persons who went and didn't go on holiday,DCCV_TURANN_NO_TURAN_CAPI,1.0,IT1
68_161_DF_DCCV_TURANN_NO_TURAN_CAPI_1,1.0,Persone di 15 anni e più non andate in vacanza,Persons aged 15 and over who didn't go on holiday,DCCV_TURANN_NO_TURAN_CAPI,1.0,IT1
68_161_DF_DCCV_TURANN_NO_TURAN_CAPI_2,1.0,Persone andate in vacanza,Persons who went on holiday,DCCV_TURANN_NO_TURAN_CAPI,1.0,IT1
68_265,1.0,Spesa per viaggi in alloggi a pagamento,Expenditure on tourism trips in rented accomodations,DCCV_VIAGGI_SPESE_CAPI,1.0,IT1
68_265_DF_DCCV_VIAGGI_SPESE_CAPI_1,1.0,Viaggi in totale,Trips,DCCV_VIAGGI_SPESE_CAPI,1.0,IT1
68_265_DF_DCCV_VIAGGI_SPESE_CAPI_2,1.0,Vacanze,Holidays,DCCV_VIAGGI_SPESE_CAPI,1.0,IT1
68_265_DF_DCCV_VIAGGI_SPESE_CAPI_3,1.0,Tipo di alloggio,Type of accomodation,DCCV_VIAGGI_SPESE_CAPI,1.0,IT1
68_338,1.0,Visite in giornata (escursioni),Same-day visits,DCCV_ESC_CAPI,1.0,IT1
68_338_DF_DCCV_ESC_CAPI_1,1.0,Dati trimestrali,Quarterly data,DCCV_ESC_CAPI,1.0,IT1
68_338_DF_DCCV_ESC_CAPI_2,1.0,Motivo prevalente,Main purpose,DCCV_ESC_CAPI,1.0,IT1
68_338_DF_DCCV_ESC_CAPI_3,1.0,Mezzo di trasporto prevalente,Main means of transport,DCCV_ESC_CAPI,1.0,IT1
68_338_DF_DCCV_ESC_CAPI_4,1.0,Regione di destinazione,Region of destination,DCCV_ESC_CAPI,1.0,IT1
68_356,1.0,Persone che hanno viaggiato,Persons who made trips,DCCV_TURISTI_CAPI,1.0,IT1
68_356_DF_DCCV_TURISTI_CAPI_1,1.0,Viaggiatori per 100 residenti,Travelers for 100 residents,DCCV_TURISTI_CAPI,1.0,IT1
68_356_DF_DCCV_TURISTI_CAPI_2,1.0,Sesso,Gender,DCCV_TURISTI_CAPI,1.0,IT1
68_356_DF_DCCV_TURISTI_CAPI_3,1.0,Classe di età,Gender and age class,DCCV_TURISTI_CAPI,1.0,IT1
68_356_DF_DCCV_TURISTI_CAPI_4,1.0,Condizione professionale,Professional status,DCCV_TURISTI_CAPI,1.0,IT1
68_356_DF_DCCV_TURISTI_CAPI_5,1.0,Destinazione,Destination,DCCV_TURISTI_CAPI,1.0,IT1
68_356_DF_DCCV_TURISTI_CAPI_6,1.0,Residenza,Residence,DCCV_TURISTI_CAPI,1.0,IT1
68_356_DF_DCCV_TURISTI_CAPI_7,1.0,Viaggiatori per lavoro,For business travelers,DCCV_TURISTI_CAPI,1.0,IT1
68_357,1.0,Pernottamenti in viaggio,Overnight stays for trips,DCCV_TURNOT_CAPI,1.0,IT1
68_357_DF_DCCV_TURNOT_CAPI_1,1.0,Pernottamenti in Italia e regione di destinazione,Overnight stays in Italy and region of destination,DCCV_TURNOT_CAPI,1.0,IT1
68_357_DF_DCCV_TURNOT_CAPI_2,1.0,Pernottamenti all'estero e paese di destinazione,Overnight stays abroad and country of destination,DCCV_TURNOT_CAPI,1.0,IT1
68_357_DF_DCCV_TURNOT_CAPI_3,1.0,Destinazione e tipo di viaggio,Destination and type of trip,DCCV_TURNOT_CAPI,1.0,IT1
68_357_DF_DCCV_TURNOT_CAPI_4,1.0,Sesso e classe di età,Gender and age class,DCCV_TURNOT_CAPI,1.0,IT1
68_357_DF_DCCV_TURNOT_CAPI_5,1.0,Condizione professionale,Professional status,DCCV_TURNOT_CAPI,1.0,IT1
68_357_DF_DCCV_TURNOT_CAPI_6,1.0,Destinazione e residenza,Destination and residence,DCCV_TURNOT_CAPI,1.0,IT1
68_357_DF_DCCV_TURNOT_CAPI_7,1.0,Destinazione e tipo di alloggio,Destination and type of accommodation,DCCV_TURNOT_CAPI,1.0,IT1
68_357_DF_DCCV_TURNOT_CAPI_8,1.0,N. medio notti in viaggio,Average number of overnight stays for trips,DCCV_TURNOT_CAPI,1.0,IT1
68_357_DF_DCCV_TURNOT_CAPI_9,1.0,Notti di vacanza per 1.000 residenti (medie giornaliere),"Vacation nights for 1,000 residents (daily averages)",DCCV_TURNOT_CAPI,1.0,IT1
68_359,1.0,Viaggi per caratteristiche del viaggiatore,Trips by characteristics of the tourist,DCCV_VIAGGI_RES,1.0,IT1
68_359_DF_DCCV_VIAGGI_RES_1,1.0,"Viaggi per sesso, classe di età della persona che ha viaggiato e tipologia del viaggio. Dati assoluti (in migliaia) - Livello Nazionale","Trips by gender, age group and type of trip. Absolute values (in thousands) - National Data",DCCV_VIAGGI_RES,1.0,IT1
68_359_DF_DCCV_VIAGGI_RES_10,1.0,Viaggi per sesso e tipologia del viaggio. Dati percentuali sul totale dei viaggi dello stesso tipo - Livello Nazionale,Trips by gender and type of trip. Percentage values on trips of the same type - National Data,DCCV_VIAGGI_RES,1.0,IT1
68_359_DF_DCCV_VIAGGI_RES_11,1.0,Viaggi per classe di età e tipologia del viaggio. Dati percentuali sul totale dei viaggi dello stesso tipo - Livello Nazionale,Trips by age group and type of trip. Percentage values on trips of the same type - National Data,DCCV_VIAGGI_RES,1.0,IT1
68_359_DF_DCCV_VIAGGI_RES_12,1.0,Viaggi per tipologia del viaggio e residenza della persona che ha viaggiato. Dati percentuali sul totale dei viaggi dello stesso tipo - Livello Ripartizionale,Trips by type of trip and origin. Percentage values on trips of the same type - Sub National Data,DCCV_VIAGGI_RES,1.0,IT1
68_359_DF_DCCV_VIAGGI_RES_13,1.0,"Viaggi per tipologia del viaggio, residenza della persona che ha viaggiato e destinazione. Dati percentuali sul totale dei viaggi dello stesso tipo e con la stessa destinazione - Livello Ripartizionale","Trips by type of trip, origin e destination. Percentage values on trips of the same type and with the same destination - Sub National Data",DCCV_VIAGGI_RES,1.0,IT1
68_359_DF_DCCV_VIAGGI_RES_14,1.0,"Viaggi per sesso, classe di età e tipologia del viaggio. Dati percentuali sul totale dei viaggi dello stesso tipo effettuati da persone con le stesse caratteristiche - Livello Nazionale","Trips by gender, age group and type of trip. Percentage values on trips of the same type made by people with same characteristics - National Data",DCCV_VIAGGI_RES,1.0,IT1
68_359_DF_DCCV_VIAGGI_RES_15,1.0,Viaggi per destinazione e tipologia del viaggio. Dati percentuali sul totale dei viaggi dello stesso tipo e con la stessa area geografica di provenienza della persona che ha viaggiato - Livello Ripartizionale,Trips by destination and type of trip. Percentage values on trips of the same type made by people with the same origin - Sub National Data,DCCV_VIAGGI_RES,1.0,IT1
68_359_DF_DCCV_VIAGGI_RES_16,1.0,Viaggi delle persone di 15 anni e più per condizione e posizione nella professione della persona che ha viaggiato e tipologia del viaggio. Dati percentuali sul totale dei viaggi dello stesso tipo - Livello Nazionale,Trips made by residend aged 15 and over by employment status and type of trip. Percentage values on trips of the same type - National Data,DCCV_VIAGGI_RES,1.0,IT1
68_359_DF_DCCV_VIAGGI_RES_17,1.0,"Viaggi di vacanza per durata della vacanza, principale mezzo di trasporto e residenza della persona che ha viaggiato. Dati percentuali sul totale delle vacanze della stessa durata e area geografica di provenienza della persona che ha viaggiato - Livello Ripartizionale","Holidays by duration, main means of transport and origin. Percentage values on holiday trips of the same duration and with the same origin of person who made holiday - Sub National Data",DCCV_VIAGGI_RES,1.0,IT1
68_359_DF_DCCV_VIAGGI_RES_18,1.0,"Viaggi di vacanza per durata della vacanza, principale alloggio e residenza della persona che ha viaggiato. Dati percentuali sul totale delle vacanze della stessa durata e area geografica di provenienza della persona che ha viaggiato - Livello ripartizionale","Holidays by duration, main accomodation and origin. Percentage values on holiday trips of the same duration and with the same origin of person who made holiday - Sub National Data",DCCV_VIAGGI_RES,1.0,IT1
68_359_DF_DCCV_VIAGGI_RES_2,1.0,Viaggi per residenza della persona che ha viaggiato e tipologia del viaggio. Dati assoluti (in migliaia) - Livello Ripartizionale,Trips by origin and type of trip. Absolute values (in thousands) - Sub National Data,DCCV_VIAGGI_RES,1.0,IT1
68_359_DF_DCCV_VIAGGI_RES_3,1.0,"Viaggi per tipologia del viaggio, residenza della persona che ha viaggiato e destinazione. Dati assoluti (in migliaia) - Livello Ripartizionale","Trips by type of trip, origin e destination. Absolute values (in thousands) - Sub National Data",DCCV_VIAGGI_RES,1.0,IT1
68_359_DF_DCCV_VIAGGI_RES_4,1.0,Viaggi per residenza della persona che ha viaggiato e tipologia del viaggio. Dati assoluti (in migliaia) - Tipologia comunale,Trips by origin and type of trip. Absolute values (in thousands) - Type of municipality,DCCV_VIAGGI_RES,1.0,IT1
68_359_DF_DCCV_VIAGGI_RES_5,1.0,Viaggi delle persone di 15 anni e più per condizione e posizione nella professione della persona che ha viaggiato e tipologia del viaggio. Dati assoluti (in migliaia) - Livello Nazionale,Trips made by residend aged 15 and over by employment status and type of trip. Absolute values (in thousands) - National Data,DCCV_VIAGGI_RES,1.0,IT1
68_359_DF_DCCV_VIAGGI_RES_6,1.0,"Viaggi di vacanza per durata della vacanza, principale mezzo di trasporto e residenza della persona che ha viaggiato. Dati assoluti (in migliaia) - Livello Ripartizionale","Holidays by duration, main means of transport and origin. Absolute values (in thousands) - Sub National Data",DCCV_VIAGGI_RES,1.0,IT1
68_359_DF_DCCV_VIAGGI_RES_7,1.0,"Viaggi di vacanza per durata della vacanza, principale tipo di alloggio e residenza della persona che ha viaggiato. Dati assoluti (in migliaia) - Livello Ripartizionale","Holidays by duration, main accomodation and origin. Absolute values (in thousands) - Sub National Data",DCCV_VIAGGI_RES,1.0,IT1
68_359_DF_DCCV_VIAGGI_RES_8,1.0,Viaggi per residenza della persona che ha viaggiato e tipologia del viaggio. Dati percentuali sul totale dei viaggi con la stessa area di provenienza della persona che ha viaggiato - Livello Ripartizionale,Trips by origin and type of trip. Percentage values on trips with the same origin of person who made trip - Sub National Data,DCCV_VIAGGI_RES,1.0,IT1
68_359_DF_DCCV_VIAGGI_RES_9,1.0,Viaggi per residenza della persona che ha viaggiato e tipologia del viaggio. Dati percentuali sul totale dei viaggi con la stessa area di provenienza della persona che ha viaggiato - Tipologia comunale,Trips by origin and type of trip. Percentage values on trips with the same origin of person who made trip- Type of municipality,DCCV_VIAGGI_RES,1.0,IT1
68_365,1.0,Viaggi per motivo del viaggio,Trips by purpose,DCCV_VIAGGI,1.0,IT1
68_365_DF_DCCV_VIAGGI_1,1.0,Vacanze per motivo prevalente e durata. Dati assoluti (in migliaia) - Livello Nazionale,Holiday trips by main purpose and duration. Absolute values (in thousands) - National Data,DCCV_VIAGGI,1.0,IT1
68_365_DF_DCCV_VIAGGI_10,1.0,Vacanze per motivo prevalente,Holidays trips for main purpose,DCCV_VIAGGI,1.0,IT1
68_365_DF_DCCV_VIAGGI_11,1.0,Vacanze di 4 notti e più,Holiday trips of 4 or more overnight stays,DCCV_VIAGGI,1.0,IT1
68_365_DF_DCCV_VIAGGI_12,1.0,Vacanze di piacere (fino al 2012),Holiday trips for pleasure (until 2012),DCCV_VIAGGI,1.0,IT1
68_365_DF_DCCV_VIAGGI_13,1.0,Vacanze di piacere per destinazione (v.p. dal 2013),Holiday trips for pleasure and destination (v.p. from 2013),DCCV_VIAGGI,1.0,IT1
68_365_DF_DCCV_VIAGGI_14,1.0,Viaggi di lavoro per motivo prevalente,Business trips by main purpose,DCCV_VIAGGI,1.0,IT1
68_365_DF_DCCV_VIAGGI_2,1.0,Vacanze per motivo prevalente e durata. Dati percentuali sul totale delle vacanze della stessa durata - Livello Nazionale,Holiday trips by main purpose and duration. Percentage values on holiday trips with the same duration- National Data,DCCV_VIAGGI,1.0,IT1
68_365_DF_DCCV_VIAGGI_3,1.0,Vacanze di 4 notti e più per trimestre e classe di durata. Dati assoluti (in migliaia) - Livello Nazionale,Holiday trips of 4 or more overnight stays by quarter and duration. Absolute values (in thousands) - National Data,DCCV_VIAGGI,1.0,IT1
68_365_DF_DCCV_VIAGGI_4,1.0,Vacanze di 4 notti e più per trimestre e classe di durata. Dati percentuali sul totale delle vacanze di 4 e più notti nel periodo di riferimento - Livello Nazionale,Holiday trips of 4 or more overnight stays by quarter and duration. Percentage values on holiday trips of 4 or more overnight stays made during the reporting,DCCV_VIAGGI,1.0,IT1
68_365_DF_DCCV_VIAGGI_5,1.0,Vacanze di piacere/svago per tipo di vacanza e durata. Dati assoluti (in migliaia) - Livello Nazionale,Holiday trips for pleasure/leisure by type of holiday and duration - Absolute values (in thousands) - National Data,DCCV_VIAGGI,1.0,IT1
68_365_DF_DCCV_VIAGGI_6,1.0,Vacanze di piacere/svago per tipo di vacanza e durata. Dati percentuali sul totale delle vacanze della stessa durata - Livello Nazionale,Holiday trips for pleasure/leisure by type of holiday and duration - Percentage values on holiday trips with the same duration - National Data,DCCV_VIAGGI,1.0,IT1
68_365_DF_DCCV_VIAGGI_7,1.0,Viaggi di piacere/svago per tipo di luogo e destinazione principale. Dati per 100 viaggi nella stessa destinazione - Livello Nazionale,Holiday trips for pleasure/leisure by type of destination-share per 100 trips with the same destination - National Data,DCCV_VIAGGI,1.0,IT1
68_365_DF_DCCV_VIAGGI_8,1.0,Viaggi di lavoro per motivo prevalente. Dati assoluti (in migliaia) - Livello Nazionale,Business trips by main purpose. Absolute values (in thousands) - National Data,DCCV_VIAGGI,1.0,IT1
68_365_DF_DCCV_VIAGGI_9,1.0,Viaggi di lavoro per motivo prevalente. Dati percentuali sul totale dei viaggi di lavoro - Livello Nazionale,Business trips by main purpose. Percentage values on business trips - National Data,DCCV_VIAGGI,1.0,IT1
68_370,1.0,Persone che non hanno viaggiato per vacanza (dati trimestrali),Persons not participating in holidays (quarterly data),DCCV_NON_TURISTI,1.0,IT1
68_370_DF_DCCV_NON_TURISTI_1,1.0,Persone che non hanno viaggiato per vacanza per motivo prevalente e trimestre. Dati assoluti (in migliaia) - Livello nazionale,Persons not participating in holidays by main reason and quarter. Absolute values (in thousands) - National Data,DCCV_NON_TURISTI,1.0,IT1
68_370_DF_DCCV_NON_TURISTI_2,1.0,Persone che non hanno viaggiato per vacanza per motivo prevalente e trimestre. Dati percentuali - Livello nazionale,Persons not participating in holidays by main reason and quarter.-Percentage compositions - National Data,DCCV_NON_TURISTI,1.0,IT1
68_370_DF_DCCV_NON_TURISTI_3,1.0,Motivo prevalente,Main reasons,DCCV_NON_TURISTI,1.0,IT1
68_371,1.0,Persone che hanno viaggiato (dati trimestrali),Persons who made trips (quarterly data),DCCV_TURISTI,1.0,IT1
68_371_DF_DCCV_TURISTI_1,1.0,"Persone che hanno viaggiato per tipologia del viaggio, destinazione e trimestre. Dati assoluti (in migliaia) - Livello Nazionale","Persons who made trips by type of trip, destination and quarter. Absolute values (in thousands) - National Data",DCCV_TURISTI,1.0,IT1
68_371_DF_DCCV_TURISTI_10,1.0,Occupati di 15 anni e più che hanno viaggiato per lavoro per trimestre. Dati assoluti (in migliaia) - Livello ripartizionale,Employed aged 15 and over who made business trips by quarter. Absolute values (in thousands) - Sub National Data,DCCV_TURISTI,1.0,IT1
68_371_DF_DCCV_TURISTI_11,1.0,Occupati di 15 anni e più che hanno viaggiato per lavoro per sesso e trimestre. Dati per 100 abitanti con le stesse caratteristiche - Livello Nazionale,Employed aged 15 and over who made business trips by gender and quarter. Share per 100 inhabitans with the same characteristics - National Data,DCCV_TURISTI,1.0,IT1
68_371_DF_DCCV_TURISTI_12,1.0,Occupati di 15 anni e più che hanno viaggiato per lavoro per trimestre. Dati per 100 abitanti con le stesse caratteristiche - Livello ripartizionale,Employed aged 15 and over who made business trips by quarter. Share per 100 inhabitans with the same characteristics- Sub National Data,DCCV_TURISTI,1.0,IT1
68_371_DF_DCCV_TURISTI_13,1.0,"Persone di 15 anni e più che hanno viaggiato per tipologia del viaggio, condizione professionale e trimestre. Dati assoluti (in migliaia) - Livello Nazionale","Persons aged 15 and over who made trips by type of trip, employment situation and quarter. Absolute values (in thousands) - National Data",DCCV_TURISTI,1.0,IT1
68_371_DF_DCCV_TURISTI_14,1.0,"Persone di 15 anni e più che hanno viaggiato per tipologia del viaggio, condizione professionale e trimestre. Dati per 100 abitanti con le stesse caratteristiche - Livello Nazionale","Persons aged 15 and over who made trips by type of trip, employment situation and quarter. Share per 100 inhabitants with the same characteristics - National Data",DCCV_TURISTI,1.0,IT1
68_371_DF_DCCV_TURISTI_15,1.0,Persone che hanno viaggiato. Media annuale. Dati per 100 abitanti - Livello ripartizionale,Persons who made trips. Average value of the 4 quarters. Share per 100 inhabitants - Sub National Data,DCCV_TURISTI,1.0,IT1
68_371_DF_DCCV_TURISTI_16,1.0,Persone di 15 anni e più occupate che hanno viaggiato per lavoro. Media annuale. Dati assoluti (in migliaia) - Livello ripartizionale,Employed aged 15 and over who made business trips. Average value of the 4 quarters. Absolute values (in thousands) - Sub National Data,DCCV_TURISTI,1.0,IT1
68_371_DF_DCCV_TURISTI_17,1.0,Persone di 15 anni e più occupate che hanno viaggiato per lavoro. Media annuale. Dati per 100 abitanti con le stesse caratteristiche - Livello ripartizionale,Employed aged 15 and over who made business trips. Average value of the 4 quarters. Share per 100 inhabitans with the same characteristics - Sub National Data,DCCV_TURISTI,1.0,IT1
68_371_DF_DCCV_TURISTI_18,1.0,Tipologia del viaggio e destinazione,Type of trip and destination,DCCV_TURISTI,1.0,IT1
68_371_DF_DCCV_TURISTI_19,1.0,Tipologia del viaggio e sesso,Type of trip and gender,DCCV_TURISTI,1.0,IT1
68_371_DF_DCCV_TURISTI_2,1.0,"Persone che hanno viaggiato per tipologia del viaggio, sesso e trimestre. Dati assoluti (in migliaia) - Livello Nazionale","Persons who made trips by type of trip, gender and quarter. Absolute values (in thousands) - National Data",DCCV_TURISTI,1.0,IT1
68_371_DF_DCCV_TURISTI_20,1.0,Tipologia del viaggio e classe di età,Type of trip and age group,DCCV_TURISTI,1.0,IT1
68_371_DF_DCCV_TURISTI_21,1.0,Tipologia del viaggio e condizione professionale,Type of trip and employment situation,DCCV_TURISTI,1.0,IT1
68_371_DF_DCCV_TURISTI_22,1.0,Livello ripartizionale,Sub National Data,DCCV_TURISTI,1.0,IT1
68_371_DF_DCCV_TURISTI_23,1.0,Valori medi,Average value,DCCV_TURISTI,1.0,IT1
68_371_DF_DCCV_TURISTI_24,1.0,Sesso,Gender,DCCV_TURISTI,1.0,IT1
68_371_DF_DCCV_TURISTI_25,1.0,Livello ripartizionale,Sub National Data,DCCV_TURISTI,1.0,IT1
68_371_DF_DCCV_TURISTI_26,1.0,Valori medi,Average values,DCCV_TURISTI,1.0,IT1
68_371_DF_DCCV_TURISTI_3,1.0,"Persone che hanno viaggiato per tipologia del viaggio, classe di età e trimestre. Dati assoluti (in migliaia) - Livello Nazionale","Persons who made trips by type of trip, age group and quarter. Absolute values (in thousands) - National Data",DCCV_TURISTI,1.0,IT1
68_371_DF_DCCV_TURISTI_4,1.0,Persone che hanno viaggiato per tipologia del viaggio e trimestre. Dati assoluti (in migliaia) - Livello ripartizionale,Persons who made trips by type of trip and quarter. Absolute values (in thousands) - Sub National Data,DCCV_TURISTI,1.0,IT1
68_371_DF_DCCV_TURISTI_5,1.0,"Persone che hanno viaggiato per tipologia del viaggio, destinazione e trimestre. Dati per 100 abitanti - Livello nazionale","Persons who made trips by type of trip, destination and quarter. Share per 100 inhabitants - National Data",DCCV_TURISTI,1.0,IT1
68_371_DF_DCCV_TURISTI_6,1.0,Persone che hanno viaggiato per tipologia del viaggio e trimestre - Dati per 100 abitanti - Livello ripartizionale,Persons who made trips by type of trip and quarter. Share per 100 inhabitants - Sub National Data,DCCV_TURISTI,1.0,IT1
68_371_DF_DCCV_TURISTI_7,1.0,"Persone che hanno viaggiato per tipologia del viaggio, sesso e trimestre. Dati per 100 abitanti con le stesse caratteristiche - Livello Nazionale","Persons who made trips by type of trip, gender and quarter. Share per 100 inhabitants with the same characteristics - National Data",DCCV_TURISTI,1.0,IT1
68_371_DF_DCCV_TURISTI_8,1.0,"Persone che hanno viaggiato per tipologia del viaggio, classe di età e trimestre. Dati per 100 abitanti con le stesse caratteristiche - Livello Nazionale","Persons who made trips by type of trip, age group and quarter. Share per 100 inhabitants with the same characteristics - National Data",DCCV_TURISTI,1.0,IT1
68_371_DF_DCCV_TURISTI_9,1.0,Occupati di 15 anni e più che hanno viaggiato per lavoro per sesso e trimestre. Dati assoluti (in migliaia) - Livello Nazionale,Employed aged 15 and over who made business trips by gender and quarter. Absolute values (in thousands) - National Data,DCCV_TURISTI,1.0,IT1
68_380,1.0,Viaggi per caratteristiche del viaggio,Trips by characteristics of the trip,DCCV_VIAGGI_CHARACT,1.0,IT1
68_380_DF_DCCV_VIAGGI_CHARACT_1,1.0,"Viaggi per trimestre, destinazione principale e tipologia del viaggio. Dati assoluti (in migliaia) - Livello Nazionale","Trips by quarter, main destination and type of trip. Absolute values (in thousands) - National Data",DCCV_VIAGGI_CHARACT,1.0,IT1
68_380_DF_DCCV_VIAGGI_CHARACT_10,1.0,Viaggi di vacanza e di lavoro per destinazione principale e alloggio prevalente. Dati assoluti (in migliaia) - Livello Nazionale,Holidays and Business Trips by main destination and main accomodation. Absolute values (in thousands) - National Data,DCCV_VIAGGI_CHARACT,1.0,IT1
68_380_DF_DCCV_VIAGGI_CHARACT_11,1.0,Viaggi per trimestre e tipologia del viaggio. Dati percentuali sul totale dei viaggi effettuati nello stesso periodo- Livello Nazionale,Trips by quarter and type of trip. Percentage values on trips made during the reporting period - National Data,DCCV_VIAGGI_CHARACT,1.0,IT1
68_380_DF_DCCV_VIAGGI_CHARACT_12,1.0,Viaggi per destinazione principale e organizzazione. Dati percentuali sul totale dei viaggi con la stessa destinazione - Livello Nazionale,Trips by main destination and organization. Percentage values on trips with the same destination - National Data,DCCV_VIAGGI_CHARACT,1.0,IT1
68_380_DF_DCCV_VIAGGI_CHARACT_13,1.0,"Viaggi per anno, mese di inizio e tipologia del viaggio. Dati percentuali sul totale dei viaggi dello stesso tipo - Livello Nazionale","Trips by starting year, month and type of trip. Percentage values on trips of the same type - National Data",DCCV_VIAGGI_CHARACT,1.0,IT1
68_380_DF_DCCV_VIAGGI_CHARACT_14,1.0,Viaggi per destinazione principale e tipologia del viaggio. Dati percentuali sul totale dei viaggi dello stesso tipo - Livello Nazionale,Trips by main destination and type of trip. Percentage values on trips of the same type - National Data,DCCV_VIAGGI_CHARACT,1.0,IT1
68_380_DF_DCCV_VIAGGI_CHARACT_15,1.0,Viaggi per organizzazione dell'alloggio e tipologia del viaggio. Dati percentuali sul totale dei viaggi dello stesso tipo - Livello Nazionale,Trips by organization of accomodation and type of trip. Percentage values on trips of the same type - National Data,DCCV_VIAGGI_CHARACT,1.0,IT1
68_380_DF_DCCV_VIAGGI_CHARACT_16,1.0,Viaggi per organizzazione del trasporto e tipologia del viaggio. Dati percentuali sul totale dei viaggi dello stesso tipo - Livello Nazionale,Trips by organization of transport and type of trip. Percentage values on trips of the same type - National Data,DCCV_VIAGGI_CHARACT,1.0,IT1
68_380_DF_DCCV_VIAGGI_CHARACT_17,1.0,Viaggi con prenotazione tramite internet per tipologia del viaggio. Dati percentuali sul totale dei viaggi dello stesso tipo - Livello Nazionale,Trips with accommodation and transport booked via Internet by type of trip. Percentage values on trips of the same type - National Data,DCCV_VIAGGI_CHARACT,1.0,IT1
68_380_DF_DCCV_VIAGGI_CHARACT_18,1.0,"Viaggi per destinazione principale, organizzazione e tipologia del viaggio. Dati percentuali sul totale dei viaggi dello stesso tipo e con la stessa destinazione - Livello Nazionale","Trips by main destination, organization and type of trip. Percentage values on trips of the same type and with the same destination - National Data",DCCV_VIAGGI_CHARACT,1.0,IT1
68_380_DF_DCCV_VIAGGI_CHARACT_19,1.0,"Viaggi di vacanza e di lavoro per destinazione principale, principale mezzo di trasporto. Dati percentuali sul totale dei viaggi dello stesso tipo e con la stessa destinazione - Livello Nazionale",Holidays and Business Trips by main destination and main means of transport. Percentage values on trips of the same type and with the same destination - National Data,DCCV_VIAGGI_CHARACT,1.0,IT1
68_380_DF_DCCV_VIAGGI_CHARACT_2,1.0,"Viaggi per anno, mese di inizio e tipologia del viaggio. Dati assoluti (in migliaia) - Livello Nazionale","Trips by starting year, month and type of trip. Absolute values (in thousands) - National Data",DCCV_VIAGGI_CHARACT,1.0,IT1
68_380_DF_DCCV_VIAGGI_CHARACT_20,1.0,Viaggi di vacanza e di lavoro per destinazione principale e alloggio prevalente. Dati percentuali sul totale dei viaggi dello stesso tipo e con la stessa destinazione - Livello Nazionale,Holidays and Business Trips by main destination and main accomodation. Percentage values on trips of the same type and with the same destination - National Data,DCCV_VIAGGI_CHARACT,1.0,IT1
68_380_DF_DCCV_VIAGGI_CHARACT_21,1.0,Viaggi all'estero per paese di destinazione e tipologia del viaggio. Dati assoluti (in migliaia) - Livello Nazionale,Trips abroad by country of destination and type of trip. Absolute values (in thousands) - National Data,DCCV_VIAGGI_CHARACT,1.0,IT1
68_380_DF_DCCV_VIAGGI_CHARACT_22,1.0,Viaggi all'estero per paese di destinazione e tipologia del viaggio.. Dati percentuali sul totale dei viaggi all'estero dello stesso tipo - Livello Nazionale,Trips abroad by country of destination and type of trip. Percentage values on trips abroad of the same type - National Data,DCCV_VIAGGI_CHARACT,1.0,IT1
68_380_DF_DCCV_VIAGGI_CHARACT_23,1.0,Viaggi in Italia per regione di destinazione e tipologia del viaggio. Dati assoluti (in migliaia) - Livello Nazionale,Trips in Italy by region of destination and type of trip. Absolute values (in thousands) - National Data,DCCV_VIAGGI_CHARACT,1.0,IT1
68_380_DF_DCCV_VIAGGI_CHARACT_24,1.0,Viaggi in Italia per regione di destinazione e tipologia del viaggio. Dati percentuali sul totale dei viaggi in Italia dello stesso tipo - Livello Nazionale,Trips abroad by region of destination and type of trip. Percentage values on trips in Italy of the same type - National Data,DCCV_VIAGGI_CHARACT,1.0,IT1
68_380_DF_DCCV_VIAGGI_CHARACT_25,1.0,Viaggi medi procapite per ripartizione geografica,Average trip per capita by geographical area,DCCV_VIAGGI_CHARACT,1.0,IT1
68_380_DF_DCCV_VIAGGI_CHARACT_3,1.0,Viaggi per destinazione principale e tipologia del viaggio. Dati assoluti (in migliaia) - Livello Nazionale,Trips by main destination and type of trip. Absolute values (in thousands) - National Data,DCCV_VIAGGI_CHARACT,1.0,IT1
68_380_DF_DCCV_VIAGGI_CHARACT_4,1.0,"Viaggi per destinazione principale, organizzazione e tipologia del viaggio. Dati assoluti (in migliaia) - Livello Nazionale","Trips by main destination, organization and type of trip. Absolute values (in thousands) - National Data",DCCV_VIAGGI_CHARACT,1.0,IT1
68_380_DF_DCCV_VIAGGI_CHARACT_5,1.0,Viaggi per destinazione principale e organizzazione. Dati assoluti (in migliaia) - Livello Nazionale,Trips by main destination and organization. Absolute values (in thousands) - National Data,DCCV_VIAGGI_CHARACT,1.0,IT1
68_380_DF_DCCV_VIAGGI_CHARACT_6,1.0,Viaggi per organizzazione dell'alloggio e tipologia del viaggio. Dati assoluti (in migliaia) - Livello Nazionale,Trips by organization of accomodation and type of trip. Absolute values (in thousands) - National Data,DCCV_VIAGGI_CHARACT,1.0,IT1
68_380_DF_DCCV_VIAGGI_CHARACT_7,1.0,Viaggi per organizzazione del trasporto e tipologia del viaggio. Dati assoluti (in migliaia) - Livello Nazionale,Trips by organization of transport and type of trip. Absolute values (in thousands) - National Data,DCCV_VIAGGI_CHARACT,1.0,IT1
68_380_DF_DCCV_VIAGGI_CHARACT_8,1.0,Viaggi con prenotazione tramite internet per tipologia del viaggio. Dati assoluti (in migliaia) - Livello Nazionale,Trips with accommodation and transport booked via Internet by type of trip. Absolute values (in thousands) - National Data,DCCV_VIAGGI_CHARACT,1.0,IT1
68_380_DF_DCCV_VIAGGI_CHARACT_9,1.0,"Viaggi di vacanza e di lavoro per destinazione principale, principale mezzo di trasporto. Dati assoluti (in migliaia) - Livello Nazionale",Holidays and Business Trips by main destination and main means of transport. Absolute values (in thousands) - National Data,DCCV_VIAGGI_CHARACT,1.0,IT1
68_381,1.0,Pernottamenti in viaggio,Overnight stays for trips,DCCV_TURNOT,1.0,IT1
68_381_DF_DCCV_TURNOT_1,1.0,"Notti per trimestre, destinazione principale e tipologia del viaggio. Dati assoluti (in migliaia) - Livello Nazionale","Overnight stays for trips by quarter, main destination and type of trip. Absolute values (in thousands) - National Data",DCCV_TURNOT,1.0,IT1
68_381_DF_DCCV_TURNOT_10,1.0,Notti per destinazione e tipologia del viaggio. Dati percentuali sul totale delle notti in viaggi dello stesso tipo - Livello Nazionale,Overnight stays for main destination and type of trip. Percentage values on overnight stays for trips of the same type - National Data,DCCV_TURNOT,1.0,IT1
68_381_DF_DCCV_TURNOT_11,1.0,"Notti per destinazione principale, alloggio prevalente e tipologia del viaggio. Dati percentuali sul totale delle notti in viaggio dello stesso tipo e con la stessa destinazione - Livello Nazionale","Overnight stays for trips by main destination, main type of accommodation and type of trip. Percentage values on overnight stays for trips of the same type and with the same destination - National Data",DCCV_TURNOT,1.0,IT1
68_381_DF_DCCV_TURNOT_12,1.0,Notti per destinazione e tipologia del viaggio. Dati percentuali sul totale delle notti in viaggio dello stesso tipo e con la stessa destinazione - Livello Ripartizionale,Overnight stays for main destination and type of trip. Percentage values on overnight stays for trips of the same type and with the same destination - Sub National Data,DCCV_TURNOT,1.0,IT1
68_381_DF_DCCV_TURNOT_13,1.0,Notti per destinazione e tipologia del viaggio. Dati percentuali sul totale delle notti in viaggio dello stesso tipo e con la stessa area geografica di provenienza della persona che ha viaggiato - Livello Ripartizionale,Overnight stays for main destination and type of trip. Percentage values on overnight stays for trips of the same type and with the same origin of person who made trip - Sub National Data,DCCV_TURNOT,1.0,IT1
68_381_DF_DCCV_TURNOT_14,1.0,"Notti per sesso, classe di età della persona che ha viaggiato e tipologia del viaggio. Dati percentuali sul totale delle notti in viaggio dello stesso tipo effettuati da persone dello stesso sesso - Livello Nazionale","Overnight stays for trips by gender, age group and type of trip. Percentage values on overnight stays for trips of the same type made by people with the same sex - National Data",DCCV_TURNOT,1.0,IT1
68_381_DF_DCCV_TURNOT_15,1.0,Notti in Italia per regione di destinazione e tipologia del viaggio. Dati percentuali sul totale delle notti in viaggi in Italia dello stesso tipo - Livello Nazionale,Overnight stays in Italy by region of destination and type of trip. Percentage values on overnight stays for trips in Italy of the same type - National Data,DCCV_TURNOT,1.0,IT1
68_381_DF_DCCV_TURNOT_16,1.0,Notti all'estero per paese di destinazione e tipologia del viaggio. Dati percentuali sul totale delle notti in viaggi all'estero dello stesso tipo - Livello Nazionale,Overnight stays abroad by country of destination and type of trip. Percentage values on overnight stays for trips abroad of the same type - National Data,DCCV_TURNOT,1.0,IT1
68_381_DF_DCCV_TURNOT_17,1.0,Notti delle persone di 15 anni e più per condizione e posizione nella professione della persona che ha viaggiato e tipologia del viaggio. Dati percentuali sul totale delle notti in viaggi dello stesso tipo - Livello Nazionale,Overnight stays for trips made by residend aged 15 and over by employment status and type of trip. Percentage values on overnight stays for trips of the same type - National Data,DCCV_TURNOT,1.0,IT1
68_381_DF_DCCV_TURNOT_18,1.0,"Durata media del viaggio per trimestre, destinazione principale e tipologia del viaggio - Livello Nazionale","Average number of overnight stays for trips by quarter, main destination and type of trip - National Data",DCCV_TURNOT,1.0,IT1
68_381_DF_DCCV_TURNOT_19,1.0,Presenze turistiche medie giornaliere di vacanza in Italia per ripartizione geografica di destinazione e trimestre. Dati per 1000 residenti - Livello Nazionale,Average daily presence (overnight stays) of holiday. Share per 1000 inhabitants - National Data,DCCV_TURNOT,1.0,IT1
68_381_DF_DCCV_TURNOT_2,1.0,"Notti per destinazione principale, alloggio prevalente e tipologia del viaggio. Dati assoluti (in migliaia) - Livello Nazionale","Overnight stays for trips by main destination, main type of accommodation and type of trip. Absolute values (in thousands) - National Data",DCCV_TURNOT,1.0,IT1
68_381_DF_DCCV_TURNOT_3,1.0,Notti per destinazione e tipologia del viaggio. Dati assoluti (in migliaia) - Livello Nazionale,Overnight stays for main destination and type of trip. Absolute values (in thousands) - National Data,DCCV_TURNOT,1.0,IT1
68_381_DF_DCCV_TURNOT_4,1.0,"Notti per sesso, classe di età della persona che ha viaggiato e tipologia del viaggio. Dati assoluti (in migliaia) - Livello Nazionale","Overnight stays for trips by gender, age group and type of trip. Absolute values (in thousands) - National Data",DCCV_TURNOT,1.0,IT1
68_381_DF_DCCV_TURNOT_5,1.0,Notti per destinazione e tipologia del viaggio. Dati assoluti (in migliaia) - Livello Ripartizionale,Overnight stays for main destination and type of trip. Absolute values (in thousands) - Sub National Data,DCCV_TURNOT,1.0,IT1
68_381_DF_DCCV_TURNOT_6,1.0,Notti in Italia per regione di destinazione e tipologia del viaggio. Dati assoluti (in migliaia) - Livello Nazionale,Overnight stays in Italy by region of destination and type of trip. Absolute values (in thousands) - National Data,DCCV_TURNOT,1.0,IT1
68_381_DF_DCCV_TURNOT_7,1.0,Notti all'estero per paese di destinazione e tipologia del viaggio. Dati assoluti (in migliaia) - Livello Nazionale,Overnight stays abroad by country of destination and type of trip. Absolute values (in thousands) - National Data,DCCV_TURNOT,1.0,IT1
68_381_DF_DCCV_TURNOT_8,1.0,Notti delle persone di 15 anni e più per condizione e posizione nella professione della persona che ha viaggiato e tipologia del viaggio. Dati assoluti (in migliaia),Overnight stays for trips made by residend aged 15 and over by employment status and type of trip. Absolute values (in thousands) - National Data,DCCV_TURNOT,1.0,IT1
68_381_DF_DCCV_TURNOT_9,1.0,Notti di vacanza e lavoro per trimestre. Dati percentuali sul totale delle notti in viaggio - Livello Nazionale,Overnight stays for holiday and business trips by quarter. Percentage values on total overnight stays for trips - National Data,DCCV_TURNOT,1.0,IT1
68_697,1.0,Viaggi per motivo,Trips by purpose,DCCV_VIAGGI_CAPI,1.0,IT1
68_697_DF_DCCV_VIAGGI_CAPI_1,1.0,Vacanze,Holidays,DCCV_VIAGGI_CAPI,1.0,IT1
68_697_DF_DCCV_VIAGGI_CAPI_2,1.0,Vacanze di 4 notti e più,Holiday trips of 4 or more overnight stays,DCCV_VIAGGI_CAPI,1.0,IT1
68_697_DF_DCCV_VIAGGI_CAPI_3,1.0,Vacanze di piacere/svago - dati annuali,Holiday trips for pleasure/leisure - annual data,DCCV_VIAGGI_CAPI,1.0,IT1
68_697_DF_DCCV_VIAGGI_CAPI_4,1.0,Vacanze di piacere/svago - dati trimestrali,Holiday trips for pleasure/leisure - quarterly data,DCCV_VIAGGI_CAPI,1.0,IT1
68_697_DF_DCCV_VIAGGI_CAPI_5,1.0,Vacanze di piacere/svago per luogo di destinazione,Holiday trips for pleasure/leisure by main destination,DCCV_VIAGGI_CAPI,1.0,IT1
68_697_DF_DCCV_VIAGGI_CAPI_6,1.0,Vacanze di piacere /svago per durata,Holiday trips for pleasure/leisure by lenght,DCCV_VIAGGI_CAPI,1.0,IT1
68_697_DF_DCCV_VIAGGI_CAPI_7,1.0,Viaggi di lavoro,Business trips,DCCV_VIAGGI_CAPI,1.0,IT1
68_698,1.0,Viaggi e loro caratteristiche,Trips and their characteristics,DCCV_VIAGGI_CHARACT_CAPI,1.0,IT1
68_698_DF_DCCV_VIAGGI_CHARACT_CAPI_1,1.0,Destinazione - dati trimestrali,Destination - quarterly data,DCCV_VIAGGI_CHARACT_CAPI,1.0,IT1
68_698_DF_DCCV_VIAGGI_CHARACT_CAPI_10,1.0,Regione di destinazione,Region of destination,DCCV_VIAGGI_CHARACT_CAPI,1.0,IT1
68_698_DF_DCCV_VIAGGI_CHARACT_CAPI_11,1.0,Paese estero di destinazione,Foreign country of destination,DCCV_VIAGGI_CHARACT_CAPI,1.0,IT1
68_698_DF_DCCV_VIAGGI_CHARACT_CAPI_12,1.0,Viaggi procapite,Trip per capital,DCCV_VIAGGI_CHARACT_CAPI,1.0,IT1
68_698_DF_DCCV_VIAGGI_CHARACT_CAPI_2,1.0,Alloggio e destinazione,Accomodation and destination,DCCV_VIAGGI_CHARACT_CAPI,1.0,IT1
68_698_DF_DCCV_VIAGGI_CHARACT_CAPI_3,1.0,Mezzo di trasporto e destinazione,Means of transport and destination,DCCV_VIAGGI_CHARACT_CAPI,1.0,IT1
68_698_DF_DCCV_VIAGGI_CHARACT_CAPI_4,1.0,Tipo di prenotazione e viaggio in Italia o all'estero (fino al 2018),Type of booking and trip in Italy or abroad (until 2018),DCCV_VIAGGI_CHARACT_CAPI,1.0,IT1
68_698_DF_DCCV_VIAGGI_CHARACT_CAPI_5,1.0,Tipo di prenotazione e destinazione (fino al 2018),Type of booking and destination (until 2018),DCCV_VIAGGI_CHARACT_CAPI,1.0,IT1
68_698_DF_DCCV_VIAGGI_CHARACT_CAPI_6,1.0,Prenotazione dell'alloggio,Accomodation booking,DCCV_VIAGGI_CHARACT_CAPI,1.0,IT1
68_698_DF_DCCV_VIAGGI_CHARACT_CAPI_7,1.0,Prenotazione del trasporto,Booking of the transport,DCCV_VIAGGI_CHARACT_CAPI,1.0,IT1
68_698_DF_DCCV_VIAGGI_CHARACT_CAPI_8,1.0,Prenotazione via internet,Internet booking,DCCV_VIAGGI_CHARACT_CAPI,1.0,IT1
68_698_DF_DCCV_VIAGGI_CHARACT_CAPI_9,1.0,Mese di inizio,Starting month,DCCV_VIAGGI_CHARACT_CAPI,1.0,IT1
68_699,1.0,Viaggi per caratteristiche del viaggiatore,Trips by characteristics of the tourist,DCCV_VIAGGI_RES_CAPI,1.0,IT1
68_699_DF_DCCV_VIAGGI_RES_CAPI_1,1.0,Sesso e classe di età,"Gender, age class",DCCV_VIAGGI_RES_CAPI,1.0,IT1
68_699_DF_DCCV_VIAGGI_RES_CAPI_2,1.0,Condizione professionale,Professional status,DCCV_VIAGGI_RES_CAPI,1.0,IT1
68_699_DF_DCCV_VIAGGI_RES_CAPI_3,1.0,Residenza e destinazione,Residence and destination,DCCV_VIAGGI_RES_CAPI,1.0,IT1
68_699_DF_DCCV_VIAGGI_RES_CAPI_4,1.0,Residenza e tipo di viaggio,Residence and type of trip,DCCV_VIAGGI_RES_CAPI,1.0,IT1
68_699_DF_DCCV_VIAGGI_RES_CAPI_5,1.0,Vacanze - residenza e tipo di alloggio,Holidays - residence and type of accommodation,DCCV_VIAGGI_RES_CAPI,1.0,IT1
68_699_DF_DCCV_VIAGGI_RES_CAPI_6,1.0,Vacanze - residenza e mezzo di trasporto,Holidays - residence and means of transport,DCCV_VIAGGI_RES_CAPI,1.0,IT1
68_702,1.0,Viaggi e pernottamenti - Serie ricostruite 1997-2013,Trips and overnightstays – Statistical back recalculation 1997-2013,DCCV_TUR_RIC_CAPI,1.0,IT1
68_702_DF_DCCV_TUR_RIC_CAPI_1,1.0,Dati trimestrali,Quarterly data,DCCV_TUR_RIC_CAPI,1.0,IT1
68_702_DF_DCCV_TUR_RIC_CAPI_2,1.0,Residenza - rip.,Residence - geographical area,DCCV_TUR_RIC_CAPI,1.0,IT1
6_1095_DF_DCCN_ISTITUZ_TNA1_B19_1,1.0,Reddito disponibile delle famiglie nelle regioni italiane - edizioni gennaio 2020 - dicembre 2023,Disposable income of the households in the italian regions - editions from January 2020 to December 2023,DCCN_ISTITUZ_TNA1_B19,1.0,IT1
6_20,1.0,Ricerca e Sviluppo,Research and Development,DCSP_RS,1.0,IT1
6_20_DF_DCSP_RS_1,1.0,Spesa (% sul Pil),Expenditure (% of GDP),DCSP_RS,1.0,IT1
6_20_DF_DCSP_RS_10,1.0,Addetti per titolo di studio,Personnel by qualification - ISCED,DCSP_RS,1.0,IT1
6_20_DF_DCSP_RS_11,1.0,Addetti per disciplina scientifica,Personnel by field of science,DCSP_RS,1.0,IT1
6_20_DF_DCSP_RS_12,1.0,Addetti delle imprese per settore economico (Ateco 2 cifre),Business personnel by economic activitiy (Nace 2 digit),DCSP_RS,1.0,IT1
6_20_DF_DCSP_RS_13,1.0,Addetti - reg.,Personnel - reg.,DCSP_RS,1.0,IT1
6_20_DF_DCSP_RS_14,1.0,Spesa delle imprese per settore utilizzatore,Business expenditure by user sector,DCSP_RS,1.0,IT1
6_20_DF_DCSP_RS_15,1.0,Spesa in R&S intra-muros delle imprese per controllo societario,In-house research and development expenditure of enterprises by corporate control,DCSP_RS,1.0,IT1
6_20_DF_DCSP_RS_2,1.0,Stanziamenti delle amministrazioni centrali e locali,Government budget appropiations or outlays for research and development,DCSP_RS,1.0,IT1
6_20_DF_DCSP_RS_3,1.0,Spesa per tipo di ricerca,Expenditure by type of R&D,DCSP_RS,1.0,IT1
6_20_DF_DCSP_RS_4,1.0,Spesa per fonte di finanziamento,Expenditure by source of funds,DCSP_RS,1.0,IT1
6_20_DF_DCSP_RS_5,1.0,Spesa per disciplina scientifica,Expenditure by field of science,DCSP_RS,1.0,IT1
6_20_DF_DCSP_RS_6,1.0,Spesa per tipo di costi sostenuti,Expenditure by type of costs,DCSP_RS,1.0,IT1
6_20_DF_DCSP_RS_7,1.0,Spesa - reg.,Expenditure - reg.,DCSP_RS,1.0,IT1
6_20_DF_DCSP_RS_8,1.0,Spesa delle imprese per classe di addetti,Business expenditure by size class of person employed,DCSP_RS,1.0,IT1
6_20_DF_DCSP_RS_9,1.0,Spesa delle imprese per settore economico (Ateco 2 cifre),Business expenditure by economic activity (Nace 2 digit),DCSP_RS,1.0,IT1
6_379_DF_DCCN_OCCTSEC2010_B19_1,1.0,Occupazione regionale - edizioni gennaio 2020 - dicembre 2023,Employment - regions - editions from January 2020 to December 2023,DCCN_OCCTSEC2010_B19,1.0,IT1
6_379_DF_DCCN_OCCTSEC2010_B19_2,1.0,Occupazione provinciale - edizioni gennaio 2020 - dicembre 2023,Employment - provinces - editions from January 2020 to December 2023,DCCN_OCCTSEC2010_B19,1.0,IT1
6_379_DF_DCCN_OCCTSEC2010_B19_3,1.0,Tasso di irregolarità - edizioni gennaio 2020 - dicembre 2023,Rate of undeclared work - editions from January 2020 to December 2023,DCCN_OCCTSEC2010_B19,1.0,IT1
6_379_DF_DCCN_OCCTSEC2010_B19_4,1.0,Popolazione media annua - edizioni gennaio 2020 - dicembre 2023,Annual average population - editions from January 2020 to December 2023,DCCN_OCCTSEC2010_B19,1.0,IT1
6_382_DF_DCCN_SQCT_B19_1,1.0,Sequenza dei conti - edizioni gennaio 2020 - dicembre 2023,Sequence of accounts - editions from January 2020 to December 2023,DCCN_SQCT_B19,1.0,IT1
6_39,1.0,ICT nelle imprese con almeno 10 addetti,ICT in companies with at least 10 persons employed,DCSP_ICT,1.0,IT1
6_39_DF_DCSP_ICT_1,1.0,Principali indicatori,Main indicators,DCSP_ICT,1.0,IT1
6_39_DF_DCSP_ICT_10,1.0,Intelligenza Artificiale,Artificial Intelligence,DCSP_ICT,1.0,IT1
6_39_DF_DCSP_ICT_11,1.0,Robotica e stampa 3d,Robotics and 3D printing,DCSP_ICT,1.0,IT1
6_39_DF_DCSP_ICT_12,1.0,"Tecnologie per l'organizzzazione interna, di filiera e internet delle cose","Technologies for internal organization, for supply chain, internet of things",DCSP_ICT,1.0,IT1
6_39_DF_DCSP_ICT_13,1.0,Sicurezza informatica,Security policy,DCSP_ICT,1.0,IT1
6_39_DF_DCSP_ICT_14,1.0,Competenze e formazione in ICT,Skills and training in ICT,DCSP_ICT,1.0,IT1
6_39_DF_DCSP_ICT_15,1.0,Indicatori Industria 4.0 - aree tecnologiche di acquisto,Industry 4.0 - technological areas of acquisitions,DCSP_ICT,1.0,IT1
6_39_DF_DCSP_ICT_16,1.0,Indicatori Industria 4.0 - fattori di digitalizzazione,Industry 4.0 - digitization factors,DCSP_ICT,1.0,IT1
6_39_DF_DCSP_ICT_17,1.0,Indicatori DESI,DESI indicators,DCSP_ICT,1.0,IT1
6_39_DF_DCSP_ICT_18,1.0,ICT nelle imprese - rip,ICT of the enterprise - rip,DCSP_ICT,1.0,IT1
6_39_DF_DCSP_ICT_19,1.0,ICT nelle imprese - reg,ICT of the enterprise - reg,DCSP_ICT,1.0,IT1
6_39_DF_DCSP_ICT_2,1.0,"Connessione e utilizzo di internet, sito web",Connection to the Internet and website,DCSP_ICT,1.0,IT1
6_39_DF_DCSP_ICT_20,1.0,ICT e ambiente,ICT and environment,DCSP_ICT,1.0,IT1
6_39_DF_DCSP_ICT_3,1.0,Social media,Social media,DCSP_ICT,1.0,IT1
6_39_DF_DCSP_ICT_4,1.0,Commercio elettronico,e-Commerce,DCSP_ICT,1.0,IT1
6_39_DF_DCSP_ICT_5,1.0,Vendite on-line,On-line sale,DCSP_ICT,1.0,IT1
6_39_DF_DCSP_ICT_6,1.0,Acquisti on-line,On-line purchase,DCSP_ICT,1.0,IT1
6_39_DF_DCSP_ICT_7,1.0,Fatturazione elettronica,e-Invoicing,DCSP_ICT,1.0,IT1
6_39_DF_DCSP_ICT_8,1.0,Cloud Computing,Cloud Computing,DCSP_ICT,1.0,IT1
6_39_DF_DCSP_ICT_9,1.0,Analisi di dati e Big Data,Data analysis and Big Data,DCSP_ICT,1.0,IT1
6_471,1.0,Innovazione nelle imprese con almeno 10 addetti,Innovation in companies with at least 10 persons employed,DCSP_LACIS,1.0,IT1
6_471_DF_DCSP_LACIS_1,1.0,Innovazione nelle imprese con almeno 10 addetti - Principali dati,Innovation in companies with at least 10 persons employed - Key data,DCSP_LACIS,1.0,IT1
6_471_DF_DCSP_LACIS_10,1.0,Mercato di riferimento e classe di addetti,Geographic market and size class of persons employed,DCSP_LACIS,1.0,IT1
6_471_DF_DCSP_LACIS_11,1.0,Mercato di riferimento e settori economici (Ateco 2 cifre),Geographic market and economic activities (Nace 2 digit),DCSP_LACIS,1.0,IT1
6_471_DF_DCSP_LACIS_12,1.0,Addetti laureati e classe di addetti,Employees with a tertiary degree and size class of persons employed,DCSP_LACIS,1.0,IT1
6_471_DF_DCSP_LACIS_13,1.0,Addetti laureati e settori economici (Ateco 2 cifre),Employees with a tertiary degree and economic activities (Nace 2 digit),DCSP_LACIS,1.0,IT1
6_471_DF_DCSP_LACIS_14,1.0,Implementazione dell'attività innovativa di prodotto e/o processo e classe di addetti,Status of product and/or process innovative activity and size class of persons employed copy,DCSP_LACIS,1.0,IT1
6_471_DF_DCSP_LACIS_15,1.0,Implementazione dell'attività innovativa di prodotto e/o processo e settori economici (Ateco 2 cifre),Status of product and/or process innovative activity and economic activities (Nace 2 digit),DCSP_LACIS,1.0,IT1
6_471_DF_DCSP_LACIS_16,1.0,Tipo di finanziamento e classe di addetti,Type of financial support and size class of persons employed,DCSP_LACIS,1.0,IT1
6_471_DF_DCSP_LACIS_17,1.0,Tipo di finaziamento e settori economici (Ateco 2 cifre),Type of finacial support and economic activities (Nace 2 digit),DCSP_LACIS,1.0,IT1
6_471_DF_DCSP_LACIS_18,1.0,Tipo di innovazione di prodotto/processo introdotta e classe di addetti,Type of product/process innovation and size class of persons employed,DCSP_LACIS,1.0,IT1
6_471_DF_DCSP_LACIS_19,1.0,Tipo di innovazione di prodotto/processo introdotta e settori economici (Ateco 2 cifre),Type of product/process innovation and economic activities (Nace 2 digit),DCSP_LACIS,1.0,IT1
6_471_DF_DCSP_LACIS_2,1.0,Tipo di attività innovativa e classe di addetti,Type of innovative activity and size class of persons employed,DCSP_LACIS,1.0,IT1
6_471_DF_DCSP_LACIS_20,1.0,Metodi di sviluppo dell'innovazione di prodotto/processo e classe di addetti,Methods of developing and size class of persons employed,DCSP_LACIS,1.0,IT1
6_471_DF_DCSP_LACIS_21,1.0,Metodi di sviluppo dell'innovazione di prodotto/processo e settori economici (Ateco 2 cifre),Methods of developing and economic activities (Nace 2 digit),DCSP_LACIS,1.0,IT1
6_471_DF_DCSP_LACIS_22,1.0,Fatturato derivante da nuovi prodotti e classe di addetti,Turnover from new products and size class of persons employed,DCSP_LACIS,1.0,IT1
6_471_DF_DCSP_LACIS_23,1.0,Fatturato derivante da nuovi prodotti e settori economici (Ateco 2 cifre),Turnover from new peoducts and economic activities (Nace 2 digit),DCSP_LACIS,1.0,IT1
6_471_DF_DCSP_LACIS_24,1.0,Tipo di spesa per l'innovazione e classe di addetti,Type of innovation expenditure and size class of persons employed,DCSP_LACIS,1.0,IT1
6_471_DF_DCSP_LACIS_25,1.0,Tipo di spesa per l'innovazione e settori economici (Ateco 2 cifre),Type of innovation expenditure and economic activities (Nace 2 digit),DCSP_LACIS,1.0,IT1
6_471_DF_DCSP_LACIS_26,1.0,Localizzazione del partner della cooperazione e classe di addetti,Localization of cooperation partner and size class of persons employed,DCSP_LACIS,1.0,IT1
6_471_DF_DCSP_LACIS_27,1.0,Localizzazione del partner della cooperazione e settori economici (Ateco 2 cifre),Localization of cooperation partner and economic activities (Nace 2 digit),DCSP_LACIS,1.0,IT1
6_471_DF_DCSP_LACIS_28,1.0,Tipo di partner della cooperazione e classe di addetti,Type of cooperation partner and size class of persons employed,DCSP_LACIS,1.0,IT1
6_471_DF_DCSP_LACIS_29,1.0,Tipo di partner della cooperazione e settori economici (Ateco 2 cifre),Type of cooperation partner and economic activities (Nace 2 digit),DCSP_LACIS,1.0,IT1
6_471_DF_DCSP_LACIS_3,1.0,Tipo di attività innovativa e settori economici (Ateco 2 cifre),Type of innovative activity and economic activities (Nace 2 digit),DCSP_LACIS,1.0,IT1
6_471_DF_DCSP_LACIS_30,1.0,Dati regionali,Regional data,DCSP_LACIS,1.0,IT1
6_471_DF_DCSP_LACIS_31,1.0,Approfondimenti sui dati regionali,Detailed regional data,DCSP_LACIS,1.0,IT1
6_471_DF_DCSP_LACIS_32,1.0,Strategie aziendali e classe di addetti,Enterprise strategies and employees class,DCSP_LACIS,1.0,IT1
6_471_DF_DCSP_LACIS_33,1.0,Strategie aziendali e settori economici (Ateco 2 cifre),Enterprise strategies and economic sector (Nace 2 digit),DCSP_LACIS,1.0,IT1
6_471_DF_DCSP_LACIS_34,1.0,Tipi di prodotti e servizi venduti e classe di addetti,Types of sold products and services and employees class,DCSP_LACIS,1.0,IT1
6_471_DF_DCSP_LACIS_35,1.0,Tipi di prodotti e servizi venduti e settori economici (Ateco 2 cifre),Types of sold products and services and economic sector (Nace 2 digit),DCSP_LACIS,1.0,IT1
6_471_DF_DCSP_LACIS_36,1.0,Forme di tutela della proprietà industriale e classe di addetti,Types of intellectual property protection and employees class,DCSP_LACIS,1.0,IT1
6_471_DF_DCSP_LACIS_37,1.0,Forme di tutela della proprietà industriale e settori economici (Ateco 2 cifre),Types of intellectual property protection and economic sector (Nace 2 digit),DCSP_LACIS,1.0,IT1
6_471_DF_DCSP_LACIS_38,1.0,"Tecnologia, servizi tecnici e conoscenze acquisite e classe di addetti","Acquisition of machinery, technical services and knowledge and employees class",DCSP_LACIS,1.0,IT1
6_471_DF_DCSP_LACIS_39,1.0,"Tecnologia, servizi tecnici e conoscenze acquisite e settori economici (Ateco 2 cifre)","Acquisition of machinery, technical services and knowledge and economic sector (Nace 2 digit)",DCSP_LACIS,1.0,IT1
6_471_DF_DCSP_LACIS_4,1.0,Età dell'impresa e classe di addetti,Age of enterprise and employees class,DCSP_LACIS,1.0,IT1
6_471_DF_DCSP_LACIS_40,1.0,Pratiche di organizzazione del lavoro e classe di addetti,Methods of organising work by level of importance and employees class,DCSP_LACIS,1.0,IT1
6_471_DF_DCSP_LACIS_41,1.0,Pratiche di organizzazione del lavoro e settori economici (Ateco 2 cifre),Methods of organising work by level of importance and economic sector (Nace 2 digit),DCSP_LACIS,1.0,IT1
6_471_DF_DCSP_LACIS_5,1.0,Età dell'impresa e classe di addetti e settori economici (Ateco 2 digit),Age of enterprise and employees class and economic sector (Nace 2 digit),DCSP_LACIS,1.0,IT1
6_471_DF_DCSP_LACIS_6,1.0,Impatto degli interventi legislativo-normativi e settori economici (Ateco 2 digit),Impact of legislation and economic sector (Nace 2 digit),DCSP_LACIS,1.0,IT1
6_471_DF_DCSP_LACIS_67,1.0,Benefici ambientali (Ateco 2 cifre),Eniviromental benefits (Nace 2 digit),DCSP_LACIS,1.0,IT1
6_471_DF_DCSP_LACIS_68,1.0,Benefici ambientali e classe di addetti,Enviroment benefits and employees class,DCSP_LACIS,1.0,IT1
6_471_DF_DCSP_LACIS_69,1.0,Fattori ambientali (Ateco 2 cifre),Eniviromental factors (Nace 2 digit),DCSP_LACIS,1.0,IT1
6_471_DF_DCSP_LACIS_7,1.0,Impatto degli interventi legislativo-normativi e classe di addetti,Impact of legislation and employees class,DCSP_LACIS,1.0,IT1
6_471_DF_DCSP_LACIS_70,1.0,Fattori ambientali e classe di addetti,Enviroment factors and employees class,DCSP_LACIS,1.0,IT1
6_471_DF_DCSP_LACIS_71,1.0,Conseguenze dell'emergenza sanitaria COVID-19 e classe di addetti,COVID-19 sanitary emergency impact and employees class,DCSP_LACIS,1.0,IT1
6_471_DF_DCSP_LACIS_72,1.0,Conseguenze dell'emergenza sanitaria COVID-19 (Ateco 2 cifre),COVID-19 sanitary emergency impact (Nace 2 digit),DCSP_LACIS,1.0,IT1
6_471_DF_DCSP_LACIS_73,1.0,Conseguenze dell'emergenza sanitaria COVID-19 su spese per innovazione e fatturato e classe di addetti,COVID-19 sanitary emergency impact on innovation expenditure and turnover and employees class,DCSP_LACIS,1.0,IT1
6_471_DF_DCSP_LACIS_74,1.0,Conseguenze dell'emergenza sanitaria COVID-19 su spese per innovazione e fatturato (Ateco 2 cifre),COVID-19 sanitary emergency impact on innovation expenditure anc turnover (Nace 2 digit),DCSP_LACIS,1.0,IT1
6_471_DF_DCSP_LACIS_75,1.0,Cambiamento climatico e classe di addetti,Climate change and employees class,DCSP_LACIS,1.0,IT1
6_471_DF_DCSP_LACIS_76,1.0,Cambiamento climatico (Ateco 2 cifre),Climate change (Nace 2 digit),DCSP_LACIS,1.0,IT1
6_471_DF_DCSP_LACIS_8,1.0,Fattori che hanno scoraggiato attività di innovazione e settori economici (Ateco 2 digit),Hampering factors of innovation and economic sector (Nace 2 digit),DCSP_LACIS,1.0,IT1
6_471_DF_DCSP_LACIS_9,1.0,Fattori che hanno scoraggiato attività di innovazione e classe di addetti,Hampering factors of innovation and employees class,DCSP_LACIS,1.0,IT1
6_471_TS,1.0,Innovazione nelle imprese con almeno 10 addetti - fino al 2020,Innovation in companies with at least 10 persons employed - until 2020,DCSP_LACIS,1.0,IT1
6_471_TS_DF_DCSP_LACIS_1,1.0,Innovazione nelle imprese con almeno 10 addetti - Serie storica - fino al 2020 - Principali dati,Innovation in companies with at least 10 persons employed - Time series - until 2020 - Key data,DCSP_LACIS,1.0,IT1
6_471_TS_DF_DCSP_LACIS_10,1.0,Mercato di riferimento e classe di addetti,Geographic market and size class of persons employed,DCSP_LACIS,1.0,IT1
6_471_TS_DF_DCSP_LACIS_11,1.0,Mercato di riferimento e settori economici (Ateco 2 cifre),Geographic market and economic activities (Nace 2 digit),DCSP_LACIS,1.0,IT1
6_471_TS_DF_DCSP_LACIS_12,1.0,Addetti laureati e classe di addetti,Employees with a tertiary degree and size class of persons employed,DCSP_LACIS,1.0,IT1
6_471_TS_DF_DCSP_LACIS_13,1.0,Addetti laureati e settori economici (Ateco 2 cifre),Employees with a tertiary degree and economic activities (Nace 2 digit),DCSP_LACIS,1.0,IT1
6_471_TS_DF_DCSP_LACIS_14,1.0,Implementazione dell'attività innovativa di prodotto e/o processo e classe di addetti,Status of product and/or process innovative activity and size class of persons employed copy,DCSP_LACIS,1.0,IT1
6_471_TS_DF_DCSP_LACIS_15,1.0,Implementazione dell'attività innovativa di prodotto e/o processo e settori economici (Ateco 2 cifre),Status of product and/or process innovative activity and economic activities (Nace 2 digit),DCSP_LACIS,1.0,IT1
6_471_TS_DF_DCSP_LACIS_16,1.0,Tipo di finanziamento e classe di addetti,Type of financial support and size class of persons employed,DCSP_LACIS,1.0,IT1
6_471_TS_DF_DCSP_LACIS_17,1.0,Tipo di finaziamento e settori economici (Ateco 2 cifre),Type of finacial support and economic activities (Nace 2 digit),DCSP_LACIS,1.0,IT1
6_471_TS_DF_DCSP_LACIS_18,1.0,Tipo di innovazione di prodotto/processo introdotta e classe di addetti,Type of product/process innovation and size class of persons employed,DCSP_LACIS,1.0,IT1
6_471_TS_DF_DCSP_LACIS_19,1.0,Tipo di innovazione di prodotto/processo introdotta e settori economici (Ateco 2 cifre),Type of product/process innovation and economic activities (Nace 2 digit),DCSP_LACIS,1.0,IT1
6_471_TS_DF_DCSP_LACIS_2,1.0,Tipo di attività innovativa e classe di addetti,Type of innovative activity and size class of persons employed,DCSP_LACIS,1.0,IT1
6_471_TS_DF_DCSP_LACIS_20,1.0,Metodi di sviluppo dell'innovazione di prodotto/processo e classe di addetti,Methods of developing and size class of persons employed,DCSP_LACIS,1.0,IT1
6_471_TS_DF_DCSP_LACIS_21,1.0,Metodi di sviluppo dell'innovazione di prodotto/processo e settori economici (Ateco 2 cifre),Methods of developing and economic activities (Nace 2 digit),DCSP_LACIS,1.0,IT1
6_471_TS_DF_DCSP_LACIS_22,1.0,Fatturato derivante da nuovi prodotti e classe di addetti,Turnover from new products and size class of persons employed,DCSP_LACIS,1.0,IT1
6_471_TS_DF_DCSP_LACIS_23,1.0,Fatturato derivante da nuovi prodotti e settori economici (Ateco 2 cifre),Turnover from new peoducts and economic activities (Nace 2 digit),DCSP_LACIS,1.0,IT1
6_471_TS_DF_DCSP_LACIS_24,1.0,Tipo di spesa per l'innovazione e classe di addetti,Type of innovation expenditure and size class of persons employed,DCSP_LACIS,1.0,IT1
6_471_TS_DF_DCSP_LACIS_25,1.0,Tipo di spesa per l'innovazione e settori economici (Ateco 2 cifre),Type of innovation expenditure and economic activities (Nace 2 digit),DCSP_LACIS,1.0,IT1
6_471_TS_DF_DCSP_LACIS_26,1.0,Localizzazione del partner della cooperazione e classe di addetti,Localization of cooperation partner and size class of persons employed,DCSP_LACIS,1.0,IT1
6_471_TS_DF_DCSP_LACIS_27,1.0,Localizzazione del partner della cooperazione e settori economici (Ateco 2 cifre),Localization of cooperation partner and economic activities (Nace 2 digit),DCSP_LACIS,1.0,IT1
6_471_TS_DF_DCSP_LACIS_28,1.0,Tipo di partner della cooperazione e classe di addetti,Type of cooperation partner and size class of persons employed,DCSP_LACIS,1.0,IT1
6_471_TS_DF_DCSP_LACIS_29,1.0,Tipo di partner della cooperazione e settori economici (Ateco 2 cifre),Type of cooperation partner and economic activities (Nace 2 digit),DCSP_LACIS,1.0,IT1
6_471_TS_DF_DCSP_LACIS_3,1.0,Tipo di attività innovativa e settori economici (Ateco 2 cifre),Type of innovative activity and economic activities (Nace 2 digit),DCSP_LACIS,1.0,IT1
6_471_TS_DF_DCSP_LACIS_30,1.0,Dati regionali,Regional data,DCSP_LACIS,1.0,IT1
6_471_TS_DF_DCSP_LACIS_31,1.0,Approfondimenti sui dati regionali,Detailed regional data,DCSP_LACIS,1.0,IT1
6_471_TS_DF_DCSP_LACIS_32,1.0,Strategie aziendali e classe di addetti,Enterprise strategies and employees class,DCSP_LACIS,1.0,IT1
6_471_TS_DF_DCSP_LACIS_33,1.0,Strategie aziendali e settori economici (Ateco 2 cifre),Enterprise strategies and economic sector (Nace 2 digit),DCSP_LACIS,1.0,IT1
6_471_TS_DF_DCSP_LACIS_34,1.0,Tipi di prodotti e servizi venduti e classe di addetti,Types of sold products and services and employees class,DCSP_LACIS,1.0,IT1
6_471_TS_DF_DCSP_LACIS_35,1.0,Tipi di prodotti e servizi venduti e settori economici (Ateco 2 cifre),Types of sold products and services and economic sector (Nace 2 digit),DCSP_LACIS,1.0,IT1
6_471_TS_DF_DCSP_LACIS_36,1.0,Forme di tutela della proprietà industriale e classe di addetti,Types of intellectual property protection and employees class,DCSP_LACIS,1.0,IT1
6_471_TS_DF_DCSP_LACIS_37,1.0,Forme di tutela della proprietà industriale e settori economici (Ateco 2 cifre),Types of intellectual property protection and economic sector (Nace 2 digit),DCSP_LACIS,1.0,IT1
6_471_TS_DF_DCSP_LACIS_38,1.0,"Tecnologia, servizi tecnici e conoscenze acquisite e classe di addetti","Acquisition of machinery, technical services and knowledge and employees class",DCSP_LACIS,1.0,IT1
6_471_TS_DF_DCSP_LACIS_39,1.0,"Tecnologia, servizi tecnici e conoscenze acquisite e settori economici (Ateco 2 cifre)","Acquisition of machinery, technical services and knowledge and economic sector (Nace 2 digit)",DCSP_LACIS,1.0,IT1
6_471_TS_DF_DCSP_LACIS_4,1.0,Età dell'impresa e classe di addetti,Age of enterprise and employees class,DCSP_LACIS,1.0,IT1
6_471_TS_DF_DCSP_LACIS_40,1.0,Pratiche di organizzazione del lavoro e classe di addetti,Methods of organising work by level of importance and employees class,DCSP_LACIS,1.0,IT1
6_471_TS_DF_DCSP_LACIS_41,1.0,Pratiche di organizzazione del lavoro e settori economici (Ateco 2 cifre),Methods of organising work by level of importance and economic sector (Nace 2 digit),DCSP_LACIS,1.0,IT1
6_471_TS_DF_DCSP_LACIS_5,1.0,Età dell'impresa e classe di addetti e settori economici (Ateco 2 digit),Age of enterprise and employees class and economic sector (Nace 2 digit),DCSP_LACIS,1.0,IT1
6_471_TS_DF_DCSP_LACIS_6,1.0,Impatto degli interventi legislativo-normativi e settori economici (Ateco 2 digit),Impact of legislation and economic sector (Nace 2 digit),DCSP_LACIS,1.0,IT1
6_471_TS_DF_DCSP_LACIS_7,1.0,Impatto degli interventi legislativo-normativi e classe di addetti,Impact of legislation and employees class,DCSP_LACIS,1.0,IT1
6_471_TS_DF_DCSP_LACIS_8,1.0,Fattori che hanno scoraggiato attività di innovazione e settori economici (Ateco 2 digit),Hampering factors of innovation and economic sector (Nace 2 digit),DCSP_LACIS,1.0,IT1
6_471_TS_DF_DCSP_LACIS_9,1.0,Fattori che hanno scoraggiato attività di innovazione e classe di addetti,Hampering factors of innovation and employees class,DCSP_LACIS,1.0,IT1
6_498_DF_DCCN_PILT_B19_1,1.0,Prodotto interno lordo lato produzione - edizioni gennaio 2020 - dicembre 2023,Gross domestic product supply side - editions from January 2020 to December 2023,DCCN_PILT_B19,1.0,IT1
6_64,1.0,Clima di fiducia delle imprese,Business confidence climate,DCSC_IESI,1.0,IT1
6_64_DF_DCSC_IESI_1,1.0,Clima di fiducia delle imprese - media pesata di indici in base 2010=100,Business confidence climate - weighted average of indexes 2010=100,DCSC_IESI,1.0,IT1
6_64_DF_DCSC_IESI_2,1.0,Clima di fiducia delle imprese - media pesata di indici in base 2021=100,Business confidence climate - weighted average of indexes 2021=100,DCSC_IESI,1.0,IT1
71_1028,1.0,Conti dei beni e servizi ambientali - classificazione CEP,Environmental goods and services accounts - CEP classification,DCCN_EGSS1,1.0,IT1
71_1028_DF_DCCN_EGSS1_1,1.0,"Produzione, valore aggiunto, esportazioni","Output, value added, exports",DCCN_EGSS1,1.0,IT1
71_1028_DF_DCCN_EGSS1_2,1.0,Investimenti per la mitigazione dei cambiamenti climatici,Investments for climate change mitigation,DCCN_EGSS1,1.0,IT1
71_1028_DF_DCCN_EGSS1_3,1.0,Occupazione (unità di lavoro),Employment (full time equivalent),DCCN_EGSS1,1.0,IT1
71_953,1.0,Spese per la protezione dell'ambiente - classificazione CEP,Environmental protection expenditure - CEP classification,DCCN_SPESAPROTAMB1,1.0,IT1
71_953_DF_DCCN_SPESAPROTAMB1_1,1.0,Spesa nazionale,National expenditure,DCCN_SPESAPROTAMB1,1.0,IT1
71_953_DF_DCCN_SPESAPROTAMB1_2,1.0,Aggregati economici per settore istituzionale,Economic aggregates by institutional sector,DCCN_SPESAPROTAMB1,1.0,IT1
71_953_DF_DCCN_SPESAPROTAMB1_3,1.0,Investimenti e produzione ausiliaria delle società come produttori ausiliari per attività economica,Gross fixed capital formation and ancillary output of corporations as ancillary producers by economic activity,DCCN_SPESAPROTAMB1,1.0,IT1
723_1036,1.0,Famiglie - condizione occupazionale,Households - labour status,DCCV_FAMCOND1,1.0,IT1
723_1036_DF_DCCV_FAMCOND1_1,1.0,"Presenza di occupati, pensionati, disoccupati","Presence of employed, retired and unemployed persons",DCCV_FAMCOND1,1.0,IT1
723_1036_DF_DCCV_FAMCOND1_2,1.0,Presenza di occupati e stranieri,Presence of employed persons and foreign members,DCCV_FAMCOND1,1.0,IT1
723_1036_DF_DCCV_FAMCOND1_3,1.0,Tipologia di occupazione,Type of employment,DCCV_FAMCOND1,1.0,IT1
723_1036_DF_DCCV_FAMCOND1_4,1.0,Dati regionali,Regional data,DCCV_FAMCOND1,1.0,IT1
723_1040,1.0,Individui per ruolo in famiglia - condizione occupazionale,Persons by role in household - labour status,DCCV_RUOLOFAMCOND,1.0,IT1
723_1040_DF_DCCV_RUOLOFAMCOND_1,1.0,"Occupati, disoccupati, inattivi per età","Employed, unemployed and inactive persons by age",DCCV_RUOLOFAMCOND,1.0,IT1
723_1040_DF_DCCV_RUOLOFAMCOND_2,1.0,"Occupati, disoccupati, inattivi per titolo di studio","Employed, unemployed and inactive persons by highest level of education",DCCV_RUOLOFAMCOND,1.0,IT1
723_1040_DF_DCCV_RUOLOFAMCOND_3,1.0,"Occupati, disoccupati, inattivi per cittadinanza","Employed, unemployed and inactive persons by citizenship",DCCV_RUOLOFAMCOND,1.0,IT1
723_1040_DF_DCCV_RUOLOFAMCOND_4,1.0,"Genitori occupati, disoccupati, inattivi per numero di figli","Employed, unemployed and inactive parents by number of children",DCCV_RUOLOFAMCOND,1.0,IT1
723_1040_DF_DCCV_RUOLOFAMCOND_5,1.0,"Genitori occupati, disoccupati, inattivi per età del figlio più piccolo",Employed unemployed and inactive parents by age of youngest child,DCCV_RUOLOFAMCOND,1.0,IT1
723_1040_DF_DCCV_RUOLOFAMCOND_6,1.0,Tassi per età,Rates by age,DCCV_RUOLOFAMCOND,1.0,IT1
723_1040_DF_DCCV_RUOLOFAMCOND_7,1.0,Tassi dei genitori per numero dei figli,Rates of parents by number of children,DCCV_RUOLOFAMCOND,1.0,IT1
723_1040_DF_DCCV_RUOLOFAMCOND_8,1.0,Tassi dei genitori per età del figlio più piccolo,Rates of parents by age of youngest child,DCCV_RUOLOFAMCOND,1.0,IT1
723_1041,1.0,Coppie - condizione occupazionale,Couple family - labour status,DCCV_COPPIECOND,1.0,IT1
723_1041_DF_DCCV_COPPIECOND_1,1.0,"Presenza di occupati, regime orario, età della donna e numero di figli","Presence of employed partners, working time, woman's age and number of children",DCCV_COPPIECOND,1.0,IT1
723_1041_DF_DCCV_COPPIECOND_2,1.0,"Presenza di occupati, regime orario, età della donna ed età del figlio più piccolo","Presence of employed partners, working time, woman's age and age of youngest child",DCCV_COPPIECOND,1.0,IT1
723_1041_DF_DCCV_COPPIECOND_3,1.0,"Presenza di occupati, regime orario, età e titolo di studio della donna","Presence of employed partners, working time, age and highest level of education atteined by the woman",DCCV_COPPIECOND,1.0,IT1
723_1041_DF_DCCV_COPPIECOND_4,1.0,"Condizione occupazionale dei partner, presenza di figli e titolo di studio della donna","Labour status of partners, presence of children and highest level of education atteined by the woman",DCCV_COPPIECOND,1.0,IT1
723_1041_DF_DCCV_COPPIECOND_5,1.0,Dati regionali,Regional data,DCCV_COPPIECOND,1.0,IT1
723_1206,1.0,Famiglie - condizione occupazionale - regolamento precedente (fino al 2020),Households - labour status- previous regulation (until 2020),DCCV_FAMCOND1_UNT2020,1.0,IT1
723_1206_DF_DCCV_FAMCOND1_UNT2020_1,1.0,"Presenza di occupati, pensionati, disoccupati","Presence of employed, retired and unemployed persons",DCCV_FAMCOND1_UNT2020,1.0,IT1
723_1206_DF_DCCV_FAMCOND1_UNT2020_2,1.0,Presenza di occupati e stranieri,Presence of employed persons and foreign members,DCCV_FAMCOND1_UNT2020,1.0,IT1
723_1206_DF_DCCV_FAMCOND1_UNT2020_3,1.0,Tipologia di occupazione,Type of employment,DCCV_FAMCOND1_UNT2020,1.0,IT1
723_1206_DF_DCCV_FAMCOND1_UNT2020_4,1.0,Dati regionali,Regional data,DCCV_FAMCOND1_UNT2020,1.0,IT1
723_1207,1.0,Coppie - condizione occupazionale - regolamento precedente (fino al 2020),Couple family - labour status- previous regulation (until 2020),DCCV_COPPIECOND_UNT2020,1.0,IT1
723_1207_DF_DCCV_COPPIECOND_UNT2020_1,1.0,"Presenza di occupati, regime orario, età della donna e numero di figli","Presence of employed partners, working time, woman's age and number of children",DCCV_COPPIECOND_UNT2020,1.0,IT1
723_1207_DF_DCCV_COPPIECOND_UNT2020_2,1.0,"Presenza di occupati, regime orario, età della donna ed età del figlio più piccolo","Presence of employed partners, working time, woman's age and age of youngest childage and number of children",DCCV_COPPIECOND_UNT2020,1.0,IT1
723_1207_DF_DCCV_COPPIECOND_UNT2020_3,1.0,"Presenza di occupati, regime orario, età e titolo di studio della donna","Presence of employed partners, working time, age and highest level of education atteined by the woman",DCCV_COPPIECOND_UNT2020,1.0,IT1
723_1207_DF_DCCV_COPPIECOND_UNT2020_4,1.0,Condizione occupazionale dei partner ed età della donna,Labour status of partners and woman's age,DCCV_COPPIECOND_UNT2020,1.0,IT1
723_1207_DF_DCCV_COPPIECOND_UNT2020_5,1.0,"Condizione occupazionale dei partner, presenza di figli e titolo di studio della donna","Labour status of partners, presence of children and highest level of education atteined by the woman",DCCV_COPPIECOND_UNT2020,1.0,IT1
723_1207_DF_DCCV_COPPIECOND_UNT2020_6,1.0,Dati regionali,Regional data,DCCV_COPPIECOND_UNT2020,1.0,IT1
723_1208,1.0,Individui per ruolo in famiglia - condizione occupazionale- regolamento precedente (fino al 2020),Persons by role in household - labour status- previous regulation (until 2020),DCCV_RUOLOFAMCOND_UNT2020,1.0,IT1
723_1208_DF_DCCV_RUOLOFAMCOND_UNT2020_1,1.0,"Occupati, disoccupati, inattivi per età","Employed, unemployed and inactive persons by age",DCCV_RUOLOFAMCOND_UNT2020,1.0,IT1
723_1208_DF_DCCV_RUOLOFAMCOND_UNT2020_2,1.0,"Occupati, disoccupati, inattivi per titolo di studio","Employed, unemployed and inactive persons by highest level of education",DCCV_RUOLOFAMCOND_UNT2020,1.0,IT1
723_1208_DF_DCCV_RUOLOFAMCOND_UNT2020_3,1.0,"Occupati, disoccupati, inattivi per cittadinanza","Employed, unemployed and inactive persons by citizenship",DCCV_RUOLOFAMCOND_UNT2020,1.0,IT1
723_1208_DF_DCCV_RUOLOFAMCOND_UNT2020_4,1.0,"Genitori occupati, disoccupati, inattivi per numero di figli","Employed, unemployed and inactive parents by number of children",DCCV_RUOLOFAMCOND_UNT2020,1.0,IT1
723_1208_DF_DCCV_RUOLOFAMCOND_UNT2020_5,1.0,"Genitori occupati, disoccupati, inattivi per età del figlio più piccolo",Employed unemployed and inactive parents by age of youngest child,DCCV_RUOLOFAMCOND_UNT2020,1.0,IT1
723_1208_DF_DCCV_RUOLOFAMCOND_UNT2020_6,1.0,Tassi per età,Rates by age,DCCV_RUOLOFAMCOND_UNT2020,1.0,IT1
723_1208_DF_DCCV_RUOLOFAMCOND_UNT2020_7,1.0,Tassi dei genitori per numero dei figli,Rates of parents by number of children,DCCV_RUOLOFAMCOND_UNT2020,1.0,IT1
723_1208_DF_DCCV_RUOLOFAMCOND_UNT2020_8,1.0,Tassi dei genitori per età del figlio più piccolo,Rates of parents by age of youngest child,DCCV_RUOLOFAMCOND_UNT2020,1.0,IT1
729_1050,1.0,Superfici territoriali,Total area,DCCV_CARGEOMOR_ST_COM,1.0,IT1
729_995,1.0,Caratteristiche geo-morfologiche dei comuni,Geomorphological characteristics of municipalities,DCCV_CARGEOMOR_COM,1.0,IT1
72_1028,1.0,Contributi e altri trasferimenti a fini ambientali,Account of environmental subsidies and similar transfers,DCCN_ESST,1.0,IT1
72_1028_DF_DCCN_ESST_1,1.0,Contributi e altri trasferimenti a fini ambientali - per settore istituzionale erogante e ricevente e per finalità ambientale,Environmental subsidies and similar transfers - by institutional sectors paying and receiving and by environmental domains,DCCN_ESST,1.0,IT1
72_1028_DF_DCCN_ESST_2,1.0,Contributi e altri trasferimenti a fini ambientali erogati da Amministrazioni pubbliche a Società - per attività economica e finalità ambientale,Environmental subsidies and similar transfers from General Government to Corporations by NACE activities and by environmental domains,DCCN_ESST,1.0,IT1
72_155,1.0,Procedimenti civili,Civil proceedings,DCAR_NUM_PROC_CIV,1.0,IT1
72_155_DF_DCAR_NUM_PROC_CIV_1,1.0,Movimento,Flow,DCAR_NUM_PROC_CIV,1.0,IT1
72_155_DF_DCAR_NUM_PROC_CIV_2,1.0,Sopravvenuti per Distretto di Corte di Appello,Ensued judicial proceedings by Court of appeal district,DCAR_NUM_PROC_CIV,1.0,IT1
72_158,1.0,"Procedimenti civili - lavoro, previdenza e assistenza obbligatorie","Civil proceedings - labour, social security and compulsory welfare",DCAR_PROC_CIV,1.0,IT1
72_158_DF_DCAR_PROC_CIV_1,1.0,"Procedimenti civili - lavoro, previdenza e assistenza obbligatorie","Civil proceedings - labour, social security and compulsory welfare",DCAR_PROC_CIV,1.0,IT1
730_1006,1.0,Sequenza dei conti - edizioni ottobre 2014 - aprile 2019,Sequence of accounts - editions from October 2014 to April 2019,DCCN_SQCN_B14,1.0,IT1
730_1006_DF_DCCN_SQCN_B14_1,1.0,Sequenza dei conti - edizioni ottobre 2014 - aprile 2019,Sequence of accounts - editions from October 2014 to April 2019,DCCN_SQCN_B14,1.0,IT1
730_1047,1.0,Prodotto interno lordo e principali componenti - edizioni ottobre 2014 - aprile 2019,Gross Domestic Product and main components - editions from October 2014 to April 2019,DCCN_PILN_B14,1.0,IT1
730_1047_DF_DCCN_PILN_B14_1,1.0,Prodotto interno lordo e principali componenti - edizioni ottobre 2014 - aprile 2019,Gross Domestic Product and main components - editions from October 2014 to April 2019,DCCN_PILN_B14,1.0,IT1
730_1048,1.0,Principali aggregati annnuali di contabilità nazionale - edizioni ottobre 2014 - aprile 2019,National accounts annual main aggregates - editions from October 2014 to April 2019,DCCN_ANA_B14,1.0,IT1
730_1048_DF_DCCN_ANA_B14_1,1.0,Produzione e valore aggiunto per branca di attività - edizioni ottobre 2014 - aprile 2019,Output and value added by industry - editions from October 2014 to April 2019,DCCN_ANA_B14,1.0,IT1
730_1048_DF_DCCN_ANA_B14_2,1.0,Redditi da lavoro dipendente e componenti per branca di attività - edizioni ottobre 2014 - aprile 2019,Compensation of employees and its components by industry - editions from October 2014 to April 2019,DCCN_ANA_B14783218,1.0,IT1
730_1048_DF_DCCN_ANA_B14_3,1.0,Imposte e contributi alla produzione per branca di attività - edizioni ottobre 2014 - aprile 2019,Taxes and subsidies on production by industry - editions from October 2014 to April 2019,DCCN_ANA_B14916976,1.0,IT1
730_1048_DF_DCCN_ANA_B14_4,1.0,Investimenti fissi lordi per tipo di investimento e branca proprietaria - edizioni ottobre 2014 - aprile 2019,Gross fixed capital formation by asset and industry - editions from October 2014 to April 2019,DCCN_ANA_B14218384,1.0,IT1
730_1048_DF_DCCN_ANA_B14_5,1.0,Stock di capitale e ammortamenti per tipo di investimento e branca proprietaria - edizioni ottobre 2014 - aprile 2019,Stocks of fixed assets and consumption of fixed capital by industry - editions from October 2014 to April 2019,DCCN_ANA_B14110661,1.0,IT1
730_1048_DF_DCCN_ANA_B14_6,1.0,Spesa per consumi finali delle famiglie per voce di spesa (Coicop 3 cifre) e durata - edizioni ottobre 2014 - aprile 2019,Final consumption expenditure of household by expenditure item (Coicop 3 digit) and durability - editions from October 2014 to April 2019,DCCN_ANA_B14630749,1.0,IT1
730_1048_DF_DCCN_ANA_B14_7,1.0,Valori pro capite - edizioni ottobre 2014 - aprile 2019,Per capita values - editions from October 2014 to April 2019,DCCN_ANA_B14990346,1.0,IT1
730_1049,1.0,"Occupazione regolare, irregolare e popolazione - edizioni ottobre 2014 - aprile 2019","Regular, irregular employment and population - editions from October 2014 to April 2019",DCCN_OCCNSEC2010_B14,1.0,IT1
730_1049_DF_DCCN_OCCNSEC2010_B14_1,1.0,"Occupati, unità di lavoro, posizioni lavorative e ore lavorate - edizioni ottobre 2014 - aprile 2019","Employment in persons, full time equivalent, jobs and hours worked - editions from October 2014 to April 2019",DCCN_OCCNSEC2010_B14592112,1.0,IT1
730_1049_DF_DCCN_OCCNSEC2010_B14_2,1.0,Tassi di irregolarità - edizioni ottobre 2014 - aprile 2019,Rate of undeclared work - editions from October 2014 to April 2019,DCCN_OCCNSEC2010_B14944675,1.0,IT1
730_1049_DF_DCCN_OCCNSEC2010_B14_3,1.0,Popolazione media annua - edizioni ottobre 2014 - aprile 2019,Annual average population - editions from October 2014 to April 2019,DCCN_OCCNSEC2010_B1455593,1.0,IT1
732_1051,1.0,Conto economico delle risorse e degli impieghi  e contributi alla crescita del Pil - edizioni ottobre 2014 - agosto 2019,"Gross domestic product, expenditure components and contribution to GDP growth - editions from October 2014 to August 2019",DCCN_SQCQ_B14,1.0,IT1
732_1051_DF_DCCN_SQCQ_B14_1,1.0,Conto economico delle risorse e degli impieghi - edizioni ottobre 2014 - agosto 2019,Gross domestic product and expenditure components - editions from October 2014 to August 2019,DCCN_SQCQ_B14,1.0,IT1
732_1051_DF_DCCN_SQCQ_B14_2,1.0,Contributi alla crescita del PIL - edizioni dicembre 2014 - agosto 2019,Contributions to GDP growth - editions from December 2014 to August 2019,DCCN_SQCQ_B14,1.0,IT1
732_1051_DF_DCCN_SQCQ_B14_3,1.0,Prodotto interno lordo e variazioni (stima preliminare) - edizioni maggio 2016 - luglio 2019,Gross domestic product and growth rates (preliminary estimate) - editions from May 2016 to July 2019,DCCN_SQCQ_B14,1.0,IT1
732_1052,1.0,Prodotto interno lordo e principali componenti - edizioni ottobre 2014 - agosto 2019,Gross Domestic Product and main components - editions from October 2014 to August 2019,DCCN_PILQ_B14,1.0,IT1
732_1052_DF_DCCN_PILQ_B14_1,1.0,Prodotto interno lordo e principali componenti - edizioni ottobre 2014 - agosto 2019,Gross Domestic Product and main components - editions from October 2014 to August 2019,DCCN_PILQ_B14,1.0,IT1
732_1053,1.0,Principali aggregati trimestrali di Contabilità Nazionale - edizioni ottobre 2014 - agosto 2019,National Accounts quarterly main aggregates - editions from October 2014 to August 2019,DCCN_QNA_B14,1.0,IT1
732_1053_DF_DCCN_QNA_B14_1,1.0,Valore aggiunto per branca di attività - edizioni ottobre 2014 - agosto 2019,Value added by industry - editions from October 2014 to August 2019,DCCN_QNA_B14804675,1.0,IT1
732_1053_DF_DCCN_QNA_B14_2,1.0,Investimenti fissi lordi per tipo di investimento - edizioni ottobre 2014 - agosto 2019,Gross fixed capital formation by asset - editions from October 2014 to August 2019,DCCN_QNA_B14340024,1.0,IT1
732_1053_DF_DCCN_QNA_B14_3,1.0,Spesa per i consumi finali delle famiglie - edizioni ottobre 2014 - agosto 2019,Final consumption expenditure of households - editions from October 2014 to August 2019,DCCN_QNA_B14165045,1.0,IT1
732_1053_DF_DCCN_QNA_B14_4,1.0,Spesa per consumi finali delle famiglie per voce di spesa (Coicop 2 cifre) e durata - edizioni ottobre 2014 - agosto 2019,Final consumption expenditure of households by expenditure item (Coicop 2 digit) and durability - editions from October 2014 to August 2019,DCCN_QNA_B14340007,1.0,IT1
732_1053_DF_DCCN_QNA_B14_5,1.0,Redditi da lavoro dipendente e componenti per branca di attività - edizioni ottobre 2014 - agosto 2019,Compensation of employees and its components by industry - editions from October 2014 to August 2019,DCCN_QNA_B14,1.0,IT1
732_1053_DF_DCCN_QNA_B14_6,1.0,Costi e margini per branca di attività - edizioni dicembre 2014 - agosto 2019,Costs and margins by industry - editions from December 2014 to August 2019,DCCN_QNA_B14194707,1.0,IT1
732_1054,1.0,Occupazione per branca di attività - edizioni ottobre 2014 - agosto 2019,Employment breakdown by industry - editions from October 2014 to August 2019,DCCN_OCCQSEC2010_B14,1.0,IT1
732_1054_DF_DCCN_OCCQSEC2010_B14_1,1.0,Occupazione per branca di attività - edizioni ottobre 2014 - agosto 2019,Employment breakdown by industry - editions from October 2014 to August 2019,DCCN_OCCQSEC2010_B14583549,1.0,IT1
733_1055,1.0,"Sequenza dei conti e stock di attività non finanziarie, per settore istituzionale - edizioni ottobre 2015 - aprile 2019","Sequence of accounts and non-financial assets, by institutional sector - editions from October 2015 to April 2019",DCCN_ISTITUZ_ANA_B14,1.0,IT1
733_1055_DF_DCCN_ISTITUZ_ANA_B14_1,1.0,Sequenza dei conti - edizioni ottobre 2015 - aprile 2019,Sequence of accounts - editions from October 2015 to April 2019,DCCN_ISTITUZ_ANA_B14,1.0,IT1
733_1055_DF_DCCN_ISTITUZ_ANA_B14_2,1.0,Indicatori su famiglie consumatrici e società non finanziarie - edizioni ottobre 2015 - aprile 2019,Key indicators on households as consumers and non-financial corporations - editions from October 2015 to April 2019,DCCN_ISTITUZ_ANA_B14965124,1.0,IT1
733_1055_DF_DCCN_ISTITUZ_ANA_B14_3,1.0,Stock di attività non finanziarie - edizioni marzo 2015 - dicembre 2018,Non-financial assets - editions from March 2015 to December 2018,DCCN_ISTITUZ_ANA_B14,1.0,IT1
733_1056,1.0,Occupazione per branca di attività - edizioni ottobre 2014 - aprile 2019,Employment breakdown by industry - editions from October 2014 to April 2019,DCCN_OCCSISEC2010_B14,1.0,IT1
733_1056_DF_DCCN_OCCSISEC2010_B14_1,1.0,Occupazione per branca di attività - edizioni ottobre 2014 - aprile 2019,Employment breakdown by industry - editions from October 2014 to April 2019,DCCN_OCCSISEC2010_B14244663,1.0,IT1
733_1056_DF_DCCN_OCCSISEC2010_B14_2,1.0,Occupazione per sottosettore - edizioni ottobre 2015 - aprile 2019,Employment by subsector - editions from October 2015 to April 2019,DCCN_OCCSISEC2010_B14445755,1.0,IT1
734_1059,1.0,Conto trimestrale - edizioni gennaio 2016 - giugno 2019,Quarterly account - editions from January 2016 to June 2019,DCCN_FPQ_B14,1.0,IT1
734_1059_DF_DCCN_FPQ_B14_1,1.0,Conto economico - edizioni gennaio 2016 - giugno 2019,Economc account - editions from January 2016 to June 2019,DCCN_FPQ_B14,1.0,IT1
734_1059_DF_DCCN_FPQ_B14_2,1.0,Indicatori (in rapporto al PIL) - edizioni gennaio 2016 - giugno 2019,Indicators (GDP ratio) - editions from January 2016 to June 2019,DCCN_FPQ_B14,1.0,IT1
734_1060,1.0,Conto annuale - edizioni fino ad aprile 2019,Annual account - editions until April 2019,DCCN_FPA_B14,1.0,IT1
734_1060_DF_DCCN_FPA_B14_1,1.0,Conto economico per sottosettore - edizioni ottobre 2015 - aprile 2019,Economic account by subsector - editions from October 2015 to April 2019,DCCN_FPA_B14838214,1.0,IT1
734_1060_DF_DCCN_FPA_B14_2,1.0,Indicatori (in rapporto al PIL) - edizioni maggio 2016 - aprile 2019,Indicators (GDP ratio) - editions from May 2016 to April 2019,DCCN_FPA_B14,1.0,IT1
734_1060_DF_DCCN_FPA_B14_3,1.0,Redditi e retribuzione pro capite per sottosettore - edizioni aprile 2017 - aprile 2019,"Compensation of employees, wages and salaries per capita by subsector - editions from April 2017 to April 2019",DCCN_FPA_B14551742,1.0,IT1
734_1060_DF_DCCN_FPA_B14_4,1.0,Investimenti fissi lordi per sottosettore - edizioni maggio 2016 - aprile 2019,Gross fixed capital formation by subsector - editions from May 2016 to April 2019,DCCN_FPA_B14739452,1.0,IT1
734_1060_DF_DCCN_FPA_B14_5,1.0,Imposte e contributi sociali per sottosettore - edizioni aprile 2017 - aprile 2019,Taxes and social contributions by subsector - editions from April 2017 to April 2019,DCCN_FPA_B1452500,1.0,IT1
734_1060_DF_DCCN_FPA_B14_6,1.0,Formazione della spesa per consumi finali - edizioni aprile 2017 - aprile 2019,Generation of final consumption expenditure - editions from April 2017 to April 2019,DCCN_FPA_B1459774,1.0,IT1
734_1061,1.0,Uscite annuali per sottosettore - edizioni fino ad aprile 2019,Annual expenditure by subsector - editions until April 2019,DCCN_OTEPPA_B14,1.0,IT1
734_1061_DF_DCCN_OTEPPA_B14_1,1.0,Spesa per consumi per funzione (COFOG 2 e 3 cifre) - edizioni dicembre 2015 - aprile 2019,Consumption expenditure by function (COFOG 2 and 3 digit) - editions from December 2015 to April 2019,DCCN_OTEPPA_B1485257,1.0,IT1
734_1061_DF_DCCN_OTEPPA_B14_2,1.0,Voci di uscita per funzione (COFOG 2 e 3 cifre) - edizioni dicembre 2015 - dicembre 2018,Expenditure items by function (COFOG 2 and 3 digit) - editions from December 2015 to December 2018,DCCN_OTEPPA_B1496536,1.0,IT1
737_1082,1.0,Sequenza dei conti - edizioni ottobre 2014 - dicembre 2018,Sequence of accounts - editions  from October  2012 to December 2018,DCCN_SQCT_B14,1.0,IT1
737_1082_DF_DCCN_SQCT_B14_1,1.0,Sequenza dei conti - edizioni ottobre 2014 - dicembre 2018,Sequence of accounts - editions  from October  2012 to December 2018,DCCN_SQCT_B14,1.0,IT1
737_1083,1.0,Prodotto interno lordo lato produzione - edizioni ottobre 2014 - dicembre 2018,Gross domestic product supply side - editions from October 2012 to December 2018,DCCN_PILT_B14,1.0,IT1
737_1083_DF_DCCN_PILT_B14_1,1.0,Prodotto interno lordo lato produzione - edizioni ottobre 2014 - dicembre 2018,Gross domestic product supply side - editions from October 2012 to December 2018,DCCN_PILT_B14,1.0,IT1
737_1084,1.0,Principali aggregati territoriali di Contabilità nazionale - edizioni ottobre 2014 - dicembre 2018,National Accounts regional main aggregates  - editions from October 2012 to December 2018,DCCN_TNA_B14,1.0,IT1
737_1084_DF_DCCN_TNA_B14_1,1.0,Valore aggiunto per branca di attività - edizioni ottobre 2014 - dicembre 2018,Value added by industry - editions from October 2012 to December 2018,DCCN_TNA_B14482776,1.0,IT1
737_1084_DF_DCCN_TNA_B14_2,1.0,Redditi da lavoro dipendente e componenti per branca di attività - edizioni ottobre 2014 - dicembre 2018,Compensation of employees and its components by industry- editions from October 2012 to December 2018,DCCN_TNA_B14819260,1.0,IT1
737_1084_DF_DCCN_TNA_B14_3,1.0,Spesa per consumi finali delle famiglie per voce di spesa (Coicop 2 cifre) e durata - edizioni ottobre 2014 - dicembre 2018,Final consumption expenditure of households by expenditure item (Coicop 2 digit) and durability - editions from October 2012 to December 2018,DCCN_TNA_B14956177,1.0,IT1
737_1084_DF_DCCN_TNA_B14_4,1.0,Spesa per consumi finali della Pa per funzione di spesa - edizioni ottobre 2014 - dicembre 2018,Final consumption expenditure of general government by function - editions from October 2012 to December 2018,DCCN_TNA_B14540306,1.0,IT1
737_1084_DF_DCCN_TNA_B14_5,1.0,Investimenti fissi lordi per branca proprietaria - edizioni ottobre 2014 - dicembre 2018,Gross fixed capital formation breakdown by industry - editions from October 2012 to December 2018,DCCN_TNA_B14109142,1.0,IT1
737_1084_DF_DCCN_TNA_B14_6,1.0,Valori pro capite - edizioni ottobre 2014 - dicembre 2018,Per capita values - editions from October 2012 to December 2018,DCCN_TNA_B14917547,1.0,IT1
737_1087,1.0,"Occupazione regolare, irregolare e popolazione - edizioni ottobre 2014 - dicembre 2018","Regular, irregular employment and population - editions from October 2012 to December 2018",DCCN_OCCTSEC2010_B14,1.0,IT1
737_1087_DF_DCCN_OCCTSEC2010_B14_1,1.0,Occupazione regionale - edizioni ottobre 2014 - dicembre 2018,Employment - regions - editions from October 2012 to December 2018,DCCN_OCCTSEC2010_B14950959,1.0,IT1
737_1087_DF_DCCN_OCCTSEC2010_B14_2,1.0,Occupazione provinciale - edizioni ottobre 2014 - dicembre 2018,Employment - provinces - editions from October 2012 to December 2018,DCCN_OCCTSEC2010_B14,1.0,IT1
737_1087_DF_DCCN_OCCTSEC2010_B14_3,1.0,Tasso di irregolarità - edizioni ottobre 2014 - dicembre 2018,Rate of undeclared work - editions from October 2012 to December 2018,DCCN_OCCTSEC2010_B14680790,1.0,IT1
737_1087_DF_DCCN_OCCTSEC2010_B14_4,1.0,Popolazione media annua - edizioni ottobre 2014 - dicembre 2018,Annual average population - editions from October 2012 to December 2018,DCCN_OCCTSEC2010_B14451627,1.0,IT1
737_1093,1.0,Reddito disponibile delle famiglie nelle regioni italiane - edizioni novembre 2015 - dicembre 2018,Disposable income of the households in the italian regions - editions from November 2015 to december 2018,DCCN_ISTITUZ_TNA_B14,1.0,IT1
737_1093_DF_DCCN_ISTITUZ_TNA_B14_1,1.0,Reddito disponibile delle famiglie nelle regioni italiane - edizioni novembre 2015 - dicembre 2018,Disposable income of the households in the italian regions - editions from November 2015 to december 2018,DCCN_ISTITUZ_TNA_B14726141,1.0,IT1
73_1071,1.0,Persone indagate presso le procure - adulti,Persons prosecuted by the public prosecutor - adults,DCCV_IMPUTATI_A,1.0,IT1
73_1071_DF_DCCV_IMPUTATI_A_1,1.0,Iscritti presso le procure per tipo di decisione,Person prosecuted by type of decision,DCCV_IMPUTATI_A,1.0,IT1
73_1071_DF_DCCV_IMPUTATI_A_10,1.0,"Reati violenti - luogo di nascita, classe di età","Violent crimes - place of birth, age classes",DCCV_IMPUTATI_A,1.0,IT1
73_1071_DF_DCCV_IMPUTATI_A_11,1.0,"Reati violenti - sesso, luogo di nascita, classe di età","Violent crimes - gender, place of birth, age classes",DCCV_IMPUTATI_A,1.0,IT1
73_1071_DF_DCCV_IMPUTATI_A_12,1.0,Reati violenti - classe di età,Violent crimes - age classes,DCCV_IMPUTATI_A,1.0,IT1
73_1071_DF_DCCV_IMPUTATI_A_13,1.0,Reati violenti - luogo di nascita,Violent crimes - place of birth,DCCV_IMPUTATI_A,1.0,IT1
73_1071_DF_DCCV_IMPUTATI_A_2,1.0,"Imputati - età, luogo di nascita","Person prosecuted - age classes, place of birth",DCCV_IMPUTATI_A,1.0,IT1
73_1071_DF_DCCV_IMPUTATI_A_3,1.0,"Imputati - luogo del primo reato iscritto nel procedimento, luogo di nascita","Person prosecuted - place of the event (first offense attributed), place of birth",DCCV_IMPUTATI_A,1.0,IT1
73_1071_DF_DCCV_IMPUTATI_A_4,1.0,Imputati per numero di tipologie di reato,Person prosecuted by number of types of crime,DCCV_IMPUTATI_A,1.0,IT1
73_1071_DF_DCCV_IMPUTATI_A_5,1.0,Imputati per numero di reati,Persons prosecuted by number of crime,DCCV_IMPUTATI_A,1.0,IT1
73_1071_DF_DCCV_IMPUTATI_A_6,1.0,"Imputati per tipologia di reato - luogo di nascita, classe di età","Persons prosecuted by type of crime - place of birth, age classes",DCCV_IMPUTATI_A,1.0,IT1
73_1071_DF_DCCV_IMPUTATI_A_7,1.0,"Imputati per tipologia di reato - sesso, luogo di nascita, classe di età","Persons prosecuted by type of crime - gender, place of birth, age classes",DCCV_IMPUTATI_A,1.0,IT1
73_1071_DF_DCCV_IMPUTATI_A_8,1.0,Imputati per tipologia reato -  valori per 100.000 abitanti per classe di età,"Persons prosecuted by type of crime - per 100,000 population by age",DCCV_IMPUTATI_A,1.0,IT1
73_1071_DF_DCCV_IMPUTATI_A_9,1.0,Imputati per tipologia reato - luogo di nascita,Persons prosecuted by type of crime - place of birth,DCCV_IMPUTATI_A,1.0,IT1
73_1072,1.0,Persone indagate presso le procure - minori,Persons prosecuted by the public prosecutor - minors,DCCV_IMPUTATI_M,1.0,IT1
73_1072_DF_DCCV_IMPUTATI_M_1,1.0,Iscritti presso le procure per tipo di decisione,Person prosecuted by type of decision,DCCV_IMPUTATI_M,1.0,IT1
73_1072_DF_DCCV_IMPUTATI_M_10,1.0,"Reati violenti - luogo di nascita, classe di età","Violent crimes - place of birth, age classes",DCCV_IMPUTATI_M,1.0,IT1
73_1072_DF_DCCV_IMPUTATI_M_11,1.0,"Reati violenti - sesso, luogo di nascita, classe di età","Violent crimes - gender, place of birth, age classes",DCCV_IMPUTATI_M,1.0,IT1
73_1072_DF_DCCV_IMPUTATI_M_12,1.0,Reati violenti - classe di età,Violent crimes - age classes,DCCV_IMPUTATI_M,1.0,IT1
73_1072_DF_DCCV_IMPUTATI_M_13,1.0,Reati violenti - luogo di nascita,Violent crimes - place of birth,DCCV_IMPUTATI_M,1.0,IT1
73_1072_DF_DCCV_IMPUTATI_M_2,1.0,"Imputati - sesso, età, luogo di nascita","Person prosecuted - gender, age classes, place of birth",DCCV_IMPUTATI_M,1.0,IT1
73_1072_DF_DCCV_IMPUTATI_M_3,1.0,"Imputati - luogo del primo reato iscritto nel procedimento, luogo di nascita","Person prosecuted - place of the event (first offense attributed), place of birth",DCCV_IMPUTATI_M,1.0,IT1
73_1072_DF_DCCV_IMPUTATI_M_4,1.0,Imputati per numero di tipologie di reato,Person prosecuted by number of types of crime,DCCV_IMPUTATI_M,1.0,IT1
73_1072_DF_DCCV_IMPUTATI_M_5,1.0,Imputati per numero di reati,Persons prosecuted by number of crime,DCCV_IMPUTATI_M,1.0,IT1
73_1072_DF_DCCV_IMPUTATI_M_6,1.0,"Imputati per tipologia di reato - luogo di nascita (regione), classe di età","Persons prosecuted by type of crime - place of birth, age classes",DCCV_IMPUTATI_M,1.0,IT1
73_1072_DF_DCCV_IMPUTATI_M_7,1.0,"Imputati per tipologia di reato - sesso, luogo di nascita, classe di età","Persons prosecuted by type of crime - gender, place of birth, age classes",DCCV_IMPUTATI_M,1.0,IT1
73_1072_DF_DCCV_IMPUTATI_M_8,1.0,Imputati per tipologia reato - valori per 100.000 abitanti per classe di età,"Persons prosecuted by type of crime - per 100,000 population by age",DCCV_IMPUTATI_M,1.0,IT1
73_1072_DF_DCCV_IMPUTATI_M_9,1.0,Imputati per tipologia reato - valori per 100.000 abitanti per regione,"Persons prosecuted by type of crime - per 100,000 population by region",DCCV_IMPUTATI_M,1.0,IT1
73_1187,1.0,Altri delitti denunciati dalle forze di polizia all'autorità giudiziaria,Other crimes reported by the police forces to the judicial authority,DCCV_ALTRIDELPS,1.0,IT1
73_1187_DF_DCCV_ALTRIDELPS_1,1.0,In totale e per centomila abitanti,In total and per hundred thousand inhabitants,DCCV_ALTRIDELPS,1.0,IT1
73_1187_DF_DCCV_ALTRIDELPS_2,1.0,Per mese del commesso delitto,By month of the crime committed,DCCV_ALTRIDELPS,1.0,IT1
73_160,1.0,Procedimenti penali,Criminal proceedings,DCAR_NUM_PROC_PEN,1.0,IT1
73_160_DF_DCAR_NUM_PROC_PEN_1,1.0,Procedimenti penali,Criminal proceedings,DCAR_NUM_PROC_PEN,1.0,IT1
73_173,1.0,Detenuti adulti presenti nelle carceri italiane,Prison population held in institutions for adults in Italy,DCCV_DETENUTI,1.0,IT1
73_173_DF_DCCV_DETENUTI_1,1.0,Reati,Crimes,DCCV_DETENUTI,1.0,IT1
73_173_DF_DCCV_DETENUTI_2,1.0,Età,Age,DCCV_DETENUTI,1.0,IT1
73_173_DF_DCCV_DETENUTI_3,1.0,Luogo di nascita,Place of birth,DCCV_DETENUTI,1.0,IT1
73_173_DF_DCCV_DETENUTI_4,1.0,Provenienza geografica,Geographical origin territory,DCCV_DETENUTI,1.0,IT1
73_173_DF_DCCV_DETENUTI_5,1.0,Posizione giuridica,Legal position,DCCV_DETENUTI,1.0,IT1
73_173_DF_DCCV_DETENUTI_6,1.0,Capienza delle strutture e detenuti ogni 100 posti,Capacity of prisons and prisoners per hundred of capacity,DCCV_DETENUTI,1.0,IT1
73_230,1.0,Autori e vittime dei delitti denunciati dalle forze di polizia all' autorità giudiziaria,Alleged offenders and victims of crimes reported by the police forces to the judicial authority,DCCV_AUTVITTPS,1.0,IT1
73_230_DF_DCCV_AUTVITTPS_1,1.0,"Sesso, età, cittadinanza","Gender, age, citizenship",DCCV_AUTVITTPS,1.0,IT1
73_230_DF_DCCV_AUTVITTPS_2,1.0,Stranieri - paesi di cittadinanza,Foreigners - country of citizenship,DCCV_AUTVITTPS,1.0,IT1
73_230_DF_DCCV_AUTVITTPS_3,1.0,"Sesso, età - reg.","Gender, age - regions",DCCV_AUTVITTPS,1.0,IT1
73_230_DF_DCCV_AUTVITTPS_4,1.0,Cittadinanza - reg.,Citizenship - regions,DCCV_AUTVITTPS,1.0,IT1
73_230_DF_DCCV_AUTVITTPS_5,1.0,"Delitti violenti, sesso, età, cittadinanza","Violent crimes, age, citizenship",DCCV_AUTVITTPS,1.0,IT1
73_230_DF_DCCV_AUTVITTPS_6,1.0,"Delitti violenti, sesso, età - reg.","Violent crimes, age - regions",DCCV_AUTVITTPS,1.0,IT1
73_230_DF_DCCV_AUTVITTPS_7,1.0,"Autori di delitto - sesso, età, cittadinanza - prov.","Alleged offenders - gender, age, citizenship - prov.",DCCV_AUTVITTPS,1.0,IT1
73_230_DF_DCCV_AUTVITTPS_8,1.0,"Vittime di delitto - sesso, età, cittadinanza - prov.","Victims of crimes - gender, age, citizenship - prov.",DCCV_AUTVITTPS,1.0,IT1
73_342,1.0,Segnalazioni relative a persone denunciate e arrestate o fermate dalle forze di polizia,Reports of persons suspected by the police forces to have committed crime,DCCV_SEGNALAZPS,1.0,IT1
73_342_DF_DCCV_SEGNALAZPS_1,1.0,Segnalazioni in totale,Total reports,DCCV_SEGNALAZPS,1.0,IT1
73_342_DF_DCCV_SEGNALAZPS_2,1.0,Segnalazioni relative a minori,Reports of minors,DCCV_SEGNALAZPS,1.0,IT1
73_436,1.0,Procedimenti e reati al momento della decisione del PM - minori,Proceedings and crimes after the Public Prosecutor Office decisions - minors,DCCV_PROCEEDCRIME_M,1.0,IT1
73_436_DF_DCCV_PROCEEDCRIME_M_1,1.0,"Procedimenti e reati, tipo di comune","Proceedings and crimes, type of municipality",DCCV_PROCEEDCRIME_M,1.0,IT1
73_436_DF_DCCV_PROCEEDCRIME_M_10,1.0,"Dettaglio reati, identità autore, mese di accadimento","Crimes detail, offender identity, month of occurence",DCCV_PROCEEDCRIME_M,1.0,IT1
73_436_DF_DCCV_PROCEEDCRIME_M_11,1.0,"Dettaglio reati, intervallo medio e mediano tra iscrizione e definizione del procedimento","Crimes detail, mean and median time interval between enrollment date and definition date of the proceeding",DCCV_PROCEEDCRIME_M,1.0,IT1
73_436_DF_DCCV_PROCEEDCRIME_M_12,1.0,"Procedimenti in totale, dettaglio reati, tipo di decisione","Total number of proceedings, crimes detail, type of decision",DCCV_PROCEEDCRIME_M,1.0,IT1
73_436_DF_DCCV_PROCEEDCRIME_M_13,1.0,"Reati violenti, tipo di comune","Violent crimes, type of municipality",DCCV_PROCEEDCRIME_M,1.0,IT1
73_436_DF_DCCV_PROCEEDCRIME_M_14,1.0,"Reati violenti, distretto corte d'appello, mese di definizione","Violent crimes, District Court of Appeal, month of definition",DCCV_PROCEEDCRIME_M,1.0,IT1
73_436_DF_DCCV_PROCEEDCRIME_M_15,1.0,"Reati violenti, mese di definizione, numero autori","Violent crimes, month of definition, number of authors",DCCV_PROCEEDCRIME_M,1.0,IT1
73_436_DF_DCCV_PROCEEDCRIME_M_16,1.0,"Reati violenti, delitti concorrenti","Violent crimes, concurrent felonies",DCCV_PROCEEDCRIME_M,1.0,IT1
73_436_DF_DCCV_PROCEEDCRIME_M_17,1.0,"Reati violenti, intervallo tra iscrizione e definizione del reato","Violent crimes, time interval between enrollment date and definition date",DCCV_PROCEEDCRIME_M,1.0,IT1
73_436_DF_DCCV_PROCEEDCRIME_M_18,1.0,"Reati violenti, intervallo tra iscrizione e definizione del reato, Distretto corte d'Appello","Violent crimes, time interval between enrollment date and definition date, District Court of Appeal",DCCV_PROCEEDCRIME_M,1.0,IT1
73_436_DF_DCCV_PROCEEDCRIME_M_19,1.0,"Reati violenti dopo la decisione del PM, intervallo tra iscrizione e definizione del reato","Violent crimes after the Prosecutor Offices decision, time interval between enrollment date and definition date",DCCV_PROCEEDCRIME_M,1.0,IT1
73_436_DF_DCCV_PROCEEDCRIME_M_2,1.0,Procedimenti e reati al momento della decisione del PM - minori - Principali dati,Proceedings and crimes after the Public Prosecutor Office decisions - minors - Key data,DCCV_PROCEEDCRIME_M,1.0,IT1
73_436_DF_DCCV_PROCEEDCRIME_M_20,1.0,"Reati violenti, autore ignoto, tipo di comune","Violent crimes, unnown offender identity, type of municipality",DCCV_PROCEEDCRIME_M,1.0,IT1
73_436_DF_DCCV_PROCEEDCRIME_M_21,1.0,"Reati violenti, identità autore, mese di accadimento","Violent crimes, offender identity, month of occurence",DCCV_PROCEEDCRIME_M,1.0,IT1
73_436_DF_DCCV_PROCEEDCRIME_M_22,1.0,"Reati violenti, tipo di decisione","Violent crimes, type of decision",DCCV_PROCEEDCRIME_M,1.0,IT1
73_436_DF_DCCV_PROCEEDCRIME_M_3,1.0,"Procedimenti, Distretto corte d'Appello, mese di definizione","Proceedings, District Court of Appeal, month of definition",DCCV_PROCEEDCRIME_M,1.0,IT1
73_436_DF_DCCV_PROCEEDCRIME_M_4,1.0,"Procedimenti, mese di definizione, numero autori","Proceedings, month of definition, number of authors",DCCV_PROCEEDCRIME_M,1.0,IT1
73_436_DF_DCCV_PROCEEDCRIME_M_5,1.0,"Procedimenti, delitti concorrenti","Proceedings, concurrent felonies",DCCV_PROCEEDCRIME_M,1.0,IT1
73_436_DF_DCCV_PROCEEDCRIME_M_6,1.0,"Procedimenti, intervallo tra iscrizione e definizione del reato","Proceedings, time interval between enrollment date and definition date",DCCV_PROCEEDCRIME_M,1.0,IT1
73_436_DF_DCCV_PROCEEDCRIME_M_7,1.0,"Procedimenti, dettaglio reati, intervallo tra iscrizione e definizione del reato, Distretto corte d'Appello","Proceedings, crimes detail, time interval between enrollment date and definition date, District Court of Appeal",DCCV_PROCEEDCRIME_M,1.0,IT1
73_436_DF_DCCV_PROCEEDCRIME_M_8,1.0,"Reati, intervallo tra iscrizione e definizione del reato","Crimes, time interval between enrollment date and definition date",DCCV_PROCEEDCRIME_M,1.0,IT1
73_436_DF_DCCV_PROCEEDCRIME_M_9,1.0,"Reati, autore ignoto, tipo di comune","Crimes, unnown offender identity, type of municipality",DCCV_PROCEEDCRIME_M,1.0,IT1
73_440,1.0,Procedimenti e reati al momento della decisione del PM - adulti,Proceedings and crimes after the Public Prosecutor Office decisions - adults,DCCV_PROCEEDCRIME_A,1.0,IT1
73_440_DF_DCCV_PROCEEDCRIME_A_1,1.0,"Procedimenti e reati, tipo di comune","Proceedings and crimes, type of municipality",DCCV_PROCEEDCRIME_A,1.0,IT1
73_440_DF_DCCV_PROCEEDCRIME_A_10,1.0,"Dettaglio reati, identità autore, mese di accadimento","Crimes detail, offender identity, month of occurence",DCCV_PROCEEDCRIME_A,1.0,IT1
73_440_DF_DCCV_PROCEEDCRIME_A_11,1.0,"Dettaglio reati, intervallo medio e mediano tra iscrizione e definizione del procedimento","Crimes detail, mean and median time interval between enrollment date and definition date of the proceeding",DCCV_PROCEEDCRIME_A,1.0,IT1
73_440_DF_DCCV_PROCEEDCRIME_A_12,1.0,"Procedimenti in totale, dettaglio reati, tipo di decisione","Total number of proceedings, crimes detail, type of decision",DCCV_PROCEEDCRIME_A,1.0,IT1
73_440_DF_DCCV_PROCEEDCRIME_A_13,1.0,"Dettaglio reati, identità autore, definizione del reato","Crimes detail, offender identity, type of definition",DCCV_PROCEEDCRIME_A,1.0,IT1
73_440_DF_DCCV_PROCEEDCRIME_A_14,1.0,"Reati violenti, tipo di comune","Violent crimes, type of municipality",DCCV_PROCEEDCRIME_A,1.0,IT1
73_440_DF_DCCV_PROCEEDCRIME_A_15,1.0,"Reati violenti, distretto corte d'appello, mese di definizione","Violent crimes, District Court of Appeal, month of definition",DCCV_PROCEEDCRIME_A,1.0,IT1
73_440_DF_DCCV_PROCEEDCRIME_A_16,1.0,"Reati violenti, mese di definizione, numero autori","Violent crimes, month of definition, number of authors",DCCV_PROCEEDCRIME_A,1.0,IT1
73_440_DF_DCCV_PROCEEDCRIME_A_17,1.0,"Reati violenti, delitti concorrenti","Violent crimes, concurrent felonies",DCCV_PROCEEDCRIME_A,1.0,IT1
73_440_DF_DCCV_PROCEEDCRIME_A_18,1.0,"Reati violenti, intervallo tra iscrizione e definizione del reato","Violent crimes, time interval between enrollment date and definition date",DCCV_PROCEEDCRIME_A,1.0,IT1
73_440_DF_DCCV_PROCEEDCRIME_A_19,1.0,"Reati violenti, intervallo tra iscrizione e definizione del reato, Distretto corte d'Appello","Violent crimes, time interval between enrollment date and definition date, District Court of Appeal",DCCV_PROCEEDCRIME_A,1.0,IT1
73_440_DF_DCCV_PROCEEDCRIME_A_2,1.0,Procedimenti e reati al momento della decisione del PM - adulti - Principali dati,Proceedings and crimes after the Public Prosecutor Office decisions - adults - Key data,DCCV_PROCEEDCRIME_A,1.0,IT1
73_440_DF_DCCV_PROCEEDCRIME_A_20,1.0,"Reati violenti dopo la decisione del PM, intervallo tra iscrizione e definizione del reato","Violent crimes after the Prosecutor Offices decision, time interval between enrollment date and definition date",DCCV_PROCEEDCRIME_A,1.0,IT1
73_440_DF_DCCV_PROCEEDCRIME_A_21,1.0,"Reati violenti, autore ignoto, tipo di comune","Violent crimes, unnown offender identity, type of municipality",DCCV_PROCEEDCRIME_A,1.0,IT1
73_440_DF_DCCV_PROCEEDCRIME_A_22,1.0,"Reati violenti, identità autore, mese di accadimento","Violent crimes, offender identity, month of occurence",DCCV_PROCEEDCRIME_A,1.0,IT1
73_440_DF_DCCV_PROCEEDCRIME_A_23,1.0,"Reati violenti, tipo di decisione","Violent crimes, type of decision",DCCV_PROCEEDCRIME_A,1.0,IT1
73_440_DF_DCCV_PROCEEDCRIME_A_24,1.0,"Reati violenti, identità autore, definizione del reato - prov.","Violent crimes, offender identity, type of definition",DCCV_PROCEEDCRIME_A,1.0,IT1
73_440_DF_DCCV_PROCEEDCRIME_A_3,1.0,"Procedimenti, Distretto corte d'Appello, mese di definizione","Proceedings, District Court of Appeal, month of definition",DCCV_PROCEEDCRIME_A,1.0,IT1
73_440_DF_DCCV_PROCEEDCRIME_A_4,1.0,"Procedimenti, mese di definizione, numero autori","Proceedings, month of definition, number of authors",DCCV_PROCEEDCRIME_A,1.0,IT1
73_440_DF_DCCV_PROCEEDCRIME_A_5,1.0,"Procedimenti, delitti concorrenti","Proceedings, concurrent felonies",DCCV_PROCEEDCRIME_A,1.0,IT1
73_440_DF_DCCV_PROCEEDCRIME_A_6,1.0,"Procedimenti, intervallo tra iscrizione e definizione del reato","Proceedings, time interval between enrollment date and definition date",DCCV_PROCEEDCRIME_A,1.0,IT1
73_440_DF_DCCV_PROCEEDCRIME_A_7,1.0,"Procedimenti, dettaglio reati, intervallo tra iscrizione e definizione del reato, Distretto corte d'Appello","Proceedings, crimes detail, time interval between enrollment date and definition date, District Court of Appeal",DCCV_PROCEEDCRIME_A,1.0,IT1
73_440_DF_DCCV_PROCEEDCRIME_A_8,1.0,"Reati, intervallo tra iscrizione e definizione del reato","Crimes, time interval between enrollment date and definition date",DCCV_PROCEEDCRIME_A,1.0,IT1
73_440_DF_DCCV_PROCEEDCRIME_A_9,1.0,"Reati, autore ignoto, tipo di comune","Crimes, unnown offender identity, type of municipality",DCCV_PROCEEDCRIME_A,1.0,IT1
73_58,1.0,Condannati con sentenza irrevocabile - Caratteristiche delle sentenze,Persons convicted by final judgement - Characteristics  of the judgements,DCCV_CONDCRIM1,1.0,IT1
73_58_DF_DCCV_CONDCRIM1_1,1.0,"Reati, natura del reato","Crimes, nature of the crime",DCCV_CONDCRIM1,1.0,IT1
73_58_DF_DCCV_CONDCRIM1_10,1.0,"Intervallo fra delitto e sentenza, reati, ufficio di giudizio","Time interval between committed felony and sentence, crimes, Judicial office",DCCV_CONDCRIM1,1.0,IT1
73_58_DF_DCCV_CONDCRIM1_11,1.0,"Reati commessi, ufficio giudiziario, anno del commesso reato","Crimes committed, Judicial office, year when the crime was committed",DCCV_CONDCRIM1,1.0,IT1
73_58_DF_DCCV_CONDCRIM1_12,1.0,"Dettaglio reati commessi, età al momento del reato","Crimes committed, age when the crime was committed",DCCV_CONDCRIM1,1.0,IT1
73_58_DF_DCCV_CONDCRIM1_13,1.0,Dettaglio reati commessi - reg.,Crimes committed - regions,DCCV_CONDCRIM1,1.0,IT1
73_58_DF_DCCV_CONDCRIM1_14,1.0,"Reati violenti, natura del reato","Violent crimes, nature of the crime",DCCV_CONDCRIM1,1.0,IT1
73_58_DF_DCCV_CONDCRIM1_15,1.0,"Reati violenti, misure di sicurezza","Violent crimes, security measures",DCCV_CONDCRIM1,1.0,IT1
73_58_DF_DCCV_CONDCRIM1_16,1.0,"Reati violenti per condannati con precedenti penali, età al momento del reato più grave","Violent crimes for convicted persons with previous convictions, age when the most serious crime was committed",DCCV_CONDCRIM1,1.0,IT1
73_58_DF_DCCV_CONDCRIM1_17,1.0,"Reati violenti, ufficio di giudizio, intervallo fra reato e sentenza","Violent crimes, judicial office, interval between crime and sentence",DCCV_CONDCRIM1,1.0,IT1
73_58_DF_DCCV_CONDCRIM1_18,1.0,"Reati violenti, precedenti penali","Violent crimes, previous convictions",DCCV_CONDCRIM1,1.0,IT1
73_58_DF_DCCV_CONDCRIM1_19,1.0,"Intervallo fra delitto e sentenza, reati violenti, ufficio di giudizio","Time interval between committed felony and sentence, violent crimes, Judicial office",DCCV_CONDCRIM1,1.0,IT1
73_58_DF_DCCV_CONDCRIM1_2,1.0,"Reati, misure di sicurezza","Crimes, security measures",DCCV_CONDCRIM1,1.0,IT1
73_58_DF_DCCV_CONDCRIM1_20,1.0,"Reati violenti commessi, ufficio giudiziario, anno del commesso reato","Violent crimes committed, Judicial office, year when the crime was committed",DCCV_CONDCRIM1,1.0,IT1
73_58_DF_DCCV_CONDCRIM1_21,1.0,"Reati violenti commessi, età al momento del reato","Violent crimes committed, age when the crime was committed",DCCV_CONDCRIM1,1.0,IT1
73_58_DF_DCCV_CONDCRIM1_22,1.0,Reati violenti commessi - reg.,Violent crimes committed - regions,DCCV_CONDCRIM1,1.0,IT1
73_58_DF_DCCV_CONDCRIM1_3,1.0,"Reati, età al momento del reato più grave","Crimes, age when the most serious crime was committed",DCCV_CONDCRIM1,1.0,IT1
73_58_DF_DCCV_CONDCRIM1_4,1.0,"Reati, ufficio di giudizio, intervallo fra reato e sentenza","Crimes, judicial office, interval between crime and sentence",DCCV_CONDCRIM1,1.0,IT1
73_58_DF_DCCV_CONDCRIM1_5,1.0,"Dettaglio reati, precedenti penali","Crimes detail, previous convictions",DCCV_CONDCRIM1,1.0,IT1
73_58_DF_DCCV_CONDCRIM1_6,1.0,"Natura del reato, età al momento del reato più grave","Nature of the crime, age when the most serious crime was committed",DCCV_CONDCRIM1,1.0,IT1
73_58_DF_DCCV_CONDCRIM1_7,1.0,"Ufficio di giudizio, distretto di corte d'appello","Judicial office, district Court of Appeal",DCCV_CONDCRIM1,1.0,IT1
73_58_DF_DCCV_CONDCRIM1_8,1.0,"Misure di sicurezza, distretto di corte d'appello","Security measures, district Court of Appeal",DCCV_CONDCRIM1,1.0,IT1
73_58_DF_DCCV_CONDCRIM1_9,1.0,"Distretto di corte d'appello, età al momento del reato più grave - Minori","District Court of Appeal, age when the most serious crime was committed - Minors",DCCV_CONDCRIM1,1.0,IT1
73_59,1.0,Condannati con sentenza irrevocabile - Caratteristiche demografiche,Persons convicted by final judgement - Demographic characteristics,DCCV_CONDGEO1,1.0,IT1
73_59_DF_DCCV_CONDGEO1_1,1.0,"Reati, ufficio giudiziario, anno del commesso reato","Crimes, judicial office and year the felony was committed",DCCV_CONDGEO1,1.0,IT1
73_59_DF_DCCV_CONDGEO1_10,1.0,"Provenienza geografica italiana, età","Italian geographical origin, age",DCCV_CONDGEO1,1.0,IT1
73_59_DF_DCCV_CONDGEO1_11,1.0,Provenienza geografica italiana - reg,Italian geographical origin - regions,DCCV_CONDGEO1,1.0,IT1
73_59_DF_DCCV_CONDGEO1_12,1.0,Provenienza geografica italiana - Minori,Italian geographical origin - Minors,DCCV_CONDGEO1,1.0,IT1
73_59_DF_DCCV_CONDGEO1_13,1.0,"Provenienza geografica estera, età","Foreign geographical origin, age",DCCV_CONDGEO1,1.0,IT1
73_59_DF_DCCV_CONDGEO1_14,1.0,Provenienza geografica estera - rip.,Foreign geographical origin - geographical areas,DCCV_CONDGEO1,1.0,IT1
73_59_DF_DCCV_CONDGEO1_15,1.0,"Reati violenti, ufficio giudiziario, anno del commesso delitto","Violent crimes, judicial office and year the felony was committed",DCCV_CONDGEO1,1.0,IT1
73_59_DF_DCCV_CONDGEO1_16,1.0,"Reati violenti, provenienza geografica estera","Violent crimes, foreign geographical origin",DCCV_CONDGEO1,1.0,IT1
73_59_DF_DCCV_CONDGEO1_17,1.0,Reati violenti - reg.,Violent crimes - geographical areas,DCCV_CONDGEO1,1.0,IT1
73_59_DF_DCCV_CONDGEO1_18,1.0,"Reati violenti, ufficio giudiziario - Minori","Violent crimes, judicial office - Minors",DCCV_CONDGEO1,1.0,IT1
73_59_DF_DCCV_CONDGEO1_19,1.0,"Reati violenti, pena inflitta, periodo reclusione - Minori","Violent crimes, sentence imposed, period of reclusion - Minors",DCCV_CONDGEO1,1.0,IT1
73_59_DF_DCCV_CONDGEO1_2,1.0,"Reati, provenienza geografica estera","Crimes, foreign geographical origin",DCCV_CONDGEO1,1.0,IT1
73_59_DF_DCCV_CONDGEO1_20,1.0,"Reati violenti, provenienza geografica - Minori","Violent crimes, geographical origin territory - Minors",DCCV_CONDGEO1,1.0,IT1
73_59_DF_DCCV_CONDGEO1_21,1.0,"Reati violenti, età","Violent crimes, age",DCCV_CONDGEO1,1.0,IT1
73_59_DF_DCCV_CONDGEO1_22,1.0,"Reati violenti, pena inflitta, periodo reclusione","Violent crimes, sentence imposed, period of reclusion",DCCV_CONDGEO1,1.0,IT1
73_59_DF_DCCV_CONDGEO1_23,1.0,"Reati violenti, delitti concorrenti","Violent crimes, concurrent felonies",DCCV_CONDGEO1,1.0,IT1
73_59_DF_DCCV_CONDGEO1_3,1.0,Reati - reg.,Crimes - regions,DCCV_CONDGEO1,1.0,IT1
73_59_DF_DCCV_CONDGEO1_4,1.0,"Reati, ufficio giudiziario - Minori","Crimes, judicial office - Minors",DCCV_CONDGEO1,1.0,IT1
73_59_DF_DCCV_CONDGEO1_5,1.0,"Reati, pena inflitta, periodo reclusione - Minori","Crimes, sentence imposed, period of reclusion - Minors",DCCV_CONDGEO1,1.0,IT1
73_59_DF_DCCV_CONDGEO1_6,1.0,"Reati, provenienza geografica - Minori","Crimes, geographical origin territory - Minors",DCCV_CONDGEO1,1.0,IT1
73_59_DF_DCCV_CONDGEO1_7,1.0,"Dettaglio reati, età","Crimes detail, age",DCCV_CONDGEO1,1.0,IT1
73_59_DF_DCCV_CONDGEO1_8,1.0,"Dettaglio reati, pena inflitta, periodo reclusione","Crimes detail, sentence imposed, period of reclusion",DCCV_CONDGEO1,1.0,IT1
73_59_DF_DCCV_CONDGEO1_9,1.0,"Dettaglio reati, reati concorrenti","Crimes detail, concurrent felonies",DCCV_CONDGEO1,1.0,IT1
73_67,1.0,Delitti denunciati dalle forze di polizia all'autorità giudiziaria,Crimes reported by the police forces to the judicial authority,DCCV_DELITTIPS,1.0,IT1
73_67_DF_DCCV_DELITTIPS_1,1.0,Tipo di reato,Type of crimes,DCCV_DELITTIPS,1.0,IT1
73_67_DF_DCCV_DELITTIPS_2,1.0,"Tipo, identità dell'autore, commessi durante l'anno - grandi comuni","Type, offender identity, perpetrated in the reference year - big municipality",DCCV_DELITTIPS,1.0,IT1
73_67_DF_DCCV_DELITTIPS_3,1.0,"Con autore noto, tipo e periodo del commesso delitto","With known offender, type and reference period of crime",DCCV_DELITTIPS,1.0,IT1
73_67_DF_DCCV_DELITTIPS_4,1.0,Con autore noto e periodo del commesso delitto - prov.,With known offender and reference period of crime - provinces,DCCV_DELITTIPS,1.0,IT1
73_67_DF_DCCV_DELITTIPS_5,1.0,"Delitti di cui si è scoperto l'autore, tipo - grandi comuni","Crimes with alleged known offenders, type - big municipalities",DCCV_DELITTIPS,1.0,IT1
73_67_DF_DCCV_DELITTIPS_6,1.0,"Delitti di cui si è scoperto l'autore, tipo","Crimes with alleged known offenders, type",DCCV_DELITTIPS,1.0,IT1
73_67_DF_DCCV_DELITTIPS_7,1.0,Delitti di cui si è scoperto l'autore - prov.,Crimes with alleged known offenders - provinces,DCCV_DELITTIPS,1.0,IT1
73_67_DF_DCCV_DELITTIPS_8,1.0,Tasso di delittuosità - grandi comuni,Crime rate - big municipalities,DCCV_DELITTIPS,1.0,IT1
73_67_DF_DCCV_DELITTIPS_9,1.0,Tasso di delittuosità - prov,Crime rate - provinces,DCCV_DELITTIPS,1.0,IT1
740_1088_DF_DICA_N01SS_1,1.0,Attività prevalente - Dati di sintesi,Prevalent activity - Data summary,DICA_N01SS,1.0,IT1
740_1088_DF_DICA_N01SS_2,1.0,Attività prevalente - Forma giuridica,Prevalent activity - Legal form,DICA_N01SS,1.0,IT1
740_1088_DF_DICA_N01SS_3,1.0,Attività prevalente - Attività economica,Prevalent activity - Business activity,DICA_N01SS,1.0,IT1
740_1088_DF_DICA_N01SS_4,1.0,Attività prevalente - Finanziamento prevalente,Prevalent activity -Prevalent financing,DICA_N01SS,1.0,IT1
740_1088_DF_DICA_N01SS_5,1.0,Attività prevalente - Orientamento istituzione,Prevalent activity- Institution scope,DICA_N01SS,1.0,IT1
740_1089_DF_DICA_N01C_1,1.0,Risorse umane complessive - Dati di sintesi,Human resources - Data summary,DICA_N01C,1.0,IT1
740_1089_DF_DICA_N01C_2,1.0,Risorse umane complessive - Istituzioni non profit,Human resources - Non profit institutions,DICA_N01C,1.0,IT1
740_1089_DF_DICA_N01C_3,1.0,Risorse umane complessive -Risorse economiche,Human resources - Economic resources,DICA_N01C,1.0,IT1
740_1089_DF_DICA_N01C_4,1.0,Risorse umane complessive - Risorse umane,Human resources,DICA_N01C,1.0,IT1
740_1089_DF_DICA_N01C_5,1.0,Istituzioni non profit per caratteristiche istituzione,Human resources - Non profit institutions by institution characteristics,DICA_N01C,1.0,IT1
740_1089_DF_DICA_N01C_6,1.0,Risorse umane complessive - Risorse economiche per caratteristiche istituzione,Human resources - Economic resources by institution characteristics,DICA_N01C,1.0,IT1
740_1089_DF_DICA_N01C_7,1.0,Risorse umane complessive - Risorse umane per caratteristiche istituzione,Human resources - Human resources by institution characteristics,DICA_N01C,1.0,IT1
740_1090_DF_DICA_N02M_1,1.0,Mission - Dati di sintesi,Mission - Data summary,DICA_N02M,1.0,IT1
740_1090_DF_DICA_N02M_2,1.0,Mission - Periodo di assunzione della forma giuridica,Mission -Period of legal form acquisition,DICA_N02M,1.0,IT1
740_1090_DF_DICA_N02M_3,1.0,Mission - Attività economica,Mission - Business activity,DICA_N02M,1.0,IT1
740_1090_DF_DICA_N02M_4,1.0,Mission - Finanziamento prevalente,Mission - Prevalent financing,DICA_N02M,1.0,IT1
740_1090_DF_DICA_N02M_5,1.0,Mission - Orientamento istituzione,Mission -Institution scope,DICA_N02M,1.0,IT1
740_1091_DF_DICA_N03G_1,1.0,Istituzioni e risorse umane complessive - Dati di sintesi,Institutions and human resources - Data summary,DICA_N03G,1.0,IT1
740_1091_DF_DICA_N03G_2,1.0,Istituzioni e risorse umane complessive - Attività economica,Institutions and human resources - Business activity,DICA_N03G,1.0,IT1
740_1091_DF_DICA_N03G_3,1.0,Istituzioni e risorse umane complessive -Orientamento istituzione,Institutions and human resources - Institution scope,DICA_N03G,1.0,IT1
740_1091_DF_DICA_N03G_4,1.0,Istituzioni e risorse umane complessive -Finanziamento prevalente,Institutions and human resources - Prevalent financing,DICA_N03G,1.0,IT1
740_1091_DF_DICA_N03G_5,1.0,Istituzioni e risorse umane complessive - ICNPO prevalente (completa),Institutions and human resources - Prevalent ICNPO (full),DICA_N03G,1.0,IT1
740_1092_DF_DICA_N05W_1,1.0,Risorse umane retribuite,Paid human resources,DICA_N05W,1.0,IT1
740_1120_DF_DICA_N03B_1,1.0,Risorse economiche - Dati di sintesi,Economic and financial resources -Data summary,DICA_N03B,1.0,IT1
740_1120_DF_DICA_N03B_2,1.0,"Risorse economiche - Entrate registrate, classe delle risorse umane","Economic and financial resources - Revenues in statement, class of human resource",DICA_N03B,1.0,IT1
740_1120_DF_DICA_N03B_3,1.0,"Risorse economiche - Uscite registrate, classe delle risorse umane","Economic and financial resources - Expenditures in statement, class of human resource",DICA_N03B,1.0,IT1
741_1096_DF_DICA_IPSTRIPNP_1,1.0,"Istituzioni, risorse umane e genere - Dati di sintesi","Institutions, human resources and gender - Data summary",DICA_IPSTRIPNP,1.0,IT1
741_1096_DF_DICA_IPSTRIPNP_10,1.0,"Istituzioni, risorse umane e genere - Ateco (categorie)","Institutions, human resources and gender - Nace (categories)",DICA_IPSTRIPNP,1.0,IT1
741_1096_DF_DICA_IPSTRIPNP_11,1.0,"Istituzioni, risorse umane e genere - Ateco (classi), classe dei dipendenti, sesso dei dipendenti","Institutions, human resources and gender - Nace (classes), class of employees, gender of employees",DICA_IPSTRIPNP,1.0,IT1
741_1096_DF_DICA_IPSTRIPNP_12,1.0,"Istituzioni, risorse umane e genere - Ateco  (categorie)","Institutions, human resources and gender - Nace  (categories)",DICA_IPSTRIPNP,1.0,IT1
741_1096_DF_DICA_IPSTRIPNP_13,1.0,"Istituzioni, risorse umane e genere - Ateco (categorie), classe dei volontari","Institutions, human resources and gender - Nace (categories), class of volunteeers",DICA_IPSTRIPNP,1.0,IT1
741_1096_DF_DICA_IPSTRIPNP_2,1.0,"Istituzioni, risorse umane e genere - Ateco (categorie), forma giuridica e classe di unità locali","Institutions, human resources and gender - Nace (categories), legal form and class of local units",DICA_IPSTRIPNP,1.0,IT1
741_1096_DF_DICA_IPSTRIPNP_3,1.0,"Istituzioni, risorse umane e genere - Ateco (categorie), forma giuridica e classe della risorsa umana","Institutions, human resources and gender - Nace (categories), legal form and class of human resource",DICA_IPSTRIPNP,1.0,IT1
741_1096_DF_DICA_IPSTRIPNP_4,1.0,"Istituzioni, risorse umane e genere - Ateco (categorie), classe del personale effettivo in servizio","Institutions, human resources and gender - Nace (categories), class of employed staff",DICA_IPSTRIPNP,1.0,IT1
741_1096_DF_DICA_IPSTRIPNP_5,1.0,"Istituzioni, risorse umane e genere - Ateco (categorie), classe dei dipendenti","Institutions, human resources and gender - Nace (categories), class of employees",DICA_IPSTRIPNP,1.0,IT1
741_1096_DF_DICA_IPSTRIPNP_6,1.0,"Istituzioni, risorse umane e genere - Ateco (categorie), classe dei volontari","Institutions, human resources and gender - Nace (categories), class of volunteers",DICA_IPSTRIPNP,1.0,IT1
741_1096_DF_DICA_IPSTRIPNP_7,1.0,"Istituzioni, risorse umane e genere - Ateco (gruppi), classe del personale effettivo in servizio","Institutions, human resources and gender - Nace (groups), class of employed staff",DICA_IPSTRIPNP,1.0,IT1
741_1096_DF_DICA_IPSTRIPNP_8,1.0,"Istituzioni, risorse umane e genere - Ateco (gruppi), classe dei dipendenti","Institutions, human resources and gender - Nace (groups), class of employees",DICA_IPSTRIPNP,1.0,IT1
741_1096_DF_DICA_IPSTRIPNP_9,1.0,"Istituzioni, risorse umane e genere - Ateco (classi), classe del personale effettivo in servizio, sesso del personale effettivo in servizio","Institutions, human resources and gender - Nace (classes), class of employed staff, gender of employed staff",DICA_IPSTRIPNP,1.0,IT1
741_1097_DF_DICA_IPSTRIPCOM_1,1.0,"Istituzioni, risorse umane e genere  -  dati comunali - Dati di sintesi","Institutions, human resources and gender  -  municipal level - Data summary",DICA_IPSTRIPCOM,1.0,IT1
741_1097_DF_DICA_IPSTRIPCOM_10,1.0,"Istituzioni, risorse umane e genere  -  dati comunali - Ateco (gruppi)","Institutions, human resources and gender  -  municipal level - Nace (groups)",DICA_IPSTRIPCOM,1.0,IT1
741_1097_DF_DICA_IPSTRIPCOM_11,1.0,"Istituzioni, risorse umane e genere  -  dati comunali - Ateco (divisioni), classe dei dipendenti, sesso dei dipendenti","Institutions, human resources and gender  -  municipal level - Nace (divisions), class of employees, gender of employees",DICA_IPSTRIPCOM,1.0,IT1
741_1097_DF_DICA_IPSTRIPCOM_12,1.0,"Istituzioni, risorse umane e genere  -  dati comunali - Ateco  (gruppi)","Institutions, human resources and gender  -  municipal level - Nace  (groups)",DICA_IPSTRIPCOM,1.0,IT1
741_1097_DF_DICA_IPSTRIPCOM_2,1.0,"Istituzioni, risorse umane e genere  -  dati comunali - Ateco (gruppi), classe di unità locali","Institutions, human resources and gender  -  municipal level - Nace (groups), class of local units",DICA_IPSTRIPCOM,1.0,IT1
741_1097_DF_DICA_IPSTRIPCOM_3,1.0,"Istituzioni, risorse umane e genere  -  dati comunali - Ateco (gruppi), classe della risorsa umana nel complesso","Institutions, human resources and gender  -  municipal level - Nace (groups), class of human resource on the whole",DICA_IPSTRIPCOM,1.0,IT1
741_1097_DF_DICA_IPSTRIPCOM_4,1.0,"Istituzioni, risorse umane e genere  -  dati comunali - Ateco (gruppi), classe del personale effettivo in servizio","Institutions, human resources and gender  -  municipal level - Nace (groups), class of employed staff",DICA_IPSTRIPCOM,1.0,IT1
741_1097_DF_DICA_IPSTRIPCOM_5,1.0,"Istituzioni, risorse umane e genere  -  dati comunali - Ateco (gruppi), classe dei dipendenti","Institutions, human resources and gender  -  municipal level - Nace (groups), class of employees",DICA_IPSTRIPCOM,1.0,IT1
741_1097_DF_DICA_IPSTRIPCOM_6,1.0,"Istituzioni, risorse umane e genere  -  dati comunali - Ateco (gruppi), classe dei volontari","Institutions, human resources and gender  -  municipal level - Nace (groups), class of volunteers",DICA_IPSTRIPCOM,1.0,IT1
741_1097_DF_DICA_IPSTRIPCOM_7,1.0,"Istituzioni, risorse umane e genere  -  dati comunali - Ateco  (gruppi), classe del personale effettivo in servizio","Institutions, human resources and gender  -  municipal level - Nace  (groups), class of employed staff",DICA_IPSTRIPCOM,1.0,IT1
741_1097_DF_DICA_IPSTRIPCOM_8,1.0,"Istituzioni, risorse umane e genere  -  dati comunali - Ateco  (gruppi), classe dei dipendenti","Institutions, human resources and gender  -  municipal level - Nace  (groups), class of employees",DICA_IPSTRIPCOM,1.0,IT1
741_1097_DF_DICA_IPSTRIPCOM_9,1.0,"Istituzioni, risorse umane e genere  -  dati comunali - Ateco (divisioni), classe del personale effettivo in servizio, sesso del personale effettivo in servizio","Institutions, human resources and gender  -  municipal level - Nace (divisions), class of employed staff, gender of employed staff",DICA_IPSTRIPCOM,1.0,IT1
741_1098_DF_DICA_IPSTRULNP_1,1.0,"Unità locali, risorse umane e genere - Dati di sintesi","Local units, human resources and gender - Data summary",DICA_IPSTRULNP,1.0,IT1
741_1098_DF_DICA_IPSTRULNP_10,1.0,"Dipendenti - Ateco (classi), classe del dipendenti, sesso del dipendenti","Employees - Nace (classes), class of employees, gender of employees",DICA_IPSTRULNP,1.0,IT1
741_1098_DF_DICA_IPSTRULNP_2,1.0,"Unità locali - Ateco (categorie), titolo di possesso, classe di superficie delle unità locali","Local units - Nace (categories), real estates rights to use, class size of local units",DICA_IPSTRULNP,1.0,IT1
741_1098_DF_DICA_IPSTRULNP_3,1.0,"Unità locali con personale effettivo in servizio - Ateco (categorie), classe del personale effettivo in servizio, sesso del personale effettivo in servizio","Local units with employed staff - Nace (categories), class of employed staff, gender of employed staff",DICA_IPSTRULNP,1.0,IT1
741_1098_DF_DICA_IPSTRULNP_4,1.0,"Unità locali con dipendenti - Ateco (categorie), classe dei dipendenti, sesso dei dipendenti","Local units with employees - Nace (categories), class of employees, gender of employees",DICA_IPSTRULNP,1.0,IT1
741_1098_DF_DICA_IPSTRULNP_5,1.0,"Unità locali - Ateco (categorie), classe dei dipendenti","Local units - Nace (categories), class of employees",DICA_IPSTRULNP,1.0,IT1
741_1098_DF_DICA_IPSTRULNP_6,1.0,"Unità locali - Ateco (categorie), classe del personale effettivo in servizio","Local units - Nace (categories), class of employed staff",DICA_IPSTRULNP,1.0,IT1
741_1098_DF_DICA_IPSTRULNP_7,1.0,Personale effettivo in servizio - Ateco (categorie),Employed staff - Nace (categories),DICA_IPSTRULNP,1.0,IT1
741_1098_DF_DICA_IPSTRULNP_8,1.0,"Personale effettivo in servizio - Ateco (classi), classe del personale effettivo in servizio, sesso del personale effettivo in servizio","Employed staff - Nace (classes), class of employed staff, gender of employed staff",DICA_IPSTRULNP,1.0,IT1
741_1098_DF_DICA_IPSTRULNP_9,1.0,Dipendenti - Ateco (categorie),Employees - Nace (categories),DICA_IPSTRULNP,1.0,IT1
741_1099_DF_DICA_IPSTRULCOM_1,1.0,"Unità locali, risorse umane e genere - dati comunali - Dati di sintesi","Local units, human resources and gender - municipal level - Data summary",DICA_IPSTRULCOM,1.0,IT1
741_1099_DF_DICA_IPSTRULCOM_2,1.0,"Unità locali - Ateco (gruppi), classe del personale effettivo in servizio","Local units - Nace (groups), class of employed staff",DICA_IPSTRULCOM,1.0,IT1
741_1099_DF_DICA_IPSTRULCOM_3,1.0,"Unità locali - Ateco (gruppi), classe dei dipendenti","Local units - Nace (groups), class of employees",DICA_IPSTRULCOM,1.0,IT1
741_1099_DF_DICA_IPSTRULCOM_4,1.0,"Unità locali - Ateco (gruppi), titolo di possesso, classe di superficie delle unità locali","Local units - Nace (groups), real estates rights to use, class size of local units",DICA_IPSTRULCOM,1.0,IT1
741_1099_DF_DICA_IPSTRULCOM_5,1.0,"Unità locali con personale effettivo in servizio - Ateco (gruppi), classe del personale, sesso del personale effettivo","Local units with employed staff - Nace (groups), class of employed staff, gender of employed staff",DICA_IPSTRULCOM,1.0,IT1
741_1099_DF_DICA_IPSTRULCOM_6,1.0,"Personale effettivo in servizio - Ateco (divisioni), classe del personale effettivo in servizio, sesso del personale effettivo in servizio","Employed staff - Nace (divisions), class of employed staff, gender of employed staff",DICA_IPSTRULCOM,1.0,IT1
741_1099_DF_DICA_IPSTRULCOM_7,1.0,Personale effettivo in servizio - Ateco (gruppi),Employed staff - Nace (groups),DICA_IPSTRULCOM,1.0,IT1
741_1099_DF_DICA_IPSTRULCOM_8,1.0,"Dipendenti - Ateco (divisioni), classe dei dipendenti, sesso dei dipendenti","Employees - Nace (divisions), class of employees, gender of employees",DICA_IPSTRULCOM,1.0,IT1
741_1099_DF_DICA_IPSTRULCOM_9,1.0,Dipendenti - Ateco (gruppi),Employees - Nace (groups),DICA_IPSTRULCOM,1.0,IT1
741_1100_DF_DICA_IPO_1,1.0,Occupazione per tipologia contrattuale e regime orario - Occupazione per tipologia contrattuale e regime orario,Employment by contract type and working time - Employment by contract type and working time,DICA_IPO,1.0,IT1
741_1101_DF_DICA_IPIF_1,1.0,Attività formativa del personale - Dati di sintesi,Qualification -Data summary,DICA_IPIF,1.0,IT1
741_1101_DF_DICA_IPIF_2,1.0,"Attività formativa del personale - Classe di personale effettivo, tipo di attività formativa","Qualification - Class of employed staff, type of training activity",DICA_IPIF,1.0,IT1
741_1101_DF_DICA_IPIF_3,1.0,"Attività formativa del personale - Classe di personale effettivo, attività formativa, ore di formazione e partecipanti","Qualification - Class of employed staff, training activity, hours of training activity provided and courses participants",DICA_IPIF,1.0,IT1
742_1102_DF_DCSI_CPI_CONTROLLO_1,1.0,"Proprietà, controllo, gestione - Sezione Ateco, classe di addetti - reg.  (2018 - 2022)","Ownership and governance - Nace sectors, class of persons employed - reg.  (2018 - 2022)",DCSI_CPI_CONTROLLO,1.0,IT1
742_1102_DF_DCSI_CPI_CONTROLLO_10,1.0,"Conseguenze del passaggio generazionale - Sezione Ateco, classe di addetti - reg. (2018 - 2022)","Consequences of the generational transition - Nace sectors, class of persons employed - reg. (2018 - 2022)",DCSI_CPI_CONTROLLO,1.0,IT1
742_1102_DF_DCSI_CPI_CONTROLLO_11,1.0,"Conseguenze del passaggio generazionale - Divisione Ateco (2 digit), classe di addetti (2018 - 2022)","Consequences of the generational transition - Nace 2 digit, class of persons employed (2018 - 2022)",DCSI_CPI_CONTROLLO,1.0,IT1
742_1102_DF_DCSI_CPI_CONTROLLO_12,1.0,Conseguenze del passaggio generazionale - Classe di Ateco (4 digit) (2018 - 2022),Consequences of the generational transition - Nace 4 digit (2018 - 2022),DCSI_CPI_CONTROLLO,1.0,IT1
742_1102_DF_DCSI_CPI_CONTROLLO_13,1.0,Tipo di gestione - Macrosettori economici - prov. (2018-2022),Type of management - Economic sectors - prov. (2018-2022),DCSI_CPI_CONTROLLO,1.0,IT1
742_1102_DF_DCSI_CPI_CONTROLLO_14,1.0,"Tipo di gestione - Sezione Ateco, classe di addetti - reg. (2018-2022)","Type of management - Nace sectors, class of persons employed - reg. (2018-2022)",DCSI_CPI_CONTROLLO,1.0,IT1
742_1102_DF_DCSI_CPI_CONTROLLO_15,1.0,"Tipo di gestione - Divisione Ateco (2 digit), classe di addetti (2018-2022)","Type of management - Nace 2 digit, class of persons employed (2018-2022)",DCSI_CPI_CONTROLLO,1.0,IT1
742_1102_DF_DCSI_CPI_CONTROLLO_16,1.0,Tipo di gestione - Classe di Ateco (4 digit) (2018-2022),Type of management - Nace 4 digit (2018-2022),DCSI_CPI_CONTROLLO,1.0,IT1
742_1102_DF_DCSI_CPI_CONTROLLO_17,1.0,Ostacoli al passaggio generazionale - Macrosettori economici - prov.,Obstacles of the generational transition - Economic sectors - prov.,DCSI_CPI_CONTROLLO,1.0,IT1
742_1102_DF_DCSI_CPI_CONTROLLO_18,1.0,"Ostacoli al passaggio generazionale - Sezione Ateco, classe di addetti - reg.","Obstacles of the generational transition - Nace sectors, class of persons employed - reg.",DCSI_CPI_CONTROLLO,1.0,IT1
742_1102_DF_DCSI_CPI_CONTROLLO_19,1.0,"Ostacoli al passaggio generazionale - Divisione Ateco (2 digit), classe di addetti","Obstacles of the generational transition - Nace 2 digit, class of persons employed",DCSI_CPI_CONTROLLO,1.0,IT1
742_1102_DF_DCSI_CPI_CONTROLLO_2,1.0,"Proprietà, controllo, gestione - Macrosettori economici - prov. (2018 - 2022)",Ownership and governance - Economic sectors - prov. (2018 - 2022),DCSI_CPI_CONTROLLO,1.0,IT1
742_1102_DF_DCSI_CPI_CONTROLLO_20,1.0,Ostacoli al passaggio generazionale - Classe di Ateco (4 digit),Obstacles of the generational transition - Nace 4 digit,DCSI_CPI_CONTROLLO,1.0,IT1
742_1102_DF_DCSI_CPI_CONTROLLO_21,1.0,Obiettivi strategici perseguiti - Macrosettori economici - prov. (2018 - 2022),Strategic objectives pursued - Economic sectors - prov. (2018 - 2022),DCSI_CPI_CONTROLLO,1.0,IT1
742_1102_DF_DCSI_CPI_CONTROLLO_22,1.0,"Obiettivi strategici perseguiti - Sezione Ateco, classe di addetti - reg. (2018 - 2022)","Strategic objectives pursued - Nace sectors, class of persons employed - reg. (2018 - 2019)",DCSI_CPI_CONTROLLO,1.0,IT1
742_1102_DF_DCSI_CPI_CONTROLLO_23,1.0,"Obiettivi strategici perseguiti - Divisione Ateco (2 digit), classe di addetti (2018 -2022)","Strategic objectives pursued - Nace 2 digit, class of persons employed (2018 -2022)",DCSI_CPI_CONTROLLO,1.0,IT1
742_1102_DF_DCSI_CPI_CONTROLLO_24,1.0,Obiettivi strategici perseguiti - Classe di Ateco (4 digit) (2018 - 2022),Strategic objectives pursued - Nace 4 digit (2018 - 2022),DCSI_CPI_CONTROLLO,1.0,IT1
742_1102_DF_DCSI_CPI_CONTROLLO_25,1.0,Obiettivi strategici futuri - Macrosettori economici - prov. (2018 - 2022),Strategic objectives to pursue - Economic sectors - prov. (2018 - 2022),DCSI_CPI_CONTROLLO,1.0,IT1
742_1102_DF_DCSI_CPI_CONTROLLO_26,1.0,"Obiettivi strategici futuri - Sezione Ateco, classe di addetti - reg. (2018 - 2022)","Strategic objectives to pursue - Nace sectors, class of persons employed - reg. (2018 - 2019)",DCSI_CPI_CONTROLLO,1.0,IT1
742_1102_DF_DCSI_CPI_CONTROLLO_27,1.0,"Obiettivi strategici futuri - Divisione Ateco (2 digit), classe di addetti (2018 - 2022)","Strategic objectives to pursue - Nace 2 digit, class of persons employed (2018 - 2022)",DCSI_CPI_CONTROLLO,1.0,IT1
742_1102_DF_DCSI_CPI_CONTROLLO_28,1.0,Obiettivi strategici futuri - Classe di Ateco (4 digit) (2018 - 2022),Strategic objectives to pursue - Nace 4 digit (2018 - 2022),DCSI_CPI_CONTROLLO,1.0,IT1
742_1102_DF_DCSI_CPI_CONTROLLO_3,1.0,"Proprietà, controllo, gestione - Classe di Ateco (4 digit)  (2018 - 2022)",Ownership and governance - Nace 4 digit  (2018 - 2022),DCSI_CPI_CONTROLLO,1.0,IT1
742_1102_DF_DCSI_CPI_CONTROLLO_4,1.0,"Proprietà, controllo, gestione - Divisione Ateco (2 digit), classe di addetti  (2018 - 2022)","Ownership and governance - Nace 2 digit, class of persons employed  (2018 - 2022)",DCSI_CPI_CONTROLLO,1.0,IT1
742_1102_DF_DCSI_CPI_CONTROLLO_5,1.0,Periodo del passaggio generazionale - Macrosettori economici - prov. (2018 - 2022),Family business successions period - Economic sectors - prov. (2018 - 2022),DCSI_CPI_CONTROLLO,1.0,IT1
742_1102_DF_DCSI_CPI_CONTROLLO_6,1.0,"Periodo del passaggio generazionale - Sezione Ateco, classe di addetti - reg. (2018 - 2022)","Family business successions period - Nace sectors, class of persons employed - reg.  (2018 - 2022)",DCSI_CPI_CONTROLLO,1.0,IT1
742_1102_DF_DCSI_CPI_CONTROLLO_7,1.0,"Periodo del passaggio generazionale - Divisione Ateco (2 digit), classe di addetti (2018 - 2022)","Family business successions period - Nace 2 digit, class of persons employed (2018 - 2022)",DCSI_CPI_CONTROLLO,1.0,IT1
742_1102_DF_DCSI_CPI_CONTROLLO_8,1.0,Periodo del passaggio generazionale - Classe di Ateco (4 digit) (2018 - 2022),Family business successions period - Nace 4 digit (2018 - 2022),DCSI_CPI_CONTROLLO,1.0,IT1
742_1102_DF_DCSI_CPI_CONTROLLO_9,1.0,Conseguenze del passaggio generazionale - Macrosettori economici - prov. (2018 - 2022),Consequences of the generational transition - Economic sectors - prov. (2018 - 2022),DCSI_CPI_CONTROLLO,1.0,IT1
742_1103_DF_DCSI_CPI_RISORSE_1,1.0,Acquisizione di risorse umane - Macrosettori economici - prov. (2018 - 2022),Acquisition of human resources - Economic sectors - prov. (2018 - 2022),DCSI_CPI_RISORSE,1.0,IT1
742_1103_DF_DCSI_CPI_RISORSE_10,1.0,"Competenze - Sezione Ateco, classe di addetti - reg. (2018 - 2022)","Skills - Nace sectors, class of persons employed - reg.  (2018 - 2022)",DCSI_CPI_RISORSE,1.0,IT1
742_1103_DF_DCSI_CPI_RISORSE_11,1.0,"Competenze - Divisione Ateco (2 digit), classe di addetti (2018 - 2022)","Skills - Nace 2 digit, class of persons employed (2018 - 2022)",DCSI_CPI_RISORSE,1.0,IT1
742_1103_DF_DCSI_CPI_RISORSE_12,1.0,Competenze - Classe di Ateco (4 digit) (2018 - 2022),Skills - Nace 4 digit (2018 - 2022),DCSI_CPI_RISORSE,1.0,IT1
742_1103_DF_DCSI_CPI_RISORSE_13,1.0,Ostacoli - Macrosettori economici - prov. (2018-2022),Obstacles - Economic sectors - prov. (2018-2022),DCSI_CPI_RISORSE,1.0,IT1
742_1103_DF_DCSI_CPI_RISORSE_14,1.0,"Ostacoli - Sezione Ateco, classe di addetti - reg. (2018 - 2022)","Obstacles - Nace sectors, class of persons employed - reg.  (2018 - 2022)",DCSI_CPI_RISORSE,1.0,IT1
742_1103_DF_DCSI_CPI_RISORSE_15,1.0,"Ostacoli - Divisione Ateco (2 digit), classe di addetti (2018 - 2022)","Obstacles - Nace 2 digit, class of persons employed (2018 - 2022)",DCSI_CPI_RISORSE,1.0,IT1
742_1103_DF_DCSI_CPI_RISORSE_16,1.0,Ostacoli - Classe di Ateco (4 digit) (2018 - 2022),Obstacles - Nace 4 digit (2018 - 2022),DCSI_CPI_RISORSE,1.0,IT1
742_1103_DF_DCSI_CPI_RISORSE_17,1.0,Modalità di acquisizione - Macrosettori economici - prov.,Selection methods - Economic sectors - prov.,DCSI_CPI_RISORSE,1.0,IT1
742_1103_DF_DCSI_CPI_RISORSE_18,1.0,"Modalità di acquisizione - Sezione Ateco, classe di addetti - reg.","Selection methods - Nace sectors, class of persons employed - reg.",DCSI_CPI_RISORSE,1.0,IT1
742_1103_DF_DCSI_CPI_RISORSE_19,1.0,"Modalità di acquisizione - Divisione Ateco (2 digit), classe di addetti","Selection methods - Nace 2 digit, class of persons employed",DCSI_CPI_RISORSE,1.0,IT1
742_1103_DF_DCSI_CPI_RISORSE_2,1.0,"Acquisizione di risorse umane - Divisione Ateco (2 digit), classe di addetti (2018 - 2022)","Acquisition of human resources - Nace 2 digit, class of persons employed (2018 - 2022)",DCSI_CPI_RISORSE,1.0,IT1
742_1103_DF_DCSI_CPI_RISORSE_20,1.0,Modalità di acquisizione - Classe di Ateco (4 digit),Selection methods - Nace 4 digit,DCSI_CPI_RISORSE,1.0,IT1
742_1103_DF_DCSI_CPI_RISORSE_21,1.0,Area funzionale interessata - Macrosettori economici - prov.,Functional area affected - Economic sectors - prov.,DCSI_CPI_RISORSE,1.0,IT1
742_1103_DF_DCSI_CPI_RISORSE_22,1.0,"Area funzionale interessata - Sezione Ateco, classe di addetti - reg.","Functional area affected - Nace sectors, class of persons employed - reg.",DCSI_CPI_RISORSE,1.0,IT1
742_1103_DF_DCSI_CPI_RISORSE_23,1.0,"Area funzionale interessata - Divisione Ateco (2 digit), classe di addetti","Functional area affected - Nace 2 digit, class of persons employed",DCSI_CPI_RISORSE,1.0,IT1
742_1103_DF_DCSI_CPI_RISORSE_24,1.0,Area funzionale interessata - Classe di Ateco (4 digit),Functional area affected - Nace 4 digit,DCSI_CPI_RISORSE,1.0,IT1
742_1103_DF_DCSI_CPI_RISORSE_25,1.0,Pratiche di gestione del personale - Macrosettori economici - prov. (2018 - 2022),Personnel management practices - Economic sectors - prov. (2018 - 2022),DCSI_CPI_RISORSE,1.0,IT1
742_1103_DF_DCSI_CPI_RISORSE_26,1.0,"Pratiche di gestione del personale - Sezione Ateco, classe di addetti - reg.","Personnel management practices - Nace sectors, class of persons employed - reg.",DCSI_CPI_RISORSE,1.0,IT1
742_1103_DF_DCSI_CPI_RISORSE_27,1.0,"Pratiche di gestione del personale - Divisione Ateco (2 digit), classe di addetti (2018 -2019)","Personnel management practices - Nace 2 digit, class of persons employed (2018 -2019)",DCSI_CPI_RISORSE,1.0,IT1
742_1103_DF_DCSI_CPI_RISORSE_28,1.0,Pratiche di gestione del personale - Classe di Ateco (4 digit) (2018 - 2022),Personnel management practices - Nace 4 digit (2018 - 2022),DCSI_CPI_RISORSE,1.0,IT1
742_1103_DF_DCSI_CPI_RISORSE_29,1.0,Pratiche per attrarre e/o trattenere personale qualificato - Macrosettori economici - prov. (2018 - 2022),Practices to attract and/or retain qualified personnel - Economic sectors - prov. (2018 - 2022),DCSI_CPI_RISORSE,1.0,IT1
742_1103_DF_DCSI_CPI_RISORSE_3,1.0,"Acquisizione di risorse umane - Sezione Ateco, classe di addetti - reg. (2018 - 2022)","Acquisition of human resources - Nace sectors, class of persons employed - reg. (2018 - 2022)",DCSI_CPI_RISORSE,1.0,IT1
742_1103_DF_DCSI_CPI_RISORSE_30,1.0,"Pratiche per attrarre e/o trattenere personale qualificato - Sezione Ateco, classe di addetti - reg. (2018-2022)","Practices to attract and/or retain qualified personnel - Nace sectors, class of persons employed - reg. (2018-2022)",DCSI_CPI_RISORSE,1.0,IT1
742_1103_DF_DCSI_CPI_RISORSE_31,1.0,"Pratiche per attrarre e/o trattenere personale qualificato - Divisione Ateco (2 digit), classe di addetti (2018 - 2022)","Practices to attract and/or retain qualified personnel - Nace 2 digit, class of persons employed (2018 - 2022)",DCSI_CPI_RISORSE,1.0,IT1
742_1103_DF_DCSI_CPI_RISORSE_32,1.0,Pratiche per attrarre e/o trattenere personale qualificato - Classe di Ateco (4 digit) (2018-2022),Practices to attract and/or retain qualified personnel - Nace 4 digit (2018-2022),DCSI_CPI_RISORSE,1.0,IT1
742_1103_DF_DCSI_CPI_RISORSE_4,1.0,Acquisizione di risorse umane - Classe di Ateco (4 digit) (2018 - 2022),Acquisition of human resources - Nace 4 digit (2018 - 2022),DCSI_CPI_RISORSE,1.0,IT1
742_1103_DF_DCSI_CPI_RISORSE_5,1.0,Posizione professionale - Macrosettori economici - prov. (2018 - 2022),Labour position - Economic sectors - prov. (2018 - 2022),DCSI_CPI_RISORSE,1.0,IT1
742_1103_DF_DCSI_CPI_RISORSE_6,1.0,"Posizione professionale - Sezione Ateco, classe di addetti - reg. (2018-2022)","Labour position - Nace sectors, class of persons employed - reg. (2018-2022)",DCSI_CPI_RISORSE,1.0,IT1
742_1103_DF_DCSI_CPI_RISORSE_7,1.0,"Posizione professionale - Divisione Ateco (2 digit), classe di addetti (2018-2022)","Labour position - Nace 2 digit, class of persons employed (2018-2022)",DCSI_CPI_RISORSE,1.0,IT1
742_1103_DF_DCSI_CPI_RISORSE_8,1.0,Posizione professionale - Classe di Ateco (4 digit) (2018 - 2022),Labour position - Nace 4 digit (2018 - 2022),DCSI_CPI_RISORSE,1.0,IT1
742_1103_DF_DCSI_CPI_RISORSE_9,1.0,Competenze - Macrosettori economici - prov. (2018 - 2022),Skills - Economic sectors - prov. (2018 - 2022),DCSI_CPI_RISORSE,1.0,IT1
742_1105_DF_DCSI_CPI_FORMAZIONE_1,1.0,Formazione non obbligatoria - Macrosettori economici - prov.,Non-compulsory company training - Economic sectors - prov.,DCSI_CPI_FORMAZIONE,1.0,IT1
742_1105_DF_DCSI_CPI_FORMAZIONE_10,1.0,"Competenze - Sezione Ateco, classe di addetti - reg.","Subject of training - Nace sectors, class of persons employed - reg.",DCSI_CPI_FORMAZIONE,1.0,IT1
742_1105_DF_DCSI_CPI_FORMAZIONE_11,1.0,"Competenze - Divisione Ateco (2 digit), classe di addetti","Subject of training - Nace 2 digit, class of persons employed",DCSI_CPI_FORMAZIONE,1.0,IT1
742_1105_DF_DCSI_CPI_FORMAZIONE_12,1.0,Competenze - Classe di Ateco (4 digit),Subject of training - Nace 4 digit,DCSI_CPI_FORMAZIONE,1.0,IT1
742_1105_DF_DCSI_CPI_FORMAZIONE_13,1.0,Personale coinvolto - Macrosettori economici - prov.,Personnel involved in training - Economic sectors - prov.,DCSI_CPI_FORMAZIONE,1.0,IT1
742_1105_DF_DCSI_CPI_FORMAZIONE_14,1.0,"Personale coinvolto - Sezione Ateco, classe di addetti - reg.","Personnel involved in training - Nace sectors, class of persons employed - reg.",DCSI_CPI_FORMAZIONE,1.0,IT1
742_1105_DF_DCSI_CPI_FORMAZIONE_15,1.0,"Personale coinvolto - Divisione Ateco (2 digit), classe di addetti","Personnel involved in training - Nace 2 digit, class of persons employed",DCSI_CPI_FORMAZIONE,1.0,IT1
742_1105_DF_DCSI_CPI_FORMAZIONE_16,1.0,Personale coinvolto - Classe di Ateco (4 digit),Personnel involved in training - Nace 4 digit,DCSI_CPI_FORMAZIONE,1.0,IT1
742_1105_DF_DCSI_CPI_FORMAZIONE_17,1.0,Andamento della spesa per formazione - Macrosettori economici - prov.,Expenditure in training activities state - Economic sectors - prov.,DCSI_CPI_FORMAZIONE,1.0,IT1
742_1105_DF_DCSI_CPI_FORMAZIONE_18,1.0,"Andamento della spesa per formazione - Sezione Ateco, classe di addetti - reg.","Expenditure in training activities state - Nace sectors, class of persons employed - reg.",DCSI_CPI_FORMAZIONE,1.0,IT1
742_1105_DF_DCSI_CPI_FORMAZIONE_19,1.0,"Andamento della spesa per formazione - Divisione Ateco (2 digit), classe di addetti","Expenditure in training activities state - Nace 2 digit, class of persons employed",DCSI_CPI_FORMAZIONE,1.0,IT1
742_1105_DF_DCSI_CPI_FORMAZIONE_2,1.0,"Formazione non obbligatoria - Sezione Ateco, classe di addetti - reg.","Non-compulsory company training - Nace sectors, class of persons employed - reg.",DCSI_CPI_FORMAZIONE,1.0,IT1
742_1105_DF_DCSI_CPI_FORMAZIONE_20,1.0,Andamento della spesa per formazione - Classe di Ateco (4 digit),Expenditure in training activities state - Nace 4 digit,DCSI_CPI_FORMAZIONE,1.0,IT1
742_1105_DF_DCSI_CPI_FORMAZIONE_21,1.0,Limitazione nella spesa o mancata formazione - Macrosettori economici - prov.,Limitation in expenditure or training absence - Economic sectors - prov.,DCSI_CPI_FORMAZIONE,1.0,IT1
742_1105_DF_DCSI_CPI_FORMAZIONE_22,1.0,"Limitazione nella spesa o mancata formazione - Sezione Ateco, classe di addetti - reg.","Limitation in expenditure or training absence - Nace sectors, class of persons employed - reg.",DCSI_CPI_FORMAZIONE,1.0,IT1
742_1105_DF_DCSI_CPI_FORMAZIONE_23,1.0,"Limitazione nella spesa o mancata formazione - Divisione Ateco (2 digit), classe di addetti","Limitation in expenditure or training absence - Nace 2 digit, class of persons employed",DCSI_CPI_FORMAZIONE,1.0,IT1
742_1105_DF_DCSI_CPI_FORMAZIONE_24,1.0,Limitazione nella spesa o mancata formazione - Classe di Ateco (4 digit),Limitation in expenditure or training absence - Nace 4 digit,DCSI_CPI_FORMAZIONE,1.0,IT1
742_1105_DF_DCSI_CPI_FORMAZIONE_3,1.0,Formazione non obbligatoria - Classe di Ateco (4 digit),Non-compulsory company training - Nace 4 digit,DCSI_CPI_FORMAZIONE,1.0,IT1
742_1105_DF_DCSI_CPI_FORMAZIONE_4,1.0,"Formazione non obbligatoria - Divisione Ateco (2 digit), classe di addetti","Non-compulsory company training - Nace 2 digit, class of persons employed",DCSI_CPI_FORMAZIONE,1.0,IT1
742_1105_DF_DCSI_CPI_FORMAZIONE_5,1.0,Attività di formazione - Macrosettori economici - prov.,Corporate training activities - Economic sectors - prov.,DCSI_CPI_FORMAZIONE,1.0,IT1
742_1105_DF_DCSI_CPI_FORMAZIONE_6,1.0,"Attività di formazione - Divisione Ateco (2 digit), classe di addetti","Corporate training activities - Nace 2 digit, class of persons employed",DCSI_CPI_FORMAZIONE,1.0,IT1
742_1105_DF_DCSI_CPI_FORMAZIONE_7,1.0,Attività di formazione - Classe di Ateco (4 digit),Corporate training activities - Nace 4 digit,DCSI_CPI_FORMAZIONE,1.0,IT1
742_1105_DF_DCSI_CPI_FORMAZIONE_8,1.0,"Attività di formazione - Sezione Ateco, classe di addetti - reg.","Corporate training activities - Nace sectors, class of persons employed - reg.",DCSI_CPI_FORMAZIONE,1.0,IT1
742_1105_DF_DCSI_CPI_FORMAZIONE_9,1.0,Competenze - Macrosettori economici - prov.,Subject of training - Economic sectors - prov.,DCSI_CPI_FORMAZIONE,1.0,IT1
742_1106_DF_DCSI_CPI_RELAZIONI_1,1.0,Relazioni tra imprese - Macrosettori economici - prov. (2018-2022),Inter-enterprise relations - Economic sectors - prov. (2018-2022),DCSI_CPI_RELAZIONI,1.0,IT1
742_1106_DF_DCSI_CPI_RELAZIONI_10,1.0,"Numero delle controparti - Sezione Ateco, classe di addetti - reg. (2018 2022)","Number of partners - Nace sectors, class of persons employed - reg. (2018 2022)",DCSI_CPI_RELAZIONI,1.0,IT1
742_1106_DF_DCSI_CPI_RELAZIONI_11,1.0,"Relazioni tra imprese - Divisione Ateco (2 digit), classe di addetti  (2018-2022)","Inter-enterprise relations - Nace 2 digit, class of persons employed  (2018-2022)",DCSI_CPI_RELAZIONI,1.0,IT1
742_1106_DF_DCSI_CPI_RELAZIONI_12,1.0,"Tipo di controparti - Divisione Ateco (2 digit), classe di addetti (2018-2022)","Type of partners - Nace 2 digit, class of persons employed (2018-2022)",DCSI_CPI_RELAZIONI,1.0,IT1
742_1106_DF_DCSI_CPI_RELAZIONI_13,1.0,"Motivi della relazione - Divisione Ateco (2 digit), classe di addetti (2018 2022)","Cause of the relationship - Nace 2 digit, class of persons employed (2018 2022)",DCSI_CPI_RELAZIONI,1.0,IT1
742_1106_DF_DCSI_CPI_RELAZIONI_14,1.0,"Numero delle controparti - Divisione Ateco (2 digit), classe di addetti (2018 2022)","Number of partners - Nace 2 digit, class of persons employed (2018 2022)",DCSI_CPI_RELAZIONI,1.0,IT1
742_1106_DF_DCSI_CPI_RELAZIONI_15,1.0,"Difficoltà nell'attivare relazioni - Divisione Ateco (2 digit), classe di addetti (2018 2022)","Difficulties in starting relationships - Nace 2 digit, class of persons employed (2018 2022)",DCSI_CPI_RELAZIONI,1.0,IT1
742_1106_DF_DCSI_CPI_RELAZIONI_16,1.0,Relazioni tra imprese - Classe di Ateco (4 digit) (2018-2022),Inter-enterprise relations - Nace 4 digit (2018-2022),DCSI_CPI_RELAZIONI,1.0,IT1
742_1106_DF_DCSI_CPI_RELAZIONI_17,1.0,Tipo di controparti - Classe di Ateco (4 digit) (2018-2022),Type of partners - Nace 4 digit (2018-2022),DCSI_CPI_RELAZIONI,1.0,IT1
742_1106_DF_DCSI_CPI_RELAZIONI_18,1.0,Motivi della relazione - Classe di Ateco (2018 2022),Cause of the relationship - Nace 4 digit (2018 2022),DCSI_CPI_RELAZIONI,1.0,IT1
742_1106_DF_DCSI_CPI_RELAZIONI_19,1.0,Numero delle controparti - Classe di Ateco (4 digit) (2018 2022),Number of partners - Nace 4 digit (2018 2022),DCSI_CPI_RELAZIONI,1.0,IT1
742_1106_DF_DCSI_CPI_RELAZIONI_2,1.0,Tipo di controparti - Macrosettori economici - prov. (2018-2022),Type of partners - Economic sectors - prov. (2018-2022),DCSI_CPI_RELAZIONI,1.0,IT1
742_1106_DF_DCSI_CPI_RELAZIONI_20,1.0,Difficoltà nell'attivare relazioni - Classe di Ateco (4 digit) (2018 2022),Difficulties in starting relationships - Nace 4 digit (2018 2022),DCSI_CPI_RELAZIONI,1.0,IT1
742_1106_DF_DCSI_CPI_RELAZIONI_21,1.0,Aree funzionali interessate - Macrosettori economici - prov. (2018 2022),Functional areas affected - Economic sectors - prov. (2018 2022),DCSI_CPI_RELAZIONI,1.0,IT1
742_1106_DF_DCSI_CPI_RELAZIONI_22,1.0,"Aree funzionali interessate - Divisione Ateco (2 digit), classe di addetti (2018 2022)","Functional areas affected - Nace 2 digit, class of persons employed (2018 2022)",DCSI_CPI_RELAZIONI,1.0,IT1
742_1106_DF_DCSI_CPI_RELAZIONI_23,1.0,"Aree funzionali interessate - Sezione Ateco, classe di addetti - reg.(2018 2022)","Functional areas affected - Nace sectors, class of persons employed - reg. (2018 2022)",DCSI_CPI_RELAZIONI,1.0,IT1
742_1106_DF_DCSI_CPI_RELAZIONI_24,1.0,Aree funzionali interessate - Classe di Ateco (4 digit) (2018 2022),Functional areas affected - Nace 4 digit (2018 2022),DCSI_CPI_RELAZIONI,1.0,IT1
742_1106_DF_DCSI_CPI_RELAZIONI_25,1.0,Subfornitore principale - Macrosettori economici - prov.,Main subsupplier - Economic sectors - prov.,DCSI_CPI_RELAZIONI,1.0,IT1
742_1106_DF_DCSI_CPI_RELAZIONI_26,1.0,"Subfornitore principale - Sezione Ateco, classe di addetti - reg.","Main subsupplier - Nace sectors, class of persons employed - reg.",DCSI_CPI_RELAZIONI,1.0,IT1
742_1106_DF_DCSI_CPI_RELAZIONI_27,1.0,"Subfornitore principale - Divisione Ateco (2 digit), classe di addetti","Main subsupplier - Nace 2 digit, class of persons employed",DCSI_CPI_RELAZIONI,1.0,IT1
742_1106_DF_DCSI_CPI_RELAZIONI_28,1.0,Subfornitore principale - Classe di Ateco (4 digit),Main subsupplier - Nace 4 digit,DCSI_CPI_RELAZIONI,1.0,IT1
742_1106_DF_DCSI_CPI_RELAZIONI_29,1.0,Main customer - Economic sectors - prov.,Main customer - Economic sectors - prov.,DCSI_CPI_RELAZIONI,1.0,IT1
742_1106_DF_DCSI_CPI_RELAZIONI_3,1.0,Motivi della relazione - Macrosettori economici - prov. (2018 2022),Cause of the relationship - Economic sectors - prov. (2018 2022),DCSI_CPI_RELAZIONI,1.0,IT1
742_1106_DF_DCSI_CPI_RELAZIONI_30,1.0,"Committente principale - Sezione Ateco, classe di addetti - reg.","Main customer - Nace sectors, class of persons employed - reg.",DCSI_CPI_RELAZIONI,1.0,IT1
742_1106_DF_DCSI_CPI_RELAZIONI_31,1.0,"Committente principale - Divisione Ateco (2 digit), classe di addetti","Main customer - Nace 2 digit, class of persons employed",DCSI_CPI_RELAZIONI,1.0,IT1
742_1106_DF_DCSI_CPI_RELAZIONI_32,1.0,Committente principale - Classe di Ateco (4 digit),Main customer - Nace 4 digit,DCSI_CPI_RELAZIONI,1.0,IT1
742_1106_DF_DCSI_CPI_RELAZIONI_33,1.0,Attività imprese partner - Macrosettori economici - prov.,Economic activity of partner enterprises - Economic sectors - prov.,DCSI_CPI_RELAZIONI,1.0,IT1
742_1106_DF_DCSI_CPI_RELAZIONI_34,1.0,"Attività imprese partner - Sezione Ateco, classe di addetti - reg.","Economic activity of partner enterprises - Nace sectors, class of persons employed - reg.",DCSI_CPI_RELAZIONI,1.0,IT1
742_1106_DF_DCSI_CPI_RELAZIONI_35,1.0,"Attività imprese partner - Divisione Ateco (2 digit), classe di addetti","Economic activity of partner enterprises - Nace 2 digit, class of persons employed",DCSI_CPI_RELAZIONI,1.0,IT1
742_1106_DF_DCSI_CPI_RELAZIONI_36,1.0,Attività imprese partner - Classe di Ateco (4 digit),Economic activity of partner enterprises - Nace 4 digit,DCSI_CPI_RELAZIONI,1.0,IT1
742_1106_DF_DCSI_CPI_RELAZIONI_4,1.0,Numero delle controparti - Macrosettori economici - prov. (2018 2022),Number of partners - Economic sectors - prov. (2018 2022),DCSI_CPI_RELAZIONI,1.0,IT1
742_1106_DF_DCSI_CPI_RELAZIONI_5,1.0,Difficoltà nell'attivare relazioni - Macrosettori economici - prov. (2018 2022),Difficulties in starting relationships - Economic sectors - prov. (2018 2022),DCSI_CPI_RELAZIONI,1.0,IT1
742_1106_DF_DCSI_CPI_RELAZIONI_6,1.0,"Relazioni tra imprese - Sezione Ateco, classe di addetti - reg. (2018-2022)","Inter-enterprise relations - Nace sectors, class of persons employed - reg.  (2018-2022)",DCSI_CPI_RELAZIONI,1.0,IT1
742_1106_DF_DCSI_CPI_RELAZIONI_7,1.0,"Tipo di controparti - Sezione Ateco, classe di addetti - reg. (2018-2022)","Type of partners - Nace sectors, class of persons employed - reg.  (2018-2022)",DCSI_CPI_RELAZIONI,1.0,IT1
742_1106_DF_DCSI_CPI_RELAZIONI_8,1.0,"Difficoltà nell'attivare relazioni - Sezione Ateco, classe di addetti - reg.(2018 2022)","Difficulties in starting relationships - Nace sectors, class of persons employed - reg. (2018 2022)",DCSI_CPI_RELAZIONI,1.0,IT1
742_1106_DF_DCSI_CPI_RELAZIONI_9,1.0,"Motivi della relazione - Sezione Ateco, classe di addetti - reg. (2018 2022)","Cause of the relationship - Nace sectors, class of persons employed - reg. (2018 2022)",DCSI_CPI_RELAZIONI,1.0,IT1
742_1107_DF_DCSI_CPI_MERCATO_10,1.0,"Ostacoli alla capacità competitiva - Sezione Ateco, classe di addetti - reg.","Obstacles of the company's competitive capacity - Nace sectors, class of persons employed - reg.",DCSI_CPI_MERCATO,1.0,IT1
742_1107_DF_DCSI_CPI_MERCATO_11,1.0,Ostacoli alla capacità competitiva - Classe di Ateco (4 digit),Obstacles of the company's competitive capacity - Nace 4 digit,DCSI_CPI_MERCATO,1.0,IT1
742_1107_DF_DCSI_CPI_MERCATO_12,1.0,Punti di forza della capacità competitiva - Classe di Ateco (4 digit) (2018-2022),Main strengths of the company's competitive capacity - Nace 4 digit (2018-2022),DCSI_CPI_MERCATO,1.0,IT1
742_1107_DF_DCSI_CPI_MERCATO_13,1.0,Mercato geografico di riferimento - Classe di Ateco (4 digit),Main geographical market - Nace 4 digit,DCSI_CPI_MERCATO,1.0,IT1
742_1107_DF_DCSI_CPI_MERCATO_14,1.0,"Ostacoli alla capacità competitiva - Divisione Ateco (2 digit), classe di addetti (2018-2022)","Obstacles of the company's competitive capacity - Nace 2 digit, class of persons employed (2018-2022)",DCSI_CPI_MERCATO,1.0,IT1
742_1107_DF_DCSI_CPI_MERCATO_15,1.0,"Punti di forza della capacità competitiva - Divisione Ateco (2 digit), classe di addetti (2018-2022)","Main strengths of the company's competitive capacity - Nace 2 digit, class of persons employed (2018-2022)",DCSI_CPI_MERCATO,1.0,IT1
742_1107_DF_DCSI_CPI_MERCATO_16,1.0,"Mercato geografico di riferimento - Divisione Ateco (2 digit), classe di addetti","Main geographical market - Nace 2 digit, class of persons employed",DCSI_CPI_MERCATO,1.0,IT1
742_1107_DF_DCSI_CPI_MERCATO_17,1.0,Competitività e mercato - Macrosettori economici - prov. (2018-2022),Competitiveness and market - Economic sectors - prov. (2018-2022),DCSI_CPI_MERCATO,1.0,IT1
742_1107_DF_DCSI_CPI_MERCATO_18,1.0,Mercato geografico di riferimento - Macrosettori economici - prov.,Main geographical market - Economic sectors - prov.,DCSI_CPI_MERCATO,1.0,IT1
742_1107_DF_DCSI_CPI_MERCATO_19,1.0,Punti di forza della capacità competitiva - Macrosettori economici - prov. (2018-2022),Main strengths of the company's competitive capacity - Economic sectors - prov. (2018-2022),DCSI_CPI_MERCATO,1.0,IT1
742_1107_DF_DCSI_CPI_MERCATO_20,1.0,Ostacoli alla capacità competitiva - Macrosettori economici - prov. (2018-2022),Obstacles of the company's competitive capacity - Economic sectors - prov. (2018-2022),DCSI_CPI_MERCATO,1.0,IT1
742_1107_DF_DCSI_CPI_MERCATO_21,1.0,Cliente - Macrosettori economici - prov.(2018-2022),Customer - Economic sectors - prov.(2018-2022),DCSI_CPI_MERCATO,1.0,IT1
742_1107_DF_DCSI_CPI_MERCATO_22,1.0,"Cliente - Sezione Ateco, classe di addetti - reg.(2018-2022)","Customer - Nace sectors, class of persons employed - reg.(2018-2022)",DCSI_CPI_MERCATO,1.0,IT1
742_1107_DF_DCSI_CPI_MERCATO_23,1.0,"Cliente - Divisione Ateco (2 digit), classe di addetti (2018-2022)","Customer - Nace 2 digit, class of persons employed (2018-2022)",DCSI_CPI_MERCATO,1.0,IT1
742_1107_DF_DCSI_CPI_MERCATO_24,1.0,Cliente - Classe di Ateco (4 digit) (2018-2022),Customer - Nace 4 digit (2018-2022),DCSI_CPI_MERCATO,1.0,IT1
742_1107_DF_DCSI_CPI_MERCATO_25,1.0,Criterio di determinazione dei prezzi - Macrosettori economici - prov. (2018-2022),Prices determination criterion - Economic sectors - prov.(2018-2022),DCSI_CPI_MERCATO,1.0,IT1
742_1107_DF_DCSI_CPI_MERCATO_26,1.0,"Prices determination criterion - Nace sectors, class of persons employed - reg. (2018-2022)","Prices determination criterion - Nace sectors, class of persons employed - reg. (2018-2022)",DCSI_CPI_MERCATO,1.0,IT1
742_1107_DF_DCSI_CPI_MERCATO_27,1.0,"Criterio di determinazione dei prezzi - Divisione Ateco (2 digit), classe di addetti (2018-2022)","Prices determination criterion - Nace 2 digit, class of persons employed (2018-2022)",DCSI_CPI_MERCATO,1.0,IT1
742_1107_DF_DCSI_CPI_MERCATO_28,1.0,Criterio di determinazione dei prezzi - Classe di Ateco (4 digit) (2018-2022),Prices determination criterion - Nace 4 digit (2018-2022),DCSI_CPI_MERCATO,1.0,IT1
742_1107_DF_DCSI_CPI_MERCATO_29,1.0,Capacità competitiva - Macrosettori economici - prov.,Competitive capacity - Economic sectors - prov.,DCSI_CPI_MERCATO,1.0,IT1
742_1107_DF_DCSI_CPI_MERCATO_30,1.0,"Capacità competitiva - Sezione Ateco, classe di addetti - reg.","Competitive capacity - Nace sectors, class of persons employed - reg.",DCSI_CPI_MERCATO,1.0,IT1
742_1107_DF_DCSI_CPI_MERCATO_31,1.0,"Capacità competitiva - Divisione Ateco (2 digit), classe di addetti","Competitive capacity - Nace 2 digit, class of persons employed",DCSI_CPI_MERCATO,1.0,IT1
742_1107_DF_DCSI_CPI_MERCATO_32,1.0,Capacità competitiva - Classe di Ateco (4 digit),Competitive capacity - Nace 4 digit,DCSI_CPI_MERCATO,1.0,IT1
742_1107_DF_DCSI_CPI_MERCATO_5,1.0,"Competitività e mercato - Sezione Ateco, classe di addetti - reg. (2018-2022)","Competitiveness and market - Nace sectors, class of persons employed - reg. (2018-2022)",DCSI_CPI_MERCATO,1.0,IT1
742_1107_DF_DCSI_CPI_MERCATO_6,1.0,"Competitività e mercato - Divisione Ateco (2 digit), classe di addetti (2018-2022)","Competitiveness and market - Nace 2 digit, class of persons employed (2018-2022)",DCSI_CPI_MERCATO,1.0,IT1
742_1107_DF_DCSI_CPI_MERCATO_7,1.0,Competitività e mercato - Classe di Ateco (4 digit) (2018-2022),Competitiveness and market - Nace 4 digit (2018-2022),DCSI_CPI_MERCATO,1.0,IT1
742_1107_DF_DCSI_CPI_MERCATO_8,1.0,"Mercato geografico di riferimento - Sezione Ateco, classe di addetti - reg.","Main geographical market - Nace sectors, class of persons employed - reg.",DCSI_CPI_MERCATO,1.0,IT1
742_1107_DF_DCSI_CPI_MERCATO_9,1.0,"Punti di forza della capacità competitiva - Sezione Ateco, classe di addetti - reg. (2018-2022)","Main strengths of the company's competitive capacity - Nace sectors, class of persons employed - reg.  (2018-2022)",DCSI_CPI_MERCATO,1.0,IT1
742_1111_DF_DCSI_CPI_FINANZA_10,1.0,"Utilizzo delle fonti - Sezione Ateco, classe di addetti - reg.","Use of external funding sources - Nace sectors, class of persons employed - reg.",DCSI_CPI_FINANZA,1.0,IT1
742_1111_DF_DCSI_CPI_FINANZA_11,1.0,Utilizzo delle fonti - Classe di Ateco (4 digit),Use of external funding sources - Nace 4 digit,DCSI_CPI_FINANZA,1.0,IT1
742_1111_DF_DCSI_CPI_FINANZA_12,1.0,"Fonti di finanziamento - Sezione Ateco, classe di addetti - reg. (2018-2022)","Sources of funding - Nace sectors, class of persons employed - reg. (2018-2022)",DCSI_CPI_FINANZA,1.0,IT1
742_1111_DF_DCSI_CPI_FINANZA_13,1.0,Dipendenza da fonti esterne - Macrosettori economici - prov. (2018-2022),Dependence on external sources - Economic sectors - prov. (2018-2022),DCSI_CPI_FINANZA,1.0,IT1
742_1111_DF_DCSI_CPI_FINANZA_14,1.0,"Dipendenza da fonti esterne - Sezione Ateco, classe di addetti - reg. (2018-2022)","Dependence on external sources - Nace sectors, class of persons employed - reg.  (2018-2022)",DCSI_CPI_FINANZA,1.0,IT1
742_1111_DF_DCSI_CPI_FINANZA_15,1.0,"Dipendenza da fonti esterne - Divisione Ateco (2 digit), classe di addetti (2018-2022)","Dependence on external sources - Nace 2 digit, class of persons employed (2018-2022)",DCSI_CPI_FINANZA,1.0,IT1
742_1111_DF_DCSI_CPI_FINANZA_16,1.0,Dipendenza da fonti esterne - Classe di Ateco (4 digit) (2018-2022),Dependence on external sources - Nace 4 digit (2018-2022),DCSI_CPI_FINANZA,1.0,IT1
742_1111_DF_DCSI_CPI_FINANZA_17,1.0,Dipendenza dalle banche - Macrosettori economici - prov. (2018-2022),Dependence on banks - Economic sectors - prov. (2018-2022),DCSI_CPI_FINANZA,1.0,IT1
742_1111_DF_DCSI_CPI_FINANZA_18,1.0,"Dipendenza dalle banche - Sezione Ateco, classe di addetti - reg. (2018-2022)","Dependence on banks - Nace sectors, class of persons employed - reg. (2018-2022)",DCSI_CPI_FINANZA,1.0,IT1
742_1111_DF_DCSI_CPI_FINANZA_19,1.0,"Dipendenza dalle banche - Divisione Ateco (2 digit), classe di addetti (2018-2022)","Dependence on banks - Nace 2 digit, class of persons employed (2018-2022)",DCSI_CPI_FINANZA,1.0,IT1
742_1111_DF_DCSI_CPI_FINANZA_20,1.0,Dipendenza dalle banche - Classe di Ateco (4 digit) (2018-2022),Dependence on banks - Nace 4 digit (2018-2022),DCSI_CPI_FINANZA,1.0,IT1
742_1111_DF_DCSI_CPI_FINANZA_21,1.0,Numero di banche - NUM - Macrosettori economici - prov.,Number of banks - NUM - Economic sectors - prov.,DCSI_CPI_FINANZA,1.0,IT1
742_1111_DF_DCSI_CPI_FINANZA_22,1.0,"Numero di banche - NUM - Sezione Ateco, classe di addetti - reg.","Number of banks - NUM - Nace sectors, class of persons employed - reg.",DCSI_CPI_FINANZA,1.0,IT1
742_1111_DF_DCSI_CPI_FINANZA_23,1.0,"Numero di banche - NUM - Divisione Ateco (2 digit), classe di addetti","Number of banks - NUM - Nace 2 digit, class of persons employed",DCSI_CPI_FINANZA,1.0,IT1
742_1111_DF_DCSI_CPI_FINANZA_24,1.0,Numero di banche - NUM - Classe di Ateco (4 digit),Number of banks - NUM - Nace 4 digit,DCSI_CPI_FINANZA,1.0,IT1
742_1111_DF_DCSI_CPI_FINANZA_25,1.0,Quota di indebitamento - QUO - Macrosettori economici - prov.,Share of bank debt - QUO - Economic sectors - prov.,DCSI_CPI_FINANZA,1.0,IT1
742_1111_DF_DCSI_CPI_FINANZA_26,1.0,Tipologia della banca principale - TIP - Macrosettori economici - prov.,Type of main bank - TIP - Economic sectors - prov.,DCSI_CPI_FINANZA,1.0,IT1
742_1111_DF_DCSI_CPI_FINANZA_27,1.0,Determinanti nella scelta della banca - DET - Macrosettori economici - prov.,Determining factors in the choice of the bank - DET - Economic sectors - prov.,DCSI_CPI_FINANZA,1.0,IT1
742_1111_DF_DCSI_CPI_FINANZA_28,1.0,Richieste di valutazione della banca - RIC - Macrosettori economici - prov.,Bank requests to assess creditworthiness - RIC - Economic sectors - prov.,DCSI_CPI_FINANZA,1.0,IT1
742_1111_DF_DCSI_CPI_FINANZA_29,1.0,Strumenti per migliorare la posizione creditizia - STR - Macrosettori economici - prov.,Tools to improve credit position - STR - Economic sectors - prov.,DCSI_CPI_FINANZA,1.0,IT1
742_1111_DF_DCSI_CPI_FINANZA_30,1.0,"Quota di indebitamento - QUO - Divisione Ateco (2 digit), classe di addetti","Share of bank debt - QUO - Nace 2 digit, class of persons employed",DCSI_CPI_FINANZA,1.0,IT1
742_1111_DF_DCSI_CPI_FINANZA_31,1.0,"Tipologia della banca principale - TIP - Divisione Ateco (2 digit), classe di addetti","Type of main bank - TIP - Nace 2 digit, class of persons employed",DCSI_CPI_FINANZA,1.0,IT1
742_1111_DF_DCSI_CPI_FINANZA_32,1.0,"Determinanti nella scelta della banca - DET - Divisione Ateco (2 digit), classe di addetti","Determining factors in the choice of the bank - DET - Nace 2 digit, class of persons employed",DCSI_CPI_FINANZA,1.0,IT1
742_1111_DF_DCSI_CPI_FINANZA_33,1.0,"Richieste di valutazione della banca - RIC - Divisione Ateco (2 digit), classe di addetti","Bank requests to assess creditworthiness - RIC - Nace 2 digit, class of persons employed",DCSI_CPI_FINANZA,1.0,IT1
742_1111_DF_DCSI_CPI_FINANZA_34,1.0,"Strumenti per migliorare la posizione creditizia - STR - Divisione Ateco (2 digit), classe di addetti","Tools to improve credit position - STR - Nace 2 digit, class of persons employed",DCSI_CPI_FINANZA,1.0,IT1
742_1111_DF_DCSI_CPI_FINANZA_35,1.0,Quota di indebitamento - QUO - Classe di Ateco (4 digit),Share of bank debt - QUO - Nace 4 digit,DCSI_CPI_FINANZA,1.0,IT1
742_1111_DF_DCSI_CPI_FINANZA_36,1.0,Tipologia della banca principale - TIP - Classe di Ateco (4 digit),Type of main bank - TIP - Nace 4 digit,DCSI_CPI_FINANZA,1.0,IT1
742_1111_DF_DCSI_CPI_FINANZA_37,1.0,Determinanti nella scelta della banca - DET - Classe di Ateco (4 digit),Determining factors in the choice of the bank - DET - Nace 4 digit,DCSI_CPI_FINANZA,1.0,IT1
742_1111_DF_DCSI_CPI_FINANZA_38,1.0,Richieste di valutazione della banca - RIC - Classe di Ateco (4 digit),Bank requests to assess creditworthiness - RIC - Nace 4 digit,DCSI_CPI_FINANZA,1.0,IT1
742_1111_DF_DCSI_CPI_FINANZA_39,1.0,Strumenti per migliorare la posizione creditizia - STR - Classe di Ateco (4 digit),Tools to improve credit position - STR - Nace 4 digit,DCSI_CPI_FINANZA,1.0,IT1
742_1111_DF_DCSI_CPI_FINANZA_40,1.0,"Quota di indebitamento - QUO - Sezione Ateco, classe di addetti - reg.","Share of bank debt - QUO - Nace sectors, class of persons employed - reg.",DCSI_CPI_FINANZA,1.0,IT1
742_1111_DF_DCSI_CPI_FINANZA_41,1.0,"Tipologia della banca principale - TIP - Sezione Ateco, classe di addetti - reg.","Type of main bank - TIP - Nace sectors, class of persons employed - reg.",DCSI_CPI_FINANZA,1.0,IT1
742_1111_DF_DCSI_CPI_FINANZA_42,1.0,"Determinanti nella scelta della banca - DET - Sezione Ateco, classe di addetti - reg.","Determining factors in the choice of the bank - DET - Nace sectors, class of persons employed - reg.",DCSI_CPI_FINANZA,1.0,IT1
742_1111_DF_DCSI_CPI_FINANZA_43,1.0,"Richieste di valutazione della banca - RIC - Sezione Ateco, classe di addetti - reg.","Bank requests to assess creditworthiness - RIC - Nace sectors, class of persons employed - reg.",DCSI_CPI_FINANZA,1.0,IT1
742_1111_DF_DCSI_CPI_FINANZA_44,1.0,"Strumenti per migliorare la posizione creditizia - STR - Sezione Ateco, classe di addetti - reg.","Tools to improve credit position - STR - Nace sectors, class of persons employed - reg.",DCSI_CPI_FINANZA,1.0,IT1
742_1111_DF_DCSI_CPI_FINANZA_5,1.0,Fonti di finanziamento - Macrosettori economici - prov. (2018-2022),Sources of funding - Economic sectors - prov. (2018-2022),DCSI_CPI_FINANZA,1.0,IT1
742_1111_DF_DCSI_CPI_FINANZA_6,1.0,Utilizzo delle fonti - Macrosettori economici - prov.,Use of external funding sources - Economic sectors - prov.,DCSI_CPI_FINANZA,1.0,IT1
742_1111_DF_DCSI_CPI_FINANZA_7,1.0,"Fonti di finanziamento - Divisione Ateco (2 digit), classe di addetti (2018-2022)","Sources of funding - Nace 2 digit, class of persons employed (2018-2022)",DCSI_CPI_FINANZA,1.0,IT1
742_1111_DF_DCSI_CPI_FINANZA_8,1.0,"Utilizzo delle fonti - Divisione Ateco (2 digit), classe di addetti","Use of external funding sources - Nace 2 digit, class of persons employed",DCSI_CPI_FINANZA,1.0,IT1
742_1111_DF_DCSI_CPI_FINANZA_9,1.0,Fonti di finanziamento - Classe di Ateco (4 digit) (2018-2022),Sources of funding - Nace 4 digit (2018-2022),DCSI_CPI_FINANZA,1.0,IT1
742_1115_DF_DCSI_CPI_INTERNAZ_1,1.0,"Internazionalizzazione produttiva - Divisione Ateco (2 digit), classe di addetti","Productive internationalisation - Nace 2 digit, class of persons employed",DCSI_CPI_INTERNAZ,1.0,IT1
742_1115_DF_DCSI_CPI_INTERNAZ_10,1.0,"Aree di delocalizzazione - Contratti/Accordi - Sezione Ateco, classe di addetti - reg.","Areas of delocalization - Contracts/Agreements - Nace sectors, class of persons employed - reg.",DCSI_CPI_INTERNAZ,1.0,IT1
742_1115_DF_DCSI_CPI_INTERNAZ_11,1.0,"Destinazione della produzione - Contratti/Accordi - Sezione Ateco, classe di addetti - reg.","Destination of production - Contracts/Agreements - Nace sectors, class of persons employed - reg.",DCSI_CPI_INTERNAZ,1.0,IT1
742_1115_DF_DCSI_CPI_INTERNAZ_12,1.0,"Aree di delocalizzazione - IDE - Divisione Ateco (2 digit), classe di addetti","Areas of delocalization - FDI - Nace 2 digit, class of persons employed",DCSI_CPI_INTERNAZ,1.0,IT1
742_1115_DF_DCSI_CPI_INTERNAZ_13,1.0,"Destinazione della produzione - IDE - Divisione Ateco (2 digit), classe di addetti","Destionation of production - FDI - Nace 2 digit, class of persons employed",DCSI_CPI_INTERNAZ,1.0,IT1
742_1115_DF_DCSI_CPI_INTERNAZ_14,1.0,"Aree di delocalizzazione - Contratti/Accordi - Divisione Ateco (2 digit), classe di addetti","Areas of delocalization - Contracts/Agreements - Nace 2 digit, class of persons employed",DCSI_CPI_INTERNAZ,1.0,IT1
742_1115_DF_DCSI_CPI_INTERNAZ_15,1.0,"Destinazione della produzione - Contratti/Accordi - Divisione Ateco (2 digit), classe di addetti","Destination of production - Contracts/Agreements - Nace 2 digit, class of persons employed",DCSI_CPI_INTERNAZ,1.0,IT1
742_1115_DF_DCSI_CPI_INTERNAZ_16,1.0,Aree di delocalizzazione - IDE - Classe di Ateco (4 digit),Areas of delocalization - FDI - Nace 4 digit,DCSI_CPI_INTERNAZ,1.0,IT1
742_1115_DF_DCSI_CPI_INTERNAZ_17,1.0,Destinazione della produzione - IDE - Classe di Ateco (4 digit),Destionation of production - FDI - Nace 4 digit,DCSI_CPI_INTERNAZ,1.0,IT1
742_1115_DF_DCSI_CPI_INTERNAZ_18,1.0,Aree di delocalizzazione - Contratti/Accordi - Classe di Ateco (4 digit),Areas of delocalization - Contracts/Agreements - Nace 4 digit,DCSI_CPI_INTERNAZ,1.0,IT1
742_1115_DF_DCSI_CPI_INTERNAZ_19,1.0,Destinazione della produzione - Contratti/Accordi - Classe di Ateco (4 digit),Destination of production - Contracts/Agreements - Nace 4 digit,DCSI_CPI_INTERNAZ,1.0,IT1
742_1115_DF_DCSI_CPI_INTERNAZ_2,1.0,Internazionalizzazione produttiva - Macrosettori economici - prov.,Productive internationalisation - Economic sectors - prov.,DCSI_CPI_INTERNAZ,1.0,IT1
742_1115_DF_DCSI_CPI_INTERNAZ_20,1.0,Destinazione della produzione - Contratti/Accordi - Macrosettori economici - prov.,Destination of production - Contracts/Agreements - Economic sectors - prov.,DCSI_CPI_INTERNAZ,1.0,IT1
742_1115_DF_DCSI_CPI_INTERNAZ_21,1.0,Tipo di impresa cui è stato fornito un servizio - Macrosettori economici - prov.,Type of company to which a service has been provided - Economic sectors - prov.,DCSI_CPI_INTERNAZ,1.0,IT1
742_1115_DF_DCSI_CPI_INTERNAZ_22,1.0,"Tipo di impresa cui è stato fornito un servizio - Sezione Ateco, classe di addetti - reg.","Type of company to which a service has been provided - Nace sectors, class of persons employed - reg.",DCSI_CPI_INTERNAZ,1.0,IT1
742_1115_DF_DCSI_CPI_INTERNAZ_23,1.0,"Tipo di impresa cui è stato fornito un servizio - Divisione Ateco (2 digit), classe di addetti","Type of company to which a service has been provided - Nace 2 digit, class of persons employed",DCSI_CPI_INTERNAZ,1.0,IT1
742_1115_DF_DCSI_CPI_INTERNAZ_24,1.0,Tipo di impresa cui è stato fornito un servizio - Classe di Ateco (4 digit),Type of company to which a service has been provided - Nace 4 digit,DCSI_CPI_INTERNAZ,1.0,IT1
742_1115_DF_DCSI_CPI_INTERNAZ_25,1.0,Tipo di impresa cui è stato commissionato un servizio - Macrosettori economici - prov.,Type of company to which a service has been commissioned - Economic sectors - prov.,DCSI_CPI_INTERNAZ,1.0,IT1
742_1115_DF_DCSI_CPI_INTERNAZ_26,1.0,"Tipo di impresa cui è stato commissionato un servizio - Sezione Ateco, classe di addetti - reg.","Type of company to which a service has been commissioned - Nace sectors, class of persons employed - reg.",DCSI_CPI_INTERNAZ,1.0,IT1
742_1115_DF_DCSI_CPI_INTERNAZ_27,1.0,"Tipo di impresa cui è stato commissionato un servizio - Divisione Ateco (2 digit), classe di addetti","Type of company to which a service has been commissioned - Nace 2 digit, class of persons employed",DCSI_CPI_INTERNAZ,1.0,IT1
742_1115_DF_DCSI_CPI_INTERNAZ_28,1.0,Tipo di impresa cui è stato commissionato un servizio - Classe di Ateco (4 digit),Type of company to which a service has been commissioned - Nace 4 digit,DCSI_CPI_INTERNAZ,1.0,IT1
742_1115_DF_DCSI_CPI_INTERNAZ_29,1.0,Aree di delocalizzazione dell'attività produttiva - Macrosettori economici - prov.,Areas of delocalization of the production activity - Economic sectors - prov.,DCSI_CPI_INTERNAZ,1.0,IT1
742_1115_DF_DCSI_CPI_INTERNAZ_3,1.0,"Internazionalizzazione produttiva - Sezione Ateco, classe di addetti - reg.","Productive internationalisation - Nace sectors, class of persons employed - reg.",DCSI_CPI_INTERNAZ,1.0,IT1
742_1115_DF_DCSI_CPI_INTERNAZ_30,1.0,"Aree di delocalizzazione dell'attività produttiva - Sezione Ateco, classe di addetti - reg.","Areas of delocalization of the production activity - Nace sectors, class of persons employed - reg.",DCSI_CPI_INTERNAZ,1.0,IT1
742_1115_DF_DCSI_CPI_INTERNAZ_31,1.0,"Aree di delocalizzazione dell'attività produttiva - Divisione Ateco (2 digit), classe di addetti","Areas of delocalization of the production activity - Nace 2 digit, class of persons employed",DCSI_CPI_INTERNAZ,1.0,IT1
742_1115_DF_DCSI_CPI_INTERNAZ_32,1.0,Aree di delocalizzazione dell'attività produttiva - Classe di Ateco (4 digit),Areas of delocalization of the production activity - Nace 4 digit,DCSI_CPI_INTERNAZ,1.0,IT1
742_1115_DF_DCSI_CPI_INTERNAZ_33,1.0,Ostacoli alla delocalizzazione - Macrosettori economici - prov.,Obstacles to delocalisation - Economic sectors - prov.,DCSI_CPI_INTERNAZ,1.0,IT1
742_1115_DF_DCSI_CPI_INTERNAZ_34,1.0,"Ostacoli alla delocalizzazione - Sezione Ateco, classe di addetti - reg.","Obstacles to delocalisation - Nace sectors, class of persons employed - reg.",DCSI_CPI_INTERNAZ,1.0,IT1
742_1115_DF_DCSI_CPI_INTERNAZ_35,1.0,"Ostacoli alla delocalizzazione - Divisione Ateco (2 digit), classe di addetti","Obstacles to delocalisation - Nace 2 digit, class of persons employed",DCSI_CPI_INTERNAZ,1.0,IT1
742_1115_DF_DCSI_CPI_INTERNAZ_36,1.0,Ostacoli alla delocalizzazione - Classe di Ateco (4 digit),Obstacles to delocalisation - Nace 4 digit,DCSI_CPI_INTERNAZ,1.0,IT1
742_1115_DF_DCSI_CPI_INTERNAZ_4,1.0,Internazionalizzazione produttiva - Classe di Ateco (4 digit),Productive internationalisation - Nace 4 digit,DCSI_CPI_INTERNAZ,1.0,IT1
742_1115_DF_DCSI_CPI_INTERNAZ_5,1.0,Aree di delocalizzazione - IDE - Macrosettori economici - prov.,Areas of delocalization - FDI - Economic sectors - prov.,DCSI_CPI_INTERNAZ,1.0,IT1
742_1115_DF_DCSI_CPI_INTERNAZ_6,1.0,Destinazione della produzione - IDE - Macrosettori economici - prov.,Destionation of production - FDI - Economic sectors - prov.,DCSI_CPI_INTERNAZ,1.0,IT1
742_1115_DF_DCSI_CPI_INTERNAZ_7,1.0,Aree di delocalizzazione - Contratti/Accordi - Macrosettori economici - prov.,Areas of delocalization - Contracts/Agreements - Economic sectors - prov.,DCSI_CPI_INTERNAZ,1.0,IT1
742_1115_DF_DCSI_CPI_INTERNAZ_8,1.0,"Aree di delocalizzazione - IDE - Sezione Ateco, classe di addetti - reg.","Areas of delocalization - FDI - Nace sectors, class of persons employed - reg.",DCSI_CPI_INTERNAZ,1.0,IT1
742_1115_DF_DCSI_CPI_INTERNAZ_9,1.0,"Destinazione della produzione - IDE - Sezione Ateco, classe di addetti - reg.","Destionation of production - FDI - Nace sectors, class of persons employed - reg.",DCSI_CPI_INTERNAZ,1.0,IT1
742_1136_DF_DCSI_CPI_ENVRESSINT_1,1.0,"Azioni per sostenibilità ambientale, responsabilità sociale e sicurezza - Macrosettori economici - prov","Actions for environmental sustainability, social responsibility and safety - Economic sectors - prov.",DCSI_CPI_ENVRESSINT,1.0,IT1
742_1136_DF_DCSI_CPI_ENVRESSINT_10,1.0,"Strumenti finanziari - Sezioni Ateco, classe di addetti - reg.","Financial or resource-sharing tools - Nace sectors, class of persons employed - reg.",DCSI_CPI_ENVRESSINT,1.0,IT1
742_1136_DF_DCSI_CPI_ENVRESSINT_11,1.0,Strumenti finanziari - Classe di Ateco (4 digit),Financial or resource-sharing tools - Nace 4 digit,DCSI_CPI_ENVRESSINT,1.0,IT1
742_1136_DF_DCSI_CPI_ENVRESSINT_12,1.0,"Strumenti finanziari - Divisione di Ateco (2 digit), classe di addetti","Financial or resource-sharing tools - Nace 2 digit, class of persons employed",DCSI_CPI_ENVRESSINT,1.0,IT1
742_1136_DF_DCSI_CPI_ENVRESSINT_13,1.0,Modalità di finanziamento - Macrosettori economici - prov,Modalities in funding - Economic sectors - prov.,DCSI_CPI_ENVRESSINT,1.0,IT1
742_1136_DF_DCSI_CPI_ENVRESSINT_14,1.0,"Modalità di finanziamento - Sezioni Ateco, classe di addetti - reg.","Modalities in funding - Nace sectors, class of persons employed - reg.",DCSI_CPI_ENVRESSINT,1.0,IT1
742_1136_DF_DCSI_CPI_ENVRESSINT_15,1.0,Modalità di finanziamento - Classe di Ateco (4 digit),Modalities in funding - Nace 4 digit,DCSI_CPI_ENVRESSINT,1.0,IT1
742_1136_DF_DCSI_CPI_ENVRESSINT_16,1.0,"Modalità di finanziamento - Divisione di Ateco (2 digit), classe di addetti","Modalities in funding - Nace 2 digit, class of persons employed",DCSI_CPI_ENVRESSINT,1.0,IT1
742_1136_DF_DCSI_CPI_ENVRESSINT_2,1.0,"Azioni per sostenibilità ambientale, responsabilità sociale e sicurezza - Sezioni Ateco, classe di addetti - reg.","Actions for environmental sustainability, social responsibility and safety - Nace sectors, class of persons employed - reg.",DCSI_CPI_ENVRESSINT,1.0,IT1
742_1136_DF_DCSI_CPI_ENVRESSINT_3,1.0,"Azioni per sostenibilità ambientale, responsabilità sociale e sicurezza - Classe di Ateco (4 digit)","Actions for environmental sustainability, social responsibility and safety - Nace 4 digit",DCSI_CPI_ENVRESSINT,1.0,IT1
742_1136_DF_DCSI_CPI_ENVRESSINT_4,1.0,"Azioni per sostenibilità ambientale, responsabilità sociale e sicurezza - Divisione di Ateco (2 digit), classe di addetti","Actions for environmental sustainability, social responsibility and safety - Nace 2 digit, class of persons employed",DCSI_CPI_ENVRESSINT,1.0,IT1
742_1136_DF_DCSI_CPI_ENVRESSINT_5,1.0,Motivazioni - Macrosettori economici - prov,Main reasons - Economic sectors - prov.,DCSI_CPI_ENVRESSINT,1.0,IT1
742_1136_DF_DCSI_CPI_ENVRESSINT_6,1.0,"Motivazioni - Sezioni Ateco, classe di addetti - reg.","Main reasons - Nace sectors, class of persons employed - reg.",DCSI_CPI_ENVRESSINT,1.0,IT1
742_1136_DF_DCSI_CPI_ENVRESSINT_7,1.0,Motivazioni - Classe di Ateco (4 digit),Main reasons - Nace 4 digit,DCSI_CPI_ENVRESSINT,1.0,IT1
742_1136_DF_DCSI_CPI_ENVRESSINT_8,1.0,"Motivazioni - Divisione di Ateco (2 digit), classe di addetti","Main reasons - Nace 2 digit, class of persons employed",DCSI_CPI_ENVRESSINT,1.0,IT1
742_1136_DF_DCSI_CPI_ENVRESSINT_9,1.0,Strumenti finanziari - Macrosettori economici - prov,Financial or resource-sharing tools - Economic sectors - prov.,DCSI_CPI_ENVRESSINT,1.0,IT1
742_1137_DF_DCSI_CPI_ENVIROM_1,1.0,"Strategie per la sostenibilità ambientale - Sezioni Ateco, classe di addetti - reg.","Strategies for environmental sustainability - Nace sectors, class of persons employed - reg.",DCSI_CPI_ENVIROM,1.0,IT1
742_1137_DF_DCSI_CPI_ENVIROM_10,1.0,"Azioni per ridurre i consumi - Sezioni Ateco, classe di addetti - reg.","Actions to reduce consumption - Nace sectors, class of persons employed - reg.",DCSI_CPI_ENVIROM,1.0,IT1
742_1137_DF_DCSI_CPI_ENVIROM_11,1.0,Azioni per ridurre i consumi - Classe di Ateco (4 digit),Actions to reduce consumption - Nace 4 digit,DCSI_CPI_ENVIROM,1.0,IT1
742_1137_DF_DCSI_CPI_ENVIROM_12,1.0,"Azioni per ridurre i consumi - Divisione di Ateco (2 digit), classe di addetti","Actions to reduce consumption - Nace 2 digit, class of persons employed",DCSI_CPI_ENVIROM,1.0,IT1
742_1137_DF_DCSI_CPI_ENVIROM_13,1.0,Strategie di promozione - Macrosettori economici - prov,Promotion strategies - Economic sectors - prov.,DCSI_CPI_ENVIROM,1.0,IT1
742_1137_DF_DCSI_CPI_ENVIROM_14,1.0,"Strategie di promozione - Sezioni Ateco, classe di addetti - reg.","Promotion strategies - Nace sectors, class of persons employed - reg.",DCSI_CPI_ENVIROM,1.0,IT1
742_1137_DF_DCSI_CPI_ENVIROM_15,1.0,Strategie di promozione - Classe di Ateco (4 digit),Promotion strategies - Nace 4 digit,DCSI_CPI_ENVIROM,1.0,IT1
742_1137_DF_DCSI_CPI_ENVIROM_16,1.0,"Strategie di promozione - Divisione di Ateco (2 digit), classe di addetti","Promotion strategies - Nace 2 digit, class of persons employed",DCSI_CPI_ENVIROM,1.0,IT1
742_1137_DF_DCSI_CPI_ENVIROM_2,1.0,"Strategie per la sostenibilità ambientale - Divisione di Ateco (2 digit), classe di addetti","Strategies for environmental sustainability - Nace 2 digit, class of persons employed",DCSI_CPI_ENVIROM,1.0,IT1
742_1137_DF_DCSI_CPI_ENVIROM_3,1.0,Strategie per la sostenibilità ambientale - Classe di Ateco (4 digit),Strategies for environmental sustainability - Nace 4 digit,DCSI_CPI_ENVIROM,1.0,IT1
742_1137_DF_DCSI_CPI_ENVIROM_4,1.0,Strategie per la sostenibilità ambientale - Macro settori economici - prov,Strategies for environmental sustainability - Economic sectors - prov.,DCSI_CPI_ENVIROM,1.0,IT1
742_1137_DF_DCSI_CPI_ENVIROM_5,1.0,Tipologie di investimento - Macrosettori economici - prov,Types of investment - Economic sectors - prov.,DCSI_CPI_ENVIROM,1.0,IT1
742_1137_DF_DCSI_CPI_ENVIROM_6,1.0,"Tipologie di investimento - Sezioni Ateco, classe di addetti - reg.","Types of investment - Nace sectors, class of persons employed - reg.",DCSI_CPI_ENVIROM,1.0,IT1
742_1137_DF_DCSI_CPI_ENVIROM_7,1.0,"Tipologie di investimento - Divisione di Ateco (2 digit), classe di addetti","Types of investment - Nace 2 digit, class of persons employed",DCSI_CPI_ENVIROM,1.0,IT1
742_1137_DF_DCSI_CPI_ENVIROM_8,1.0,Tipologie di investimento - Classe di Ateco (4 digit),Types of investment - Nace 4 digit,DCSI_CPI_ENVIROM,1.0,IT1
742_1137_DF_DCSI_CPI_ENVIROM_9,1.0,Azioni per ridurre i consumi - Macrosettori economici - prov,Actions to reduce consumption - Economic sectors - prov.,DCSI_CPI_ENVIROM,1.0,IT1
742_1138_DF_DCSI_CPI_LABCOLL_1,1.0,Strategie per il benessere lavorativo e di interesse collettivo - Macrosettori economici - prov.,Strategies to improve occupational well-being and collective interest - Economic sectors - prov.,DCSI_CPI_LABCOLL,1.0,IT1
742_1138_DF_DCSI_CPI_LABCOLL_10,1.0,"Azioni intraprese a sostegno della genitorialità - Sezioni Ateco, classe di addetti - reg.","Measures adopted to support parenting and work-family balance - Nace sectors, class of persons employed - reg.",DCSI_CPI_LABCOLL,1.0,IT1
742_1138_DF_DCSI_CPI_LABCOLL_11,1.0,Azioni intraprese a sostegno della genitorialità - Classe di Ateco (4 digit),Measures adopted to support parenting and work-family balance - Nace 4 digit,DCSI_CPI_LABCOLL,1.0,IT1
742_1138_DF_DCSI_CPI_LABCOLL_12,1.0,"Azioni intraprese a sostegno della genitorialità - Divisione di Ateco (2 digit), classe di addetti","Measures adopted to support parenting and work-family balance - Nace 2 digit, class of persons employed",DCSI_CPI_LABCOLL,1.0,IT1
742_1138_DF_DCSI_CPI_LABCOLL_13,1.0,Azioni da intraprendere a sostegno della genitorialità - Macrosettori economici - prov.,Measures to be adopted to support parenting and work-family balance - Economic sectors - prov.,DCSI_CPI_LABCOLL,1.0,IT1
742_1138_DF_DCSI_CPI_LABCOLL_14,1.0,"Azioni da intraprendere a sostegno della genitorialità - Sezioni Ateco, classe di addetti - reg.","Measures to be adopted to support parenting and work-family balance - Nace sectors, class of persons employed - reg.",DCSI_CPI_LABCOLL,1.0,IT1
742_1138_DF_DCSI_CPI_LABCOLL_15,1.0,"Azioni da intraprendere a sostegno della genitorialità - Divisione di Ateco (2 digit), classe di addetti","Measures to be adopted to support parenting and work-family balance - Nace 2 digit, class of persons employed",DCSI_CPI_LABCOLL,1.0,IT1
742_1138_DF_DCSI_CPI_LABCOLL_16,1.0,Azioni da intraprendere a sostegno della genitorialità - Classe di Ateco (4 digit),Measures to be adopted to support parenting and work-family balance - Nace 4 digit,DCSI_CPI_LABCOLL,1.0,IT1
742_1138_DF_DCSI_CPI_LABCOLL_17,1.0,Iniziative di interesse collettivo - Macrosettori economici - prov.,Initiatives of collective interest - Economic sectors - prov.,DCSI_CPI_LABCOLL,1.0,IT1
742_1138_DF_DCSI_CPI_LABCOLL_18,1.0,"Iniziative di interesse collettivo - Sezioni Ateco, classe di addetti - reg.","Initiatives of collective interest - Nace sectors, class of persons employed - reg.",DCSI_CPI_LABCOLL,1.0,IT1
742_1138_DF_DCSI_CPI_LABCOLL_19,1.0,Iniziative di interesse collettivo - Classe di Ateco (4 digit),Initiatives of collective interest - Nace 4 digit,DCSI_CPI_LABCOLL,1.0,IT1
742_1138_DF_DCSI_CPI_LABCOLL_2,1.0,"Strategie per il benessere lavorativo e di interesse collettivo - Sezioni Ateco, classe di addetti - reg.","Strategies to improve occupational well-being and collective interest - Nace sectors, class of persons employed - reg.",DCSI_CPI_LABCOLL,1.0,IT1
742_1138_DF_DCSI_CPI_LABCOLL_20,1.0,"Iniziative di interesse collettivo - Divisione di Ateco (2 digit), classe di addetti","Initiatives of collective interest - Nace 2 digit, class of persons employed",DCSI_CPI_LABCOLL,1.0,IT1
742_1138_DF_DCSI_CPI_LABCOLL_3,1.0,"Strategie per il benessere lavorativo e di interesse collettivo - Divisione di Ateco (2 digit), classe di addetti","Strategies to improve occupational well-being and collective interest - Nace 2 digit, class of persons employed",DCSI_CPI_LABCOLL,1.0,IT1
742_1138_DF_DCSI_CPI_LABCOLL_4,1.0,Strategie per il benessere lavorativo e di interesse collettivo - Classe di Ateco (4 digit),Strategies to improve occupational well-being and collective interest - Nace 4 digit,DCSI_CPI_LABCOLL,1.0,IT1
742_1138_DF_DCSI_CPI_LABCOLL_5,1.0,Benessere lavorativo - Macrosettori economici - prov.,Occupational well-being - Economic sectors - prov.,DCSI_CPI_LABCOLL,1.0,IT1
742_1138_DF_DCSI_CPI_LABCOLL_6,1.0,"Benessere lavorativo - Sezioni Ateco, classe di addetti - reg.","Occupational well-being - Nace sectors, class of persons employed - reg.",DCSI_CPI_LABCOLL,1.0,IT1
742_1138_DF_DCSI_CPI_LABCOLL_7,1.0,Benessere lavorativo - Classe di Ateco (4 digit),Occupational well-being - Nace 4 digit,DCSI_CPI_LABCOLL,1.0,IT1
742_1138_DF_DCSI_CPI_LABCOLL_8,1.0,"Benessere lavorativo - Divisione di Ateco (2 digit), classe di addetti","Occupational well-being - Nace 2 digit, class of persons employed",DCSI_CPI_LABCOLL,1.0,IT1
742_1138_DF_DCSI_CPI_LABCOLL_9,1.0,Azioni intraprese a sostegno della genitorialità - Macrosettori economici - prov.,Measures adopted to support parenting and work-family balance - Economic sectors - prov.,DCSI_CPI_LABCOLL,1.0,IT1
742_1139_DF_DCSI_CPI_LOCSEC_1,1.0,Strategie a beneficio del territorio e per la sicurezza - Macrosettori economici - prov.,Strategies for the benefit of the territory and for security - Economic sectors - prov.,DCSI_CPI_LOCSEC,1.0,IT1
742_1139_DF_DCSI_CPI_LOCSEC_10,1.0,"Fattori di successo delle iniziative - Sezioni Ateco, classe di addetti - reg.","Factors for the success of the iniziative - Nace sectors, class of persons employed - reg.",DCSI_CPI_LOCSEC,1.0,IT1
742_1139_DF_DCSI_CPI_LOCSEC_11,1.0,"Fattori di successo delle iniziative - Divisione di Ateco (2 digit), classe di addetti","Factors for the success of the iniziative - Nace 2 digit, class of persons employed",DCSI_CPI_LOCSEC,1.0,IT1
742_1139_DF_DCSI_CPI_LOCSEC_12,1.0,Fattori di successo delle iniziative - Classe di Ateco (4 digit),Factors for the success of the iniziative - Nace 4 digit,DCSI_CPI_LOCSEC,1.0,IT1
742_1139_DF_DCSI_CPI_LOCSEC_13,1.0,Aspetti connessi alla sicurezza - Macrosettori economici - prov.,Safety aspects - Economic sectors - prov.,DCSI_CPI_LOCSEC,1.0,IT1
742_1139_DF_DCSI_CPI_LOCSEC_14,1.0,"Aspetti connessi alla sicurezza - Sezioni Ateco, classe di addetti - reg.","Safety aspects - Nace sectors, class of persons employed - reg.",DCSI_CPI_LOCSEC,1.0,IT1
742_1139_DF_DCSI_CPI_LOCSEC_15,1.0,"Aspetti connessi alla sicurezza - Divisione di Ateco (2 digit), classe di addetti","Safety aspects - Nace 2 digit, class of persons employed",DCSI_CPI_LOCSEC,1.0,IT1
742_1139_DF_DCSI_CPI_LOCSEC_16,1.0,Aspetti connessi alla sicurezza - Classe di Ateco (4 digit),Safety aspects - Nace 4 digit,DCSI_CPI_LOCSEC,1.0,IT1
742_1139_DF_DCSI_CPI_LOCSEC_17,1.0,Motivi di rilevanza della sicurezza - Macrosettori economici - prov.,Relevance for the safety aspects - Economic sectors - prov.,DCSI_CPI_LOCSEC,1.0,IT1
742_1139_DF_DCSI_CPI_LOCSEC_18,1.0,"Motivi di rilevanza della sicurezza - Sezioni Ateco, classe di addetti - reg.","Relevance for the safety aspects - Nace sectors, class of persons employed - reg.",DCSI_CPI_LOCSEC,1.0,IT1
742_1139_DF_DCSI_CPI_LOCSEC_19,1.0,"Motivi di rilevanza della sicurezza - Divisione di Ateco (2 digit), classe di addetti","Relevance for the safety aspects - Nace 2 digit, class of persons employed",DCSI_CPI_LOCSEC,1.0,IT1
742_1139_DF_DCSI_CPI_LOCSEC_2,1.0,"Strategie a beneficio del territorio e per la sicurezza - Sezioni Ateco, classe di addetti - reg.","Strategies for the benefit of the territory and for security - Nace sectors, class of persons employed - reg.",DCSI_CPI_LOCSEC,1.0,IT1
742_1139_DF_DCSI_CPI_LOCSEC_20,1.0,Motivi di rilevanza della sicurezza - Classe di Ateco (4 digit),Relevance for the safety aspects - Nace 4 digit,DCSI_CPI_LOCSEC,1.0,IT1
742_1139_DF_DCSI_CPI_LOCSEC_21,1.0,Azioni per garantire la sicurezza - Macrosettori economici - prov.,Actions to guarantee safety aspects - Economic sectors - prov.,DCSI_CPI_LOCSEC,1.0,IT1
742_1139_DF_DCSI_CPI_LOCSEC_22,1.0,"Azioni per garantire la sicurezza - Sezioni Ateco, classe di addetti - reg.","Actions to guarantee safety aspects - Nace sectors, class of persons employed - reg.",DCSI_CPI_LOCSEC,1.0,IT1
742_1139_DF_DCSI_CPI_LOCSEC_23,1.0,"Azioni per garantire la sicurezza - Divisione di Ateco (2 digit), classe di addetti","Actions to guarantee safety aspects - Nace 2 digit, class of persons employed",DCSI_CPI_LOCSEC,1.0,IT1
742_1139_DF_DCSI_CPI_LOCSEC_24,1.0,Azioni per garantire la sicurezza - Classe di Ateco (4 digit),Actions to guarantee safety aspects - Nace 4 digit,DCSI_CPI_LOCSEC,1.0,IT1
742_1139_DF_DCSI_CPI_LOCSEC_3,1.0,"Strategie a beneficio del territorio e per la sicurezza - Divisione di Ateco (2 digit), classe di addetti","Strategies for the benefit of the territory and for security - Nace 2 digit, class of persons employed",DCSI_CPI_LOCSEC,1.0,IT1
742_1139_DF_DCSI_CPI_LOCSEC_4,1.0,Strategie a beneficio del territorio e per la sicurezza - Classe di Ateco (4 digit),Strategies for the benefit of the territory and for security - Nace 4 digit,DCSI_CPI_LOCSEC,1.0,IT1
742_1139_DF_DCSI_CPI_LOCSEC_5,1.0,Iniziative per rafforzare le conoscenze - Macrosettori economici - prov.,Initiatives to strengthen knowledge - Economic sectors - prov.,DCSI_CPI_LOCSEC,1.0,IT1
742_1139_DF_DCSI_CPI_LOCSEC_6,1.0,"Iniziative per rafforzare le conoscenze - Sezioni Ateco, classe di addetti - reg.","Initiatives to strengthen knowledge - Nace sectors, class of persons employed - reg.",DCSI_CPI_LOCSEC,1.0,IT1
742_1139_DF_DCSI_CPI_LOCSEC_7,1.0,"Iniziative per rafforzare le conoscenze - Divisione di Ateco (2 digit), classe di addetti","Initiatives to strengthen knowledge - Nace 2 digit, class of persons employed",DCSI_CPI_LOCSEC,1.0,IT1
742_1139_DF_DCSI_CPI_LOCSEC_8,1.0,Iniziative per rafforzare le conoscenze - Classe di Ateco (4 digit),Initiatives to strengthen knowledge - Nace 4 digit,DCSI_CPI_LOCSEC,1.0,IT1
742_1139_DF_DCSI_CPI_LOCSEC_9,1.0,Fattori di successo delle iniziative - Macrosettori economici - prov.,Factors for the success of the iniziative - Economic sectors - prov.,DCSI_CPI_LOCSEC,1.0,IT1
742_1142_DF_CPI_INNOVDIG_1,1.0,Innovazione e piattaforme digitali - Macrosettori economici - prov (2018 - 2022),Innovation and digital platforms - Economic sectors - prov. (2018 - 2022),CPI_INNOVDIG,1.0,IT1
742_1142_DF_CPI_INNOVDIG_10,1.0,"Piattaforme digitali - Sezioni Ateco, classe di addetti - reg. (2018 - 2022)","Digital platforms - Nace sectors, class of persons employed - reg. (2018 - 2022)",CPI_INNOVDIG,1.0,IT1
742_1142_DF_CPI_INNOVDIG_11,1.0,"Piattaforme digitali - Divisione di Ateco (2 digit), classe di addetti (2018 - 2022)","Digital platforms - Nace 2 digit, class of persons employed (2018 - 2022)",CPI_INNOVDIG,1.0,IT1
742_1142_DF_CPI_INNOVDIG_12,1.0,Piattaforme digitali - Classe di Ateco (4 digit) (2018 - 2022),Digital platforms - Nace 4 digit (2018 - 2022),CPI_INNOVDIG,1.0,IT1
742_1142_DF_CPI_INNOVDIG_13,1.0,Conseguenze dell'utilizzo di piattaforme digitali - Macrosettori economici - prov,Consequences of digital mediation platforms use - Economic sectors - prov.,CPI_INNOVDIG,1.0,IT1
742_1142_DF_CPI_INNOVDIG_14,1.0,"Conseguenze dell'utilizzo di piattaforme digitali - Sezioni Ateco, classe di addetti - reg.","Consequences of digital mediation platforms use - Nace sectors, class of persons employed - reg.",CPI_INNOVDIG,1.0,IT1
742_1142_DF_CPI_INNOVDIG_15,1.0,"Conseguenze dell'utilizzo di piattaforme digitali - Divisione di Ateco (2 digit), classe di addetti","Consequences of digital mediation platforms use - Nace 2 digit, class of persons employed",CPI_INNOVDIG,1.0,IT1
742_1142_DF_CPI_INNOVDIG_16,1.0,Conseguenze dell'utilizzo di piattaforme digitali - Classe di Ateco (4 digit),Consequences of digital mediation platforms use - Nace 4 digit,CPI_INNOVDIG,1.0,IT1
742_1142_DF_CPI_INNOVDIG_2,1.0,"Innovazione e piattaforme digitali - Sezioni Ateco, classe di addetti - reg. (2018 - 2022)","Innovation and digital platforms - Nace sectors, class of persons employed - reg. (2018 - 2022)",CPI_INNOVDIG,1.0,IT1
742_1142_DF_CPI_INNOVDIG_3,1.0,"Innovazione e piattaforme digitali - Divisione di Ateco (2 digit), classe di addetti (2018 - 2022)","Innovation and digital platforms - Nace 2 digit, class of persons employed (2018 - 2022)",CPI_INNOVDIG,1.0,IT1
742_1142_DF_CPI_INNOVDIG_4,1.0,Innovazione e piattaforme digitali - Classe di Ateco (4 digit) (2018 - 2022),Innovation and digital platforms - Nace 4 digit (2018 - 2022),CPI_INNOVDIG,1.0,IT1
742_1142_DF_CPI_INNOVDIG_5,1.0,Progetti di innovazione - Macrosettori economici - prov. (2018 - 2022),Innovation projects - Economic sectors - prov. (2018 - 2022),CPI_INNOVDIG,1.0,IT1
742_1142_DF_CPI_INNOVDIG_6,1.0,"Progetti di innovazione - Sezioni Ateco, classe di addetti - reg. (2018 - 2022)","Innovation projects - Nace sectors, class of persons employed - reg. (2018 - 2022)",CPI_INNOVDIG,1.0,IT1
742_1142_DF_CPI_INNOVDIG_7,1.0,"Progetti di innovazione - Divisione di Ateco (2 digit), classe di addetti (2018 - 2022)","Innovation projects - Nace 2 digit, class of persons employed (2018 - 2022)",CPI_INNOVDIG,1.0,IT1
742_1142_DF_CPI_INNOVDIG_8,1.0,Progetti di innovazione - Classe di Ateco (4 digit) (2018 - 2022),Innovation projects - Nace 4 digit (2018 - 2022),CPI_INNOVDIG,1.0,IT1
742_1142_DF_CPI_INNOVDIG_9,1.0,Piattaforme digitali - Macrosettori economici - prov (2018 - 2022),Digital platforms - Economic sectors - prov. (2018 - 2022),CPI_INNOVDIG,1.0,IT1
742_1145_DF_CPI_CLOUDINV_1,1.0,"Software gestionali, cloud, investimenti digitali - Macrosettori economici - prov. (2018 - 2022)","Management software, cloud, digital investments - Economic sectors - prov. (2018 - 2022)",CPI_CLOUDINV,1.0,IT1
742_1145_DF_CPI_CLOUDINV_10,1.0,"Servizi cloud - Sezioni Ateco, classe di addetti - reg. (2018 - 2022)","Cloud services - Nace sectors, class of persons employed - reg. (2018 - 2022)",CPI_CLOUDINV,1.0,IT1
742_1145_DF_CPI_CLOUDINV_11,1.0,"Servizi cloud - Divisione di Ateco (2 digit), classe di addetti (2018 - 2022)","Cloud services - Nace 2 digit, class of persons employed (2018 - 2022)",CPI_CLOUDINV,1.0,IT1
742_1145_DF_CPI_CLOUDINV_12,1.0,Servizi cloud - Classe di Ateco (4 digit) (2018 - 2022),Cloud services - Nace 4 digit (2018 - 2022),CPI_CLOUDINV,1.0,IT1
742_1145_DF_CPI_CLOUDINV_13,1.0,Investimenti effettuati - Macrosettori economici - prov. (2018 - 2022),Investments made - Economic sectors - prov. (2018 - 2022),CPI_CLOUDINV,1.0,IT1
742_1145_DF_CPI_CLOUDINV_14,1.0,"Investimenti effettuati - Sezioni Ateco, classe di addetti - reg. (2018 - 2022)","Investments made - Nace sectors, class of persons employed - reg. (2018 - 2022)",CPI_CLOUDINV,1.0,IT1
742_1145_DF_CPI_CLOUDINV_15,1.0,"Investimenti effettuati - Divisione di Ateco (2 digit), classe di addetti (2018 - 2022)","Investments made - Nace 2 digit, class of persons employed (2018 - 2022)",CPI_CLOUDINV,1.0,IT1
742_1145_DF_CPI_CLOUDINV_16,1.0,Investimenti effettuati - Classe di Ateco (4 digit) (2018 - 2022),Investments made - Nace 4 digit (2018 - 2022),CPI_CLOUDINV,1.0,IT1
742_1145_DF_CPI_CLOUDINV_17,1.0,Investimenti previsti - Macrosettori economici - prov (2018 - 2022),Investments to be made - Economic sectors - prov. (2018 - 2022),CPI_CLOUDINV,1.0,IT1
742_1145_DF_CPI_CLOUDINV_18,1.0,"Investimenti previsti - Sezioni Ateco, classe di addetti - reg. (2018 - 2022)","Investments to be made - Nace sectors, class of persons employed - reg. (2018 - 2022)",CPI_CLOUDINV,1.0,IT1
742_1145_DF_CPI_CLOUDINV_19,1.0,"Investimenti previsti - Divisione di Ateco (2 digit), classe di addetti (2018 - 2022)","Investments to be made - Nace 2 digit, class of persons employed (2018 - 2022)",CPI_CLOUDINV,1.0,IT1
742_1145_DF_CPI_CLOUDINV_2,1.0,"Software gestionali, cloud, investimenti digitali - Sezioni Ateco, classe di addetti - reg. (2018 - 2022)","Management software, cloud, digital investments - Nace sectors, class of persons employed - reg. (2018 - 2022)",CPI_CLOUDINV,1.0,IT1
742_1145_DF_CPI_CLOUDINV_20,1.0,Investimenti previsti - Classe di Ateco (4 digit) (2018 - 2022),Investments to be made - Nace 4 digit (2018 - 2022),CPI_CLOUDINV,1.0,IT1
742_1145_DF_CPI_CLOUDINV_21,1.0,Conseguenze dei processi di digitalizzazione - Macrosettori economici - prov,Consequences of the digitisation processes - Economic sectors - prov.,CPI_CLOUDINV,1.0,IT1
742_1145_DF_CPI_CLOUDINV_22,1.0,"Conseguenze dei processi di digitalizzazione - Sezioni Ateco, classe di addetti - reg.","Consequences of the digitisation processes - Nace sectors, class of persons employed - reg.",CPI_CLOUDINV,1.0,IT1
742_1145_DF_CPI_CLOUDINV_23,1.0,"Conseguenze dei processi di digitalizzazione - Divisione di Ateco (2 digit), classe di addetti","Consequences of the digitisation processes - Nace 2 digit, class of persons employed",CPI_CLOUDINV,1.0,IT1
742_1145_DF_CPI_CLOUDINV_24,1.0,Conseguenze dei processi di digitalizzazione - Classe di Ateco (4 digit),Consequences of the digitisation processes - Nace 4 digit,CPI_CLOUDINV,1.0,IT1
742_1145_DF_CPI_CLOUDINV_3,1.0,"Software gestionali, cloud, investimenti digitali - Divisione di Ateco (2 digit), classe di addetti (2018-2022)","Management software, cloud, digital investments - Nace 2 digit, class of persons employed (2018-2022)",CPI_CLOUDINV,1.0,IT1
742_1145_DF_CPI_CLOUDINV_4,1.0,"Software gestionali, cloud, investimenti digitali - Classe di Ateco (4 digit) (2018 - 2022)","Management software, cloud, digital investments - Nace 4 digit (2018 - 2022)",CPI_CLOUDINV,1.0,IT1
742_1145_DF_CPI_CLOUDINV_5,1.0,Software per la gestione aziendale - Macrosettori economici - prov. (2018 - 2022),Business management software - Economic sectors - prov. (2018 - 2022),CPI_CLOUDINV,1.0,IT1
742_1145_DF_CPI_CLOUDINV_6,1.0,"Software per la gestione aziendale - Sezioni Ateco, classe di addetti - reg. (2018 - 2022)","Business management software - Nace sectors, class of persons employed - reg. (2018 - 2022)",CPI_CLOUDINV,1.0,IT1
742_1145_DF_CPI_CLOUDINV_7,1.0,"Software per la gestione aziendale - Divisione di Ateco (2 digit), classe di addetti (2018 - 2022)","Business management software - Nace 2 digit, class of persons employed (2018 - 2022)",CPI_CLOUDINV,1.0,IT1
742_1145_DF_CPI_CLOUDINV_8,1.0,Software per la gestione aziendale - Classe di Ateco (4 digit) (2018 - 2022),Business management software - Nace 4 digit (2018 - 2022),CPI_CLOUDINV,1.0,IT1
742_1145_DF_CPI_CLOUDINV_9,1.0,Servizi cloud - Macrosettori economici - prov. (2018 - 2022),Cloud services - Economic sectors - prov. (2018 - 2022),CPI_CLOUDINV,1.0,IT1
742_1146_DF_CPI_TRAINDIG_1,1.0,Formazione e competenze digitali - Macrosettori economici - prov,Training and digital skills - Economic sectors - prov.,CPI_TRAINDIG,1.0,IT1
742_1146_DF_CPI_TRAINDIG_10,1.0,"Competenze digitali possedute - COMPP - Sezioni Ateco, classe di addetti - reg.","Skills adequately held - COMPP - Nace sectors, class of persons employed - reg.",CPI_TRAINDIG,1.0,IT1
742_1146_DF_CPI_TRAINDIG_11,1.0,"Competenze digitali possedute - COMPP - Divisione di Ateco (2 digit), classe di addetti","Skills adequately held - COMPP - Nace 2 digit, class of persons employed",CPI_TRAINDIG,1.0,IT1
742_1146_DF_CPI_TRAINDIG_12,1.0,Competenze digitali possedute - COMPP - Classe di Ateco (4 digit),Skills adequately held - COMPP - Nace 4 digit,CPI_TRAINDIG,1.0,IT1
742_1146_DF_CPI_TRAINDIG_13,1.0,Competenze digitali rilevanti - COMPR - Macrosettori economici - prov,Relevant skills - COMPR - Economic sectors - prov.,CPI_TRAINDIG,1.0,IT1
742_1146_DF_CPI_TRAINDIG_14,1.0,"Competenze digitali rilevanti - COMPR - Sezioni Ateco, classe di addetti - reg.","Relevant skills - COMPR - Nace sectors, class of persons employed - reg.",CPI_TRAINDIG,1.0,IT1
742_1146_DF_CPI_TRAINDIG_15,1.0,"Competenze digitali rilevanti - COMPR - Divisione di Ateco (2 digit), classe di addetti","Relevant skills - COMPR - Nace 2 digit, class of persons employed",CPI_TRAINDIG,1.0,IT1
742_1146_DF_CPI_TRAINDIG_16,1.0,Competenze digitali rilevanti - COMPR - Classe di Ateco (4 digit),Relevant skills - COMPR - Nace 4 digit,CPI_TRAINDIG,1.0,IT1
742_1146_DF_CPI_TRAINDIG_17,1.0,Mansioni professionali rilevanti - MANS - Macrosettori economici - prov,Tasks relevant to the business - MANS - Economic sectors - prov.,CPI_TRAINDIG,1.0,IT1
742_1146_DF_CPI_TRAINDIG_18,1.0,"Mansioni professionali rilevanti - MANS - Sezioni Ateco, classe di addetti - reg.","Tasks relevant to the business - MANS - Nace sectors, class of persons employed - reg.",CPI_TRAINDIG,1.0,IT1
742_1146_DF_CPI_TRAINDIG_19,1.0,"Mansioni professionali rilevanti - MANS - Divisione di Ateco (2 digit), classe di addetti","Tasks relevant to the business - MANS - Nace 2 digit, class of persons employed",CPI_TRAINDIG,1.0,IT1
742_1146_DF_CPI_TRAINDIG_2,1.0,"Formazione e competenze digitali - Sezioni Ateco, classe di addetti - reg.","Training and digital skills - Nace sectors, class of persons employed - reg.",CPI_TRAINDIG,1.0,IT1
742_1146_DF_CPI_TRAINDIG_20,1.0,Mansioni professionali rilevanti - MANS - Classe di Ateco (4 digit),Tasks relevant to the business - MANS - Nace 4 digit,CPI_TRAINDIG,1.0,IT1
742_1146_DF_CPI_TRAINDIG_21,1.0,Azioni per affrontare le conseguenze - AZI - Macrosettori economici - prov,Actions to deal with the consequences - AZI - Economic sectors - prov.,CPI_TRAINDIG,1.0,IT1
742_1146_DF_CPI_TRAINDIG_22,1.0,"Azioni per affrontare le conseguenze - AZI - Sezioni Ateco, classe di addetti - reg.","Actions to deal with the consequences - AZI - Nace sectors, class of persons employed - reg.",CPI_TRAINDIG,1.0,IT1
742_1146_DF_CPI_TRAINDIG_23,1.0,"Azioni per affrontare le conseguenze - AZI - Divisione di Ateco (2 digit), classe di addetti","Actions to deal with the consequences - AZI - Nace 2 digit, class of persons employed",CPI_TRAINDIG,1.0,IT1
742_1146_DF_CPI_TRAINDIG_24,1.0,Azioni per affrontare le conseguenze - AZI - Classe di Ateco (4 digit),Actions to deal with the consequences - AZI - Nace 4 digit,CPI_TRAINDIG,1.0,IT1
742_1146_DF_CPI_TRAINDIG_3,1.0,"Formazione e competenze digitali - Divisione di Ateco (2 digit), classe di addetti","Training and digital skills - Nace 2 digit, class of persons employed",CPI_TRAINDIG,1.0,IT1
742_1146_DF_CPI_TRAINDIG_4,1.0,Formazione e competenze digitali - Classe di Ateco (4 digit),Training and digital skills - Nace 4 digit,CPI_TRAINDIG,1.0,IT1
742_1146_DF_CPI_TRAINDIG_5,1.0,Attività di formazione - FORM - Macrosettori economici - prov,Training activities - FORM - Economic sectors - prov.,CPI_TRAINDIG,1.0,IT1
742_1146_DF_CPI_TRAINDIG_6,1.0,"Attività di formazione - FORM - Sezioni Ateco, classe di addetti - reg.","Training activities - FORM - Nace sectors, class of persons employed - reg.",CPI_TRAINDIG,1.0,IT1
742_1146_DF_CPI_TRAINDIG_7,1.0,"Attività di formazione - FORM - Divisione di Ateco (2 digit), classe di addetti","Training activities - FORM - Nace 2 digit, class of persons employed",CPI_TRAINDIG,1.0,IT1
742_1146_DF_CPI_TRAINDIG_8,1.0,Attività di formazione - FORM - Classe di Ateco (4 digit),Training activities - FORM - Nace 4 digit,CPI_TRAINDIG,1.0,IT1
742_1146_DF_CPI_TRAINDIG_9,1.0,Competenze digitali possedute - COMPP - Macrosettori economici - prov,Skills adequately held - COMPP - Economic sectors - prov.,CPI_TRAINDIG,1.0,IT1
74_171,1.0,Procedimenti di giustizia amministrativa,Administrative justice proceedings,DCAR_PROC_AMM,1.0,IT1
74_171_DF_DCAR_PROC_AMM_1,1.0,Procedimenti,Proceedings,DCAR_PROC_AMM,1.0,IT1
74_171_DF_DCAR_PROC_AMM_2,1.0,Consiglio di stato,Council of state,DCAR_PROC_AMM,1.0,IT1
74_171_DF_DCAR_PROC_AMM_3,1.0,Consiglio di giustizia amministrativa per la Regione siciliana,Council of administrative justice for the Sicilian Region,DCAR_PROC_AMM,1.0,IT1
74_171_DF_DCAR_PROC_AMM_4,1.0,Serie interrotte,Broken time series,DCAR_PROC_AMM,1.0,IT1
74_172,1.0,Decisioni di giustizia amministrativa,Administrative justice decisions,DCAR_DEC_AMM,1.0,IT1
74_172_DF_DCAR_DEC_AMM_1,1.0,Decisioni,Decisions,DCAR_DEC_AMM,1.0,IT1
74_172_DF_DCAR_DEC_AMM_2,1.0,Consiglio di stato - serie interrotte,Council of state - broken time series,DCAR_DEC_AMM,1.0,IT1
750_1117,1.0,"Conti della branca agricoltura, silvicoltura e pesca - versione 2014","Agriculture, forestry and fishing accounts in the 2014 version",DCCN_VAAGSIPET_B14,1.0,IT1
750_1117_DF_DCCN_VAAGSIPET_B14_1,1.0,Produzione e valore aggiunto ai prezzi base - edizioni giugno 2015 - maggio 2019,Production and value added at basic prices - editions from June 2015 to Mayh 2019,DCCN_VAAGSIPET_B14478480,1.0,IT1
750_1117_DF_DCCN_VAAGSIPET_B14_2,1.0,Prodotti e voci di costo - edizioni giugno 2015 - maggio 2019,Products and cost items - editions from June 2015 to Mayh 2019,DCCN_VAAGSIPET_B14,1.0,IT1
750_1118,1.0,"Conti della branca agricoltura, silvicoltura e pesca - versione 2011","Agriculture, forestry and fishing accounts in the 2011 version",DCCN_VAAGSIPET_B11,1.0,IT1
760_1140,1.0,Sistema dei conti della sanità - versione 2014,System of Health Accounts (SHA) in the 2014 version,DCCN_SHA_B14,1.0,IT1
760_1140_DF_DCCN_SHA_B14_1,1.0,Spesa sanitaria per tipo di funzione di assistenza sanitaria e finanziamento - edizioni giugno 2018 e giugno 2019,Health expenditure by health care function and financing scheme- editions June 2018 and June 2019,DCCN_SHA_B1476072,1.0,IT1
760_1140_DF_DCCN_SHA_B14_2,1.0,Spesa sanitaria per tipo di funzione di assistenza sanitaria e soggetto erogatore - edizioni giugno 2018 e giugno 2019,Health expenditure by health care function and health care provider - editions June 2018 and June 2019,DCCN_SHA_B14338694,1.0,IT1
760_1140_DF_DCCN_SHA_B14_3,1.0,Spesa sanitaria per soggetto erogatore e tipo di finanziamento - edizioni giugno 2018 e giugno 2019,Health expenditure by health care provider and financing scheme - editions June 2018 and June 2019,DCCN_SHA_B14825941,1.0,IT1
76_177,1.0,Protesti,Protests,DCAR_PROTESTI,1.0,IT1
76_177_DF_DCAR_PROTESTI_1,1.0,Protesti,Protests,DCAR_PROTESTI,1.0,IT1
76_177_DF_DCAR_PROTESTI_2,1.0,Territorio di iscrizione,Territory of registration,DCAR_PROTESTI,1.0,IT1
77_47,1.0,Atti notarili,Notarial deeds,DCAR_ATT_NOTAR,1.0,IT1
77_47_DF_DCAR_ATT_NOTAR_1,1.0,Atti notarili,Notarial deeds,DCAR_ATT_NOTAR,1.0,IT1
77_68,1.0,Convenzioni contenute negli atti notarili,Agreements contained in notarial deeds,DCAR_CONV_ATT_NOT,1.0,IT1
77_68_DF_DCAR_CONV_ATT_NOT_1,1.0,Convenzioni contenute negli atti notarili,Agreements contained in notarial deeds,DCAR_CONV_ATT_NOT,1.0,IT1
78_1112,1.0,Donne che hanno subito violenza - caratteristiche demografiche e abitudini,Women who have suffered violence - demographic characteristics and habits,DCCV_VIOL_CARAT,1.0,IT1
78_1112_DF_DCCV_VIOL_CARAT_1,1.0,Tipo di autore e regione,Type of perpetrator and region,DCCV_VIOL_CARAT,1.0,IT1
78_1112_DF_DCCV_VIOL_CARAT_10,1.0,"Tipo di autore, titolo di studio della donna","Type of perpetrator, educational attainment level of the woman",DCCV_VIOL_CARAT,1.0,IT1
78_1112_DF_DCCV_VIOL_CARAT_11,1.0,"Tipo di autore, condizione professionale della donna","Type of perpetrator, labour status of the woman",DCCV_VIOL_CARAT,1.0,IT1
78_1112_DF_DCCV_VIOL_CARAT_2,1.0,Dettaglio tipo di violenza e tipo di autore,Detailed type of violence and type of perpetrator,DCCV_VIOL_CARAT,1.0,IT1
78_1112_DF_DCCV_VIOL_CARAT_3,1.0,"Cittadinanza, età","Citizenship, age",DCCV_VIOL_CARAT,1.0,IT1
78_1112_DF_DCCV_VIOL_CARAT_4,1.0,"Cittadinanza, condizione professionale","Citizenship, labour status",DCCV_VIOL_CARAT,1.0,IT1
78_1112_DF_DCCV_VIOL_CARAT_5,1.0,"Cittadinanza, titolo di studio","Citizenship, educational attainment level",DCCV_VIOL_CARAT,1.0,IT1
78_1112_DF_DCCV_VIOL_CARAT_6,1.0,"Cittadinanza, stato civile","Citizenship, marital status",DCCV_VIOL_CARAT,1.0,IT1
78_1112_DF_DCCV_VIOL_CARAT_7,1.0,"Cittadinanza, presenza di limitazioni nelle attività quotidiane","Citizenship, limitations in usual activities",DCCV_VIOL_CARAT,1.0,IT1
78_1112_DF_DCCV_VIOL_CARAT_8,1.0,"Tipo di autore, età della donna","Type of perpetrator, age of the woman",DCCV_VIOL_CARAT,1.0,IT1
78_1112_DF_DCCV_VIOL_CARAT_9,1.0,"Tipo di autore, stato civile della donna","Type of perpetrator, marital status of the woman",DCCV_VIOL_CARAT,1.0,IT1
78_1121,1.0,Vittime che si rivolgono al 1522 (numero antiviolenza e stalking),Victims contacting helpline 1522 (anti-violence and stalking number),DCCV_1522_VITTIME,1.0,IT1
78_1121_DF_DCCV_1522_VITTIME_1,1.0,"Vittime – sesso, classi età, regione","Victims - sex, age class, geographical areas",DCCV_1522_VITTIME,1.0,IT1
78_1121_DF_DCCV_1522_VITTIME_10,1.0,"Vittime - sesso, motivo contatto, regione","Victims - sex, reason for the 1522 contact , geographical areas",DCCV_1522_VITTIME,1.0,IT1
78_1121_DF_DCCV_1522_VITTIME_11,1.0,"Vittime - sesso, presenza figli","Victims - sex, child presence",DCCV_1522_VITTIME,1.0,IT1
78_1121_DF_DCCV_1522_VITTIME_12,1.0,"Vittime con figli -sesso, violenza assistita/subita figli","Victims - sex, witnessed violence",DCCV_1522_VITTIME,1.0,IT1
78_1121_DF_DCCV_1522_VITTIME_13,1.0,"Vittime con figli che assistono - sesso, violenza assistita figli, reazioni figli","Victims - sex, witnessed violence, reaction of witnessed violence",DCCV_1522_VITTIME,1.0,IT1
78_1121_DF_DCCV_1522_VITTIME_14,1.0,"Vittime - sesso, tipo violenza, stato d’animo della vittima","Victims - sex, type of violence, feelings of victims",DCCV_1522_VITTIME,1.0,IT1
78_1121_DF_DCCV_1522_VITTIME_2,1.0,"Vittime – sesso, classi età, cittadinanza","Victims - sex, age class, citizenship",DCCV_1522_VITTIME,1.0,IT1
78_1121_DF_DCCV_1522_VITTIME_3,1.0,"Vittime – sesso, titolo di studio, denuncia e motivo del ritiro","Victims - sex, educational level, complaints and reason for withdrawal",DCCV_1522_VITTIME,1.0,IT1
78_1121_DF_DCCV_1522_VITTIME_4,1.0,"Vittime – sesso, stato civile, tipo violenza","Victims - sex, marital status, type of violence",DCCV_1522_VITTIME,1.0,IT1
78_1121_DF_DCCV_1522_VITTIME_5,1.0,"Vittime – sesso, stato civile, regione","Victims - sex, marital status, geographical areas",DCCV_1522_VITTIME,1.0,IT1
78_1121_DF_DCCV_1522_VITTIME_6,1.0,"Vittime - sesso, stato occupazionale, denuncia/non denuncia","Victims - sex, professional status, complaints/not complaints",DCCV_1522_VITTIME,1.0,IT1
78_1121_DF_DCCV_1522_VITTIME_7,1.0,"Vittime - sesso, denuncia/non denuncia, regione","Victims - sex, complaints/not complaints, geographical areas",DCCV_1522_VITTIME,1.0,IT1
78_1121_DF_DCCV_1522_VITTIME_8,1.0,"Vittime - sesso, tipo violenza, regione","Victims - sex, type of violence, geographical areas",DCCV_1522_VITTIME,1.0,IT1
78_1121_DF_DCCV_1522_VITTIME_9,1.0,"Vittime - sesso, tipo violenza, stato occupazionale","Victims - sex, type of violence, professional status",DCCV_1522_VITTIME,1.0,IT1
78_1161,1.0,Opinioni su ruoli di genere e su violenza contro le donne – adulti,Opinions about gender roles and about violence against women - adults,DCCV_RUOLIGEN,1.0,IT1
78_1161_DF_DCCV_RUOLIGEN_1,1.0,Accordo o accettabilità di almeno uno stereotipo - età,Agreement or acceptability of at least one stereotype - age,DCCV_RUOLIGEN,1.0,IT1
78_1161_DF_DCCV_RUOLIGEN_10,1.0,Accettabilità violenza nella coppia - età,Acceptability of intimate partner violence - age,DCCV_RUOLIGEN,1.0,IT1
78_1161_DF_DCCV_RUOLIGEN_11,1.0,Accettabilità violenza nella coppia - titolo di studio,Acceptability of intimate partner violence – educational level,DCCV_RUOLIGEN,1.0,IT1
78_1161_DF_DCCV_RUOLIGEN_12,1.0,Accettabilità violenza nella coppia - reg.,Acceptability of intimate partner violence - geographical areas,DCCV_RUOLIGEN,1.0,IT1
78_1161_DF_DCCV_RUOLIGEN_13,1.0,Percezione diffusione violenza nella coppia - età,Perceived spread of violence against women - age,DCCV_RUOLIGEN,1.0,IT1
78_1161_DF_DCCV_RUOLIGEN_14,1.0,Percezione diffusione violenza nella coppia - titolo di studio,Perceived spread of violence against women – educational level,DCCV_RUOLIGEN,1.0,IT1
78_1161_DF_DCCV_RUOLIGEN_15,1.0,Percezione diffusione violenza nella coppia - reg.,Perceived spread of violence against women - geographical areas,DCCV_RUOLIGEN,1.0,IT1
78_1161_DF_DCCV_RUOLIGEN_16,1.0,Indicazione di alcune cause della violenza nella coppia - età,Indication of some causes of intimate partner violence - age,DCCV_RUOLIGEN,1.0,IT1
78_1161_DF_DCCV_RUOLIGEN_17,1.0,Indicazione di alcune cause della violenza nella coppia - titolo di studio,Indication of some causes of intimate partner violence - educational level,DCCV_RUOLIGEN,1.0,IT1
78_1161_DF_DCCV_RUOLIGEN_18,1.0,Indicazione di alcune cause della violenza nella coppia - reg.,Indication of some causes of intimate partner violence – geographical areas,DCCV_RUOLIGEN,1.0,IT1
78_1161_DF_DCCV_RUOLIGEN_19,1.0,Cosa si consiglierebbe a una donna che ha subito violenza dal compagno - età,What would suggest to a woman who suffered intimate partner violence - age,DCCV_RUOLIGEN,1.0,IT1
78_1161_DF_DCCV_RUOLIGEN_2,1.0,Accordo o accettabilità di almeno uno stereotipo - titolo di studio,Agreement or acceptability of at least one stereotype – educational level,DCCV_RUOLIGEN,1.0,IT1
78_1161_DF_DCCV_RUOLIGEN_20,1.0,Cosa si consiglierebbe a una donna che ha subito violenza dal compagno - titolo di studio,What would suggest to a woman who suffered intimate partner violence – educational level,DCCV_RUOLIGEN,1.0,IT1
78_1161_DF_DCCV_RUOLIGEN_21,1.0,Cosa si consiglierebbe a una donna che ha subito violenza dal compagno - reg.,What would suggest to a woman who suffered intWhat would suggest to a woman who suffered intimate partner violence - geographical areas,DCCV_RUOLIGEN,1.0,IT1
78_1161_DF_DCCV_RUOLIGEN_3,1.0,Accordo o accettabilità di almeno uno stereotipo - reg.,Agreement or acceptability of at least one stereotype – geographical areas,DCCV_RUOLIGEN,1.0,IT1
78_1161_DF_DCCV_RUOLIGEN_4,1.0,Opinioni su ruoli tradizionali - età,Opinions about traditional roles - age,DCCV_RUOLIGEN,1.0,IT1
78_1161_DF_DCCV_RUOLIGEN_5,1.0,Opinioni su ruoli tradizionali - titolo di studio,Opinions about traditional roles - educational level,DCCV_RUOLIGEN,1.0,IT1
78_1161_DF_DCCV_RUOLIGEN_6,1.0,Opinioni su ruoli tradizionali - reg.,Opinions about traditional roles – geographical areas,DCCV_RUOLIGEN,1.0,IT1
78_1161_DF_DCCV_RUOLIGEN_7,1.0,Opinioni su violenza sessuale - età,Opinions about sexual violence - age,DCCV_RUOLIGEN,1.0,IT1
78_1161_DF_DCCV_RUOLIGEN_8,1.0,Opinioni su violenza sessuale - titolo di studio,Opinions about sexual violence - educational level,DCCV_RUOLIGEN,1.0,IT1
78_1161_DF_DCCV_RUOLIGEN_9,1.0,Opinioni su violenza sessuale - reg.,Opinions about sexual violence - geographical areas,DCCV_RUOLIGEN,1.0,IT1
78_1205,1.0,Utenti del 1522 ( numero antiviolenza e stalking ),Users to 1522 ( anti-violence and stalking number ),DCCV_1522UTENTI4,1.0,IT1
78_1205_DF_DCCV_1522UTENTI4_1,1.0,"Motivi della chiamata, sesso, nazionalità, regione (chiamate valide)","Purpose of the call - gender, citizenship",DCCV_1522UTENTI4,1.0,IT1
78_1205_DF_DCCV_1522UTENTI4_10,1.0,Modalità di conoscenza del 1522 (%) - chiamate valide,Knowledge of the helpline service 1522 (%) - valid calls,DCCV_1522UTENTI4,1.0,IT1
78_1205_DF_DCCV_1522UTENTI4_11,1.0,"Caratteristiche della violenza - sesso, nazionalità , regione (chiamate valide)","Characteristics of violence - gender, nationality, region (valid calls)",DCCV_1522UTENTI4,1.0,IT1
78_1205_DF_DCCV_1522UTENTI4_12,1.0,Caratteristiche della violenza (%) - chiamate valide,Characteristics of violence (%) - valid calls,DCCV_1522UTENTI4,1.0,IT1
78_1205_DF_DCCV_1522UTENTI4_13,1.0,"Esito della telefonata - sesso, nazionalità, regione (chiamate valide)","Outcome of the call - gender, nationality, region (valid calls)",DCCV_1522UTENTI4,1.0,IT1
78_1205_DF_DCCV_1522UTENTI4_2,1.0,Motivo della chiamata (%),Purpose of the call (%),DCCV_1522UTENTI4,1.0,IT1
78_1205_DF_DCCV_1522UTENTI4_3,1.0,"Tipologia utenti– sesso, nazionalità, regione (chiamate valide)","Type of users - gender, nationality, region (valid calls)",DCCV_1522UTENTI4,1.0,IT1
78_1205_DF_DCCV_1522UTENTI4_4,1.0,Tipologia di utenza (%),Users type (%),DCCV_1522UTENTI4,1.0,IT1
78_1205_DF_DCCV_1522UTENTI4_5,1.0,"Presenza disabilità - sesso , regione (chiamate valide)","Disability presence - gender, region (valid calls)",DCCV_1522UTENTI4,1.0,IT1
78_1205_DF_DCCV_1522UTENTI4_6,1.0,Presenza disabilità (%) - chiamate valide,Disability presence (%) - valid calls,DCCV_1522UTENTI4,1.0,IT1
78_1205_DF_DCCV_1522UTENTI4_7,1.0,"Orientamento sessuale - sesso, regione (chiamate valide)","Sexual orientation - gender, region (valid calls)",DCCV_1522UTENTI4,1.0,IT1
78_1205_DF_DCCV_1522UTENTI4_8,1.0,Orientamento sessuale (%) - chiamate valide,Sexual orientation (%) - valid calls,DCCV_1522UTENTI4,1.0,IT1
78_1205_DF_DCCV_1522UTENTI4_9,1.0,"Modalità di conoscenza del 1522 - nazionalità , regione (chiamate valide)","Knowledge of the helpline service 1522 - nationality, region (valid calls)",DCCV_1522UTENTI4,1.0,IT1
78_1260,1.0,Centri  antiviolenza,Anti - violence  centers,DCCV_CAV1,1.0,IT1
7_1027_DF_DCCN_PEFA_B19_1,1.0,Risorse e impieghi: schema di sintesi - edizioni dicembre 2019 - dicembre 2023,Supply and use: scheme - editions from December  2019 to December 2023,DCCN_PEFA_B19,1.0,IT1
7_1027_DF_DCCN_PEFA_B19_2,1.0,Risorse per attività e tipo di flusso - edizioni dicembre 2019 - dicembre 2023,Supply by activity and energy flow - editions from December  2019 to December 2023,DCCN_PEFA_B19,1.0,IT1
7_1027_DF_DCCN_PEFA_B19_3,1.0,Impieghi per attività e tipo di flusso - edizioni dicembre 2019 - dicembre 2023,Use by activity and energy flow - editions from December  2019 to December 2023,DCCN_PEFA_B19,1.0,IT1
7_1027_DF_DCCN_PEFA_B19_4,1.0,Impieghi rilevanti per le emissioni atmosferiche (impieghi da combustione) - edizioni dicembre 2019 - dicembre 2023,Emission-relevant use by activity and energy flow (related to fuel combustion) - editions from December  2019 to December 2023,DCCN_PEFA_B19,1.0,IT1
7_1027_DF_DCCN_PEFA_B19_5,1.0,Vettori di indicatori chiave sui flussi di energia - edizioni dicembre 2019 - dicembre 2023,Vectors of key energy indicators - editions from December  2019 to December 2023,DCCN_PEFA_B19,1.0,IT1
7_1027_DF_DCCN_PEFA_B19_6,1.0,Tavola di raccordo: consumo di energia - edizioni dicembre 2019 - dicembre 2023,Bridge table: energy consumption - editions from December  2019 to December 2023,DCCN_PEFA_B19,1.0,IT1
7_1027_DF_DCCN_PEFA_B19_7,1.0,Impieghi dei flussi di energia per tipo di uso - edizioni dicembre 2019 - dicembre 2023,Use of energy flows by type - editions from December  2019 to December 2023,DCCN_PEFA_B19,1.0,IT1
7_1027_DF_DCCN_PEFA_B19_8,1.0,Intensità energetica - edizioni dicembre 2019 - dicembre 2023,Energy intensity - editions from December  2019 to December 2023,DCCN_PEFA_B19,1.0,IT1
7_1027_DF_DCCN_PEFA_B19_9,1.0,Intensità di emissione  dei consumi energetici - edizioni dicembre 2019 - dicembre 2023,Emission intensity of energy consumption - editions from December  2019 to December 2023,DCCN_PEFA_B19,1.0,IT1
7_1028_DF_DCCN_EGSS_B19_1,1.0,"Produzione, valore aggiunto, esportazioni - edizioni febbraio 2020 - dicembre 2023","Output, value added, exports - editions from February  2020 to December 2023",DCCN_EGSS_B19,1.0,IT1
7_1028_DF_DCCN_EGSS_B19_2,1.0,Occupazione (unità di lavoro) - edizioni febbraio 2020 - dicembre 2023,Employment (full time equivalent) - editions from February  2020 to December 2023,DCCN_EGSS_B19,1.0,IT1
7_187_DF_DCCN_CONTIEMATMREV2_B19_1,1.0,Attività produttive - edizioni novembre 2019 - dicembre 2023,Production activities - editions from November  2019 to December 2023,DCCN_CONTIEMATMREV2_B19,1.0,IT1
7_187_DF_DCCN_CONTIEMATMREV2_B19_2,1.0,Famiglie - edizioni novembre 2019 - dicembre 2023,Households - editions from November  2019 to December 2023,DCCN_CONTIEMATMREV2_B19,1.0,IT1
7_187_DF_DCCN_CONTIEMATMREV2_B19_3,1.0,Raccordo tra totale NAMEA e totale UNFCCC/CLRTAP - edizioni novembre 2019 - dicembre 2023,Bridging items between NAMEA total and UNFCCC/CLRTAP total - editions from November  2019 to December 2023,DCCN_CONTIEMATMREV2_B19,1.0,IT1
7_187_DF_DCCN_CONTIEMATMREV2_B19_4,1.0,Intensità della produzione e del valore aggiunto - edizioni novembre 2019 - dicembre 2023,Intensity of output and value added - editions from November  2019 to December 2023,DCCN_CONTIEMATMREV2_B19,1.0,IT1
7_187_DF_DCCN_CONTIEMATMREV2_B19_5,1.0,Intensità della occupazione - edizioni novembre 2019 - dicembre 2023,Intensity of employment - editions from November  2019 to December 2023,DCCN_CONTIEMATMREV2_B19,1.0,IT1
7_26_DF_DCCN_IMPAMB1_B19_1,1.0,Categoria di imposta - edizioni ottobre 2019 - aprile 2024,Tax category - editions from October 2019 to July 2024,DCCN_IMPAMB1_B19,1.0,IT1
7_26_DF_DCCN_IMPAMB1_B19_2,1.0,Unità che corrisponde l'imposta - edizioni ottobre 2019 - aprile 2024,Paying unit - editions from October 2019 to July 2024,DCCN_IMPAMB1_B19,1.0,IT1
7_26_DF_DCCN_IMPAMB1_B19_3,1.0,Gettito corrisposto dalle attività economiche - edizioni ottobre 2019 - aprile 2024,Taxes paid by economic activity - editions from October 2019 to July 2024,DCCN_IMPAMB1_B19,1.0,IT1
7_26_DF_DCCN_IMPAMB1_B19_4,1.0,Classe CEPA - edizioni ottobre 2019 - aprile 2024,CEPA class - editions from October 2019 to July 2024,DCCN_IMPAMB1_B19,1.0,IT1
7_26_DF_DCCN_IMPAMB1_B19_5,1.0,Destinazione del gettito - edizioni ottobre 2019 - aprile 2024,Use of the tax revenue - editions from October 2019 to July 2024,DCCN_IMPAMB1_B19,1.0,IT1
7_334_DF_DCCN_FLUMAT_B19_1,1.0,Indicatori aggregati nazionali - edizioni febbraio 2020 - giugno 2024,National economy-wide material flow indicators - editions from Februaryr 2020 to June 2024,DCCN_FLUMAT_B19,1.0,IT1
7_334_DF_DCCN_FLUMAT_B19_2,1.0,Estrazione interna di materiali utilizzati - edizioni febbraio 2020 - giugno 2024,Domestic extraction of used materials - editions from Februaryr 2020 to June 2024,DCCN_FLUMAT_B19,1.0,IT1
7_334_DF_DCCN_FLUMAT_B19_3,1.0,Scambi con il resto del mondo - edizioni febbraio 2020 - giugno 2024,Exchanges with the rest of the world - editions from Februaryr 2020 to June 2024,DCCN_FLUMAT_B19,1.0,IT1
7_334_DF_DCCN_FLUMAT_B19_4,1.0,Indicatori aggregati regionali - edizioni febbraio 2022 - giugno 2024,Economy-wide material flow indicators by region - editions from Februaryr 2022 to June 2024,DCCN_FLUMAT_B19,1.0,IT1
7_953,1.0,Spese per la protezione dell'ambiente - edizioni febbraio 2020 - febbraio 2024,Environmental protection expenditure - editions from February  2020 to Februaryr 2024,DCCN_SPESAPROTAMB_B19,1.0,IT1
7_953_DF_DCCN_SPESAPROTAMB_B19_1,1.0,Spesa nazionale - edizioni febbraio 2020 - febbraio 2024,National expenditure - editions from February  2020 to Februaryr 2024,DCCN_SPESAPROTAMB_B19,1.0,IT1
7_953_DF_DCCN_SPESAPROTAMB_B19_2,1.0,Aggregati economici per settore istituzionale - edizioni febbraio 2020 - febbraio 2024,Economic aggregates by institutional sector - editions from February  2020 to Februaryr 2024,DCCN_SPESAPROTAMB_B19,1.0,IT1
7_953_DF_DCCN_SPESAPROTAMB_B19_3,1.0,Investimenti e produzione ausiliaria delle società come produttori ausiliari per attività economica - edizioni febbraio 2020 - febbraio 2024,Gross fixed capital formation and ancillary output of corporations as ancillary producers by economic activity - editions from February  2020 to Februaryr 2024,DCCN_SPESAPROTAMB_B19,1.0,IT1
82_87,1.0,Aspetti della vita quotidiana - Famiglie,Aspects of daily life - Household,DCCV_AVQ_FAMIGLIE,1.0,IT1
82_87_DF_DCCV_AVQ_FAMIGLIE_1,1.0,Coppie con figli,Couples with children,DCCV_AVQ_FAMIGLIE,1.0,IT1
82_87_DF_DCCV_AVQ_FAMIGLIE_10,1.0,Ampiezza della famiglia,Households size,DCCV_AVQ_FAMIGLIE,1.0,IT1
82_87_DF_DCCV_AVQ_FAMIGLIE_100,1.0,Difficoltà a raggiungere alcuni servizi,Difficulty in reaching some services,DCCV_AVQ_FAMIGLIE,1.0,IT1
82_87_DF_DCCV_AVQ_FAMIGLIE_101,1.0,Energia elettrica - regioni e tipo di comune,Electricity supply - regions and type of municipality,DCCV_AVQ_FAMIGLIE,1.0,IT1
82_87_DF_DCCV_AVQ_FAMIGLIE_102,1.0,Gas - regioni e tipo di comune,Gas supply - regions and type of municipality,DCCV_AVQ_FAMIGLIE,1.0,IT1
82_87_DF_DCCV_AVQ_FAMIGLIE_103,1.0,Modulistica fiscale,Tax forms,DCCV_AVQ_FAMIGLIE,1.0,IT1
82_87_DF_DCCV_AVQ_FAMIGLIE_104,1.0,Mobilità e condizioni delle strade,Mobility and road conditions,DCCV_AVQ_FAMIGLIE,1.0,IT1
82_87_DF_DCCV_AVQ_FAMIGLIE_105,1.0,Altri problemi,Other problems,DCCV_AVQ_FAMIGLIE,1.0,IT1
82_87_DF_DCCV_AVQ_FAMIGLIE_11,1.0,Tipologie familiari,Type of households,DCCV_AVQ_FAMIGLIE,1.0,IT1
82_87_DF_DCCV_AVQ_FAMIGLIE_12,1.0,Tipologie familiari - regioni e tipo comune,Type of households - regions and type of municipality,DCCV_AVQ_FAMIGLIE,1.0,IT1
82_87_DF_DCCV_AVQ_FAMIGLIE_13,1.0,Giudizio sulla situazione economica - ampiezza della famiglia,Perception of the economic condition - number of components,DCCV_AVQ_FAMIGLIE,1.0,IT1
82_87_DF_DCCV_AVQ_FAMIGLIE_14,1.0,Giudizio sulla situazione economica - reg. e tipo di comune,Perception of the economic condition - reg. and type of municipality,DCCV_AVQ_FAMIGLIE,1.0,IT1
82_87_DF_DCCV_AVQ_FAMIGLIE_15,1.0,Possesso di beni durevoli - reg. e tipo di comune,Ownership of durable goods - reg. and type of municipality,DCCV_AVQ_FAMIGLIE,1.0,IT1
82_87_DF_DCCV_AVQ_FAMIGLIE_16,1.0,Spazi esterni e riscaldamento nell'abitazione,Outside areas and heating in the housing,DCCV_AVQ_FAMIGLIE,1.0,IT1
82_87_DF_DCCV_AVQ_FAMIGLIE_17,1.0,Modalità di fornitura del gas,Supply of gas mode,DCCV_AVQ_FAMIGLIE,1.0,IT1
82_87_DF_DCCV_AVQ_FAMIGLIE_18,1.0,Cambio dell'abitazione,Residential mobility,DCCV_AVQ_FAMIGLIE,1.0,IT1
82_87_DF_DCCV_AVQ_FAMIGLIE_19,1.0,"Spese, acqua e altri problemi dell'abitazione","House costs, water and other problems with the house",DCCV_AVQ_FAMIGLIE,1.0,IT1
82_87_DF_DCCV_AVQ_FAMIGLIE_2,1.0,Coppie con figli - reg.,Couples with children - reg.,DCCV_AVQ_FAMIGLIE,1.0,IT1
82_87_DF_DCCV_AVQ_FAMIGLIE_3,1.0,Coppie senza figli - reg.,Couples without children - reg.,DCCV_AVQ_FAMIGLIE,1.0,IT1
82_87_DF_DCCV_AVQ_FAMIGLIE_4,1.0,"Monogenitori - sesso, età, stato civile","Single parents - gender, age, marital status",DCCV_AVQ_FAMIGLIE,1.0,IT1
82_87_DF_DCCV_AVQ_FAMIGLIE_5,1.0,"Monogenitori - sesso, stato civile, ripartizioni","Single parents - gender, marital status, geographical areas",DCCV_AVQ_FAMIGLIE,1.0,IT1
82_87_DF_DCCV_AVQ_FAMIGLIE_6,1.0,Monogenitori  - regioni e tipo di comune,Single parents - regions and type of municipality,DCCV_AVQ_FAMIGLIE,1.0,IT1
82_87_DF_DCCV_AVQ_FAMIGLIE_7,1.0,Monogenitori - numero ed età dei figli,Single parents by number and age class of the children,DCCV_AVQ_FAMIGLIE,1.0,IT1
82_87_DF_DCCV_AVQ_FAMIGLIE_8,1.0,"Persone sole -  sesso, età, stato civile","Single persons - gender,age, marital status",DCCV_AVQ_FAMIGLIE,1.0,IT1
82_87_DF_DCCV_AVQ_FAMIGLIE_9,1.0,Persone sole - ripartizioni e tipo di comune,Single persons - geographical areas and type of municipality,DCCV_AVQ_FAMIGLIE,1.0,IT1
83_277,1.0,Imprese agricole e addetti,Agricoltural enterprises and persons employed,DICA_ASIAAGR,1.0,IT1
83_277_DF_DICA_ASIAAGR_1,1.0,Settori economici (Ateco 5 cifre),Economic activity (Nace 5 digit),DICA_ASIAAGR,1.0,IT1
83_277_DF_DICA_ASIAAGR_2,1.0,Settori economici (Ateco 4 cifre) - rip.,Economic activity (Nace 4 digit) - geographical areas,DICA_ASIAAGR,1.0,IT1
83_277_DF_DICA_ASIAAGR_3,1.0,Settori economici (Ateco 3 cifre) - prov.,Economic activity (Nace 3 digit) - provinces,DICA_ASIAAGR,1.0,IT1
83_277_DF_DICA_ASIAAGR_4,1.0,"Classe di addetti, settori economici (Ateco 3 cifre)","Size classes of persons employed, economic activity (Nace 3 digit)",DICA_ASIAAGR,1.0,IT1
83_277_DF_DICA_ASIAAGR_5,1.0,Classe di addetti - prov.,Size classes of persons employed - provinces,DICA_ASIAAGR,1.0,IT1
83_277_DF_DICA_ASIAAGR_6,1.0,"Forma giuridica, settori economici (Ateco 3 cifre)","Legal form, economic activity (Nace 3 digit)",DICA_ASIAAGR,1.0,IT1
83_277_DF_DICA_ASIAAGR_7,1.0,"Forma giuridica, classe di addetti - reg.","Legal form, size classes of persons employed - regions",DICA_ASIAAGR,1.0,IT1
83_277_DF_DICA_ASIAAGR_8,1.0,Forma giuridica - prov,Legal form - provinces,DICA_ASIAAGR,1.0,IT1
83_63,1.0,Aspetti della vita quotidiana,Aspects of daily life,DCCV_AVQ_PERSONE,1.0,IT1
83_63_DF_DCCV_AVQ_PERSONE_100,1.0,Sport - età dettaglio,Sport - detail age,DCCV_AVQ_PERSONE,1.0,IT1
83_63_DF_DCCV_AVQ_PERSONE_101,1.0,"Sport - età, titolo di studio","Sport - age, educational level",DCCV_AVQ_PERSONE,1.0,IT1
83_63_DF_DCCV_AVQ_PERSONE_102,1.0,Sport - condizione e posizione nella professione,Sport - occupational status,DCCV_AVQ_PERSONE,1.0,IT1
83_63_DF_DCCV_AVQ_PERSONE_103,1.0,Sport - regioni e tipo di comune,Sport - regions and type of municipality,DCCV_AVQ_PERSONE,1.0,IT1
83_63_DF_DCCV_AVQ_PERSONE_104,1.0,Incontri con amici - età dettaglio,Meetings with friends - detail age,DCCV_AVQ_PERSONE,1.0,IT1
83_63_DF_DCCV_AVQ_PERSONE_105,1.0,"Incontri con amici - età, titolo di studio","Meetings with friends - age, educational level",DCCV_AVQ_PERSONE,1.0,IT1
83_63_DF_DCCV_AVQ_PERSONE_106,1.0,Incontri con amici - condizione e posizione nella professione,Meetings with friends - occupational status,DCCV_AVQ_PERSONE,1.0,IT1
83_63_DF_DCCV_AVQ_PERSONE_107,1.0,Incontri con amici - regioni e tipo di comune,Meetings with friends - regions and type of municipality,DCCV_AVQ_PERSONE,1.0,IT1
83_63_DF_DCCV_AVQ_PERSONE_108,1.0,Informazione politica - età dettaglio,Political information - detail age,DCCV_AVQ_PERSONE,1.0,IT1
83_63_DF_DCCV_AVQ_PERSONE_109,1.0,"Informazione politica - età, titolo di studio","Political information - age, educational level",DCCV_AVQ_PERSONE,1.0,IT1
83_63_DF_DCCV_AVQ_PERSONE_110,1.0,Informazione politica - condizione professionale,Political information - occupational status,DCCV_AVQ_PERSONE,1.0,IT1
83_63_DF_DCCV_AVQ_PERSONE_111,1.0,Informazione politica - posizione nella professione,Political information - occupational position,DCCV_AVQ_PERSONE,1.0,IT1
83_63_DF_DCCV_AVQ_PERSONE_112,1.0,Informazione politica (canale) - regioni e tipo di comune,Political information (means) - regions and type of municipality,DCCV_AVQ_PERSONE,1.0,IT1
83_63_DF_DCCV_AVQ_PERSONE_113,1.0,Informazione politica (frequenza) - regioni e tipo di comune,Political information (frequency) - regions and type of municipality,DCCV_AVQ_PERSONE,1.0,IT1
83_63_DF_DCCV_AVQ_PERSONE_114,1.0,Informazione politica (motivo) - regioni e tipo di comune,Political information (reason) - regions and type of municipality,DCCV_AVQ_PERSONE,1.0,IT1
83_63_DF_DCCV_AVQ_PERSONE_115,1.0,Discussione e attività politica - età dettaglio,Talk and political activities - detail age - detail age,DCCV_AVQ_PERSONE,1.0,IT1
83_63_DF_DCCV_AVQ_PERSONE_116,1.0,"Discussione e attività politica - età, titolo di studio","Talk and political activities - age, educational level",DCCV_AVQ_PERSONE,1.0,IT1
83_63_DF_DCCV_AVQ_PERSONE_117,1.0,Discussione e attività politica - condizione professionale,Talk and political activities - occupational status,DCCV_AVQ_PERSONE,1.0,IT1
83_63_DF_DCCV_AVQ_PERSONE_118,1.0,Discussione e attività politica - posizione nella professione,Talk and political activities - occupational position,DCCV_AVQ_PERSONE,1.0,IT1
83_63_DF_DCCV_AVQ_PERSONE_119,1.0,Discussione politica - regioni e tipo di comune,Political talk - regions and type of municipality,DCCV_AVQ_PERSONE,1.0,IT1
83_63_DF_DCCV_AVQ_PERSONE_120,1.0,Giovani che vivono in famiglia,Young people living in family,DCCV_AVQ_PERSONE,1.0,IT1
83_63_DF_DCCV_AVQ_PERSONE_121,1.0,Giovani che vivono in famiglia - reg.,Young people living in family - reg.,DCCV_AVQ_PERSONE,1.0,IT1
83_63_DF_DCCV_AVQ_PERSONE_122,1.0,Attività politica - regioni e tipo di comune,Political activities - regions and type of municipality,DCCV_AVQ_PERSONE,1.0,IT1
83_63_DF_DCCV_AVQ_PERSONE_123,1.0,Fiducia negli altri - età dettaglio,Interpersonal trust - detail age,DCCV_AVQ_PERSONE,1.0,IT1
83_63_DF_DCCV_AVQ_PERSONE_124,1.0,"Fiducia negli altri - età, titolo di studio","Interpersonal trust - age, educational level",DCCV_AVQ_PERSONE,1.0,IT1
83_63_DF_DCCV_AVQ_PERSONE_125,1.0,Fiducia negli altri - condizione professionale,Interpersonal trust - occupational status,DCCV_AVQ_PERSONE,1.0,IT1
83_63_DF_DCCV_AVQ_PERSONE_126,1.0,Fiducia negli altri - posizione nella professione,Interpersonal trust - occupational position,DCCV_AVQ_PERSONE,1.0,IT1
83_63_DF_DCCV_AVQ_PERSONE_127,1.0,Fiducia interpersonale - regioni e tipo di comune,Interpersonal trust - regions and type of municipality,DCCV_AVQ_PERSONE,1.0,IT1
83_63_DF_DCCV_AVQ_PERSONE_128,1.0,Fiducia verso particolari persone - regioni e tipo di comune,Interpersonal trust for some persons - regions and type of municipality,DCCV_AVQ_PERSONE,1.0,IT1
83_63_DF_DCCV_AVQ_PERSONE_129,1.0,Associazionismo - età dettaglio,Social activities - detail age,DCCV_AVQ_PERSONE,1.0,IT1
83_63_DF_DCCV_AVQ_PERSONE_130,1.0,"Associazionismo - età, titolo di studio","Social activities - age, educational level",DCCV_AVQ_PERSONE,1.0,IT1
83_63_DF_DCCV_AVQ_PERSONE_131,1.0,Associazionismo - condizione e posizione nella professione,Social activities - occupational status,DCCV_AVQ_PERSONE,1.0,IT1
83_63_DF_DCCV_AVQ_PERSONE_132,1.0,Associazionismo - regioni e tipo di comune,Social activities - regions and type of municipality,DCCV_AVQ_PERSONE,1.0,IT1
83_63_DF_DCCV_AVQ_PERSONE_133,1.0,Pratica religiosa - età dettaglio,Religious observances - detail age,DCCV_AVQ_PERSONE,1.0,IT1
83_63_DF_DCCV_AVQ_PERSONE_134,1.0,"Pratica religiosa - età, titolo di studio","Religious observances - age, educational level",DCCV_AVQ_PERSONE,1.0,IT1
83_63_DF_DCCV_AVQ_PERSONE_135,1.0,Pratica religiosa - condizione e posizione nella professione,Religious observances - occupational status,DCCV_AVQ_PERSONE,1.0,IT1
83_63_DF_DCCV_AVQ_PERSONE_136,1.0,Pratica religiosa - regioni e tipo di comune,Religious observances - regions and type of municipality,DCCV_AVQ_PERSONE,1.0,IT1
83_63_DF_DCCV_AVQ_PERSONE_137,1.0,Grado di soddisfazione (da 0 - a 10) per la vita nel complesso - età dettaglio,Level of satisfaction (from 0 - to 10) with life as whole - detail age,DCCV_AVQ_PERSONE,1.0,IT1
83_63_DF_DCCV_AVQ_PERSONE_138,1.0,"Grado di soddisfazione (da 0 - a 10) per la vita nel complesso - età, titolo di studio","Level of satisfaction (from 0 - to 10) with life as whole - age, educational level",DCCV_AVQ_PERSONE,1.0,IT1
83_63_DF_DCCV_AVQ_PERSONE_139,1.0,Grado di soddisfazione (da 0 - a 10) per la vita nel complesso - condizione professione,Level of satisfaction (from 0 - to 10) with life as whole - occupational status,DCCV_AVQ_PERSONE,1.0,IT1
83_63_DF_DCCV_AVQ_PERSONE_140,1.0,Grado di soddisfazione (da 0 - a 10) per la vita nel complesso - posizione nella professione,Level of satisfaction (from 0 - to 10) with life as whole - occupational position,DCCV_AVQ_PERSONE,1.0,IT1
83_63_DF_DCCV_AVQ_PERSONE_141,1.0,Grado di soddisfazione (da 0 - a 10) per la vita nel complesso - regioni e tipo di comune,Level of satisfaction (from 0 - to 10) with life as whole - regions and type of municipality,DCCV_AVQ_PERSONE,1.0,IT1
83_63_DF_DCCV_AVQ_PERSONE_142,1.0,Grado di soddisfazione (da 0 - a 10) per la vita nel complesso (valore medio e mediano) - età dettaglio,Level of satisfaction (from 0 - to 10) with life as whole (average and median value) - detail age,DCCV_AVQ_PERSONE,1.0,IT1
83_63_DF_DCCV_AVQ_PERSONE_143,1.0,"Grado di soddisfazione (da 0 - a 10) per la vita nel complesso (valore medio e mediano) - età, titolo di studio","Level of satisfaction (from 0 - to 10) with life as whole (average and median value) - age, educational level",DCCV_AVQ_PERSONE,1.0,IT1
83_63_DF_DCCV_AVQ_PERSONE_144,1.0,Grado di soddisfazione (da 0 - a 10) per la vita nel complesso (valore medio e mediano) - condizione e posizione nella professione,Level of satisfaction (from 0 - to 10) with life as whole (average and median value) - occupational status,DCCV_AVQ_PERSONE,1.0,IT1
83_63_DF_DCCV_AVQ_PERSONE_145,1.0,Grado di soddisfazione (da 0 - a 10) per la vita nel complesso (valore medio e mediano) - regioni e tipo di comune,Level of satisfaction (from 0 - to 10) with life as whole (average and median value) - regions and type of municipality,DCCV_AVQ_PERSONE,1.0,IT1
83_63_DF_DCCV_AVQ_PERSONE_146,1.0,Soddisfazione per alcuni aspetti - età dettaglio,Satisfaction for some aspects - detail age,DCCV_AVQ_PERSONE,1.0,IT1
83_63_DF_DCCV_AVQ_PERSONE_147,1.0,"Soddisfazione per alcuni aspetti - età, titolo di studio","Satisfaction for some aspects - age, educational level",DCCV_AVQ_PERSONE,1.0,IT1
83_63_DF_DCCV_AVQ_PERSONE_148,1.0,Soddisfazione per alcuni aspetti - condizione professionale,Satisfaction for some aspects - occupational status,DCCV_AVQ_PERSONE,1.0,IT1
83_63_DF_DCCV_AVQ_PERSONE_149,1.0,Soddisfazione per alcuni aspetti - posizione nella professione,Satisfaction for some aspects - occupational position,DCCV_AVQ_PERSONE,1.0,IT1
83_63_DF_DCCV_AVQ_PERSONE_150,1.0,Soddisfazione per alcuni aspetti - regioni e tipo di comune,Satisfaction for some aspects - regions and type of municipality,DCCV_AVQ_PERSONE,1.0,IT1
83_63_DF_DCCV_AVQ_PERSONE_151,1.0,Soddisfazione per il lavoro - età dettaglio,Work satisfaction - detail age,DCCV_AVQ_PERSONE,1.0,IT1
83_63_DF_DCCV_AVQ_PERSONE_152,1.0,"Soddisfazione per il lavoro - età, titolo di studio","Work satisfaction - age, educational level",DCCV_AVQ_PERSONE,1.0,IT1
83_63_DF_DCCV_AVQ_PERSONE_153,1.0,Soddisfazione per il lavoro - condizione e posizione nella professione,Work satisfaction - occupational status,DCCV_AVQ_PERSONE,1.0,IT1
83_63_DF_DCCV_AVQ_PERSONE_154,1.0,Soddisfazione per il lavoro - ripartizioni e tipo di comune,Work satisfaction - geographical areas and type of municipality,DCCV_AVQ_PERSONE,1.0,IT1
83_63_DF_DCCV_AVQ_PERSONE_155,1.0,"Treno, pullman e autobus - età","Train, coach and bus use - age",DCCV_AVQ_PERSONE,1.0,IT1
83_63_DF_DCCV_AVQ_PERSONE_156,1.0,"Treno, pullman e autobus - condizione professionale","Train, coach and bus - occupational status",DCCV_AVQ_PERSONE,1.0,IT1
83_63_DF_DCCV_AVQ_PERSONE_157,1.0,"Treno, pullman e autobus - posizione nella professione","Train, coach and bus - occupational position",DCCV_AVQ_PERSONE,1.0,IT1
83_63_DF_DCCV_AVQ_PERSONE_158,1.0,Treno - regioni e tipo di comune,Train - regions and type of municipality,DCCV_AVQ_PERSONE,1.0,IT1
83_63_DF_DCCV_AVQ_PERSONE_159,1.0,Pullman - regioni e tipo di comune,Coach - regions and type of municipality,DCCV_AVQ_PERSONE,1.0,IT1
83_63_DF_DCCV_AVQ_PERSONE_160,1.0,Autobus - regioni e tipo di comune,Bus - regions and type of municipality,DCCV_AVQ_PERSONE,1.0,IT1
83_63_DF_DCCV_AVQ_PERSONE_161,1.0,Tipo di certificato richiesto e autocertificazione - età dettaglio,Type of requested certificate and self-certification - detail age,DCCV_AVQ_PERSONE,1.0,IT1
83_63_DF_DCCV_AVQ_PERSONE_162,1.0,"Tipo di certificato richiesto e autocertificazione - età, titolo di studio","Type of requested certificate and self-certification - age, educational level",DCCV_AVQ_PERSONE,1.0,IT1
83_63_DF_DCCV_AVQ_PERSONE_163,1.0,Tipo di certificato richiesto e autocertificazione - condizione professionale,Type of requested certificate and self-certification - occupational status,DCCV_AVQ_PERSONE,1.0,IT1
83_63_DF_DCCV_AVQ_PERSONE_164,1.0,Tipo di certificato richiesto e autocertificazione - posizione nella professione,Type of requested certificate and self-certification - occupational position,DCCV_AVQ_PERSONE,1.0,IT1
83_63_DF_DCCV_AVQ_PERSONE_165,1.0,Tipo di certificato richiesto e autocertificazione - regioni e tipo di comune,Type of requested certificate and self-certification - regions and type of municipality,DCCV_AVQ_PERSONE,1.0,IT1
83_63_DF_DCCV_AVQ_PERSONE_166,1.0,Spostamenti abituali per andare a scuola,Usual way of getting to school,DCCV_AVQ_PERSONE,1.0,IT1
83_63_DF_DCCV_AVQ_PERSONE_167,1.0,Spostamenti verso scuola - regioni e tipo di comune,Usual way of getting to school - regions and type of municipality,DCCV_AVQ_PERSONE,1.0,IT1
83_63_DF_DCCV_AVQ_PERSONE_168,1.0,Spostamenti per andare a lavoro - Età,Usual way of getting to work - Age,DCCV_AVQ_PERSONE,1.0,IT1
83_63_DF_DCCV_AVQ_PERSONE_169,1.0,Spostamenti per andare a lavoro - condizione nella professione,Usual way of getting to work - occupational level,DCCV_AVQ_PERSONE,1.0,IT1
83_63_DF_DCCV_AVQ_PERSONE_170,1.0,Spostamenti per andare a lavoro - regioni e tipo di comune,Usual way of getting to work - regions and type of municipality,DCCV_AVQ_PERSONE,1.0,IT1
83_63_DF_DCCV_AVQ_PERSONE_201,1.0,Abitudine al fumo - età dettaglio,Smoking habit- age detail,DCCV_AVQ_PERSONE,1.0,IT1
83_63_DF_DCCV_AVQ_PERSONE_202,1.0,"Abitudine al fumo - età, titolo di studio","Smoking habit - age, educational level",DCCV_AVQ_PERSONE,1.0,IT1
83_63_DF_DCCV_AVQ_PERSONE_203,1.0,Abitudine al fumo - posizione nella professione,Smoking habit - occupational position,DCCV_AVQ_PERSONE,1.0,IT1
83_63_DF_DCCV_AVQ_PERSONE_204,1.0,Abitudine al fumo - regioni e tipo di comune,Smoking habit - regions and type of municipality,DCCV_AVQ_PERSONE,1.0,IT1
83_63_DF_DCCV_AVQ_PERSONE_205,1.0,Stato di salute- età dettaglio,Health status - age detail,DCCV_AVQ_PERSONE,1.0,IT1
83_63_DF_DCCV_AVQ_PERSONE_206,1.0,"Stato di salute - età, titolo di studio","Health status - age, educational level",DCCV_AVQ_PERSONE,1.0,IT1
83_63_DF_DCCV_AVQ_PERSONE_207,1.0,Stato di salute- posizione nella professione,Health status - occupational position,DCCV_AVQ_PERSONE,1.0,IT1
83_63_DF_DCCV_AVQ_PERSONE_208,1.0,Stato di salute - regioni e tipo di comune,Health status - regions and type of municipality,DCCV_AVQ_PERSONE,1.0,IT1
83_63_DF_DCCV_AVQ_PERSONE_209,1.0,Consumo di farmaci - età dettaglio,Use of drugs - age detail,DCCV_AVQ_PERSONE,1.0,IT1
83_63_DF_DCCV_AVQ_PERSONE_210,1.0,"Consumo di farmaci - età, titolo di studio","Use of drugs - age, educational level",DCCV_AVQ_PERSONE,1.0,IT1
83_63_DF_DCCV_AVQ_PERSONE_211,1.0,Consumo di farmaci - posizione nella professione,Use of drugs - occupational position,DCCV_AVQ_PERSONE,1.0,IT1
83_63_DF_DCCV_AVQ_PERSONE_212,1.0,Consumo di farmaci - regioni e tipo di comune,Use of drugs - regions and type of municipality,DCCV_AVQ_PERSONE,1.0,IT1
83_63_DF_DCCV_AVQ_PERSONE_213,1.0,Ricorso al pronto soccorso e alla guardia medica - età dettaglio,First aid and holiday and night-time medical care - age detail,DCCV_AVQ_PERSONE,1.0,IT1
83_63_DF_DCCV_AVQ_PERSONE_214,1.0,"Ricorso al pronto soccorso e alla guardia medica - età, titolo di studio","First aid and holiday and night-time medical care - age, educational level",DCCV_AVQ_PERSONE,1.0,IT1
83_63_DF_DCCV_AVQ_PERSONE_215,1.0,Ricorso al pronto soccorso e alla guardia medica - posizione nella professione,First aid and holiday and night-time medical care - occupational position,DCCV_AVQ_PERSONE,1.0,IT1
83_63_DF_DCCV_AVQ_PERSONE_216,1.0,Ricorso al pronto soccorso e alla guardia medica - regioni e tipo di comune,First aid and holiday and night-time medical care - regions and type of municipality,DCCV_AVQ_PERSONE,1.0,IT1
83_63_DF_DCCV_AVQ_PERSONE_217,1.0,Ricoveri ospedalieri - età dettaglio,Hospitalization - age detail,DCCV_AVQ_PERSONE,1.0,IT1
83_63_DF_DCCV_AVQ_PERSONE_218,1.0,"Ricoveri ospedalieri - età, titolo di studio","Hospitalization - age, educational level",DCCV_AVQ_PERSONE,1.0,IT1
83_63_DF_DCCV_AVQ_PERSONE_219,1.0,Ricoveri ospedalieri - posizione nella professione,Hospitalization - occupational position,DCCV_AVQ_PERSONE,1.0,IT1
83_63_DF_DCCV_AVQ_PERSONE_220,1.0,Ricoveri ospedalieri - regioni e tipo di comune,Hospitalization - regions and type of municipality,DCCV_AVQ_PERSONE,1.0,IT1
83_63_DF_DCCV_AVQ_PERSONE_221,1.0,Soddisfazione per i vari aspetti del ricovero - età dettaglio,Satisfaction with health care facilities - age detail,DCCV_AVQ_PERSONE,1.0,IT1
83_63_DF_DCCV_AVQ_PERSONE_222,1.0,"Soddisfazione per i vari aspetti del ricovero - età, titolo di studio","Satisfaction with health care facilities - age, educational level",DCCV_AVQ_PERSONE,1.0,IT1
83_63_DF_DCCV_AVQ_PERSONE_223,1.0,Soddisfazione per i vari aspetti del ricovero - posizione nella professione,Satisfaction with health care facilities - occupational position,DCCV_AVQ_PERSONE,1.0,IT1
83_63_DF_DCCV_AVQ_PERSONE_224,1.0,Spettacoli - dettaglio età,Entertainments - age detail,DCCV_AVQ_PERSONE,1.0,IT1
83_63_DF_DCCV_AVQ_PERSONE_225,1.0,"Spettacoli - sesso, età, titolo di studio","Entertainments - gender, age, educational level",DCCV_AVQ_PERSONE,1.0,IT1
83_63_DF_DCCV_AVQ_PERSONE_226,1.0,Spettacoli - condizione occupazionale,Entertainments - occupational status,DCCV_AVQ_PERSONE,1.0,IT1
83_63_DF_DCCV_AVQ_PERSONE_227,1.0,Spettacoli - regioni e tipo di comune,Entertainments - regions and type of municipality,DCCV_AVQ_PERSONE,1.0,IT1
83_63_DF_DCCV_AVQ_PERSONE_228,1.0,"Tv e radio - sesso, età, titolo di studio","Tv and radio - sex, age and educational level",DCCV_AVQ_PERSONE,1.0,IT1
83_63_DF_DCCV_AVQ_PERSONE_229,1.0,Tv e radio - dettaglio età,Tv and radio - detail age,DCCV_AVQ_PERSONE,1.0,IT1
83_63_DF_DCCV_AVQ_PERSONE_230,1.0,Tv e radio - condizione occupazionale,Tv and radio - occupational status,DCCV_AVQ_PERSONE,1.0,IT1
83_63_DF_DCCV_AVQ_PERSONE_231,1.0,Tv e radio - regioni e tipo di comune,Tv and radio - regions and type of municipality,DCCV_AVQ_PERSONE,1.0,IT1
83_63_DF_DCCV_AVQ_PERSONE_232,1.0,"Quotidiani e libri - sesso, età, titolo di studio","Newspapers and books - sex, age and educational level",DCCV_AVQ_PERSONE,1.0,IT1
83_63_DF_DCCV_AVQ_PERSONE_233,1.0,Quotidiani e libri - dettaglio età,Newspapers and books - detail age,DCCV_AVQ_PERSONE,1.0,IT1
83_63_DF_DCCV_AVQ_PERSONE_234,1.0,Quotidiani e libri - condizione occupazionale,Newspapers and books - occupational status,DCCV_AVQ_PERSONE,1.0,IT1
83_63_DF_DCCV_AVQ_PERSONE_235,1.0,Quotidiani e libri - regioni e tipo di comune,Newspapers and books - regions and type of municipality,DCCV_AVQ_PERSONE,1.0,IT1
83_63_DF_DCCV_AVQ_PERSONE_236,1.0,"Internet - sesso, età titolo di studio","Internet - sex, age, educational level",DCCV_AVQ_PERSONE,1.0,IT1
83_63_DF_DCCV_AVQ_PERSONE_237,1.0,Internet - dettaglio età,Internet - age detail,DCCV_AVQ_PERSONE,1.0,IT1
83_63_DF_DCCV_AVQ_PERSONE_238,1.0,Internet - condizione occupazionale,Internet - occupational status,DCCV_AVQ_PERSONE,1.0,IT1
83_63_DF_DCCV_AVQ_PERSONE_239,1.0,Internet - reg. e tipo di comune,Internet - reg. and type of municipalities,DCCV_AVQ_PERSONE,1.0,IT1
83_63_DF_DCCV_AVQ_PERSONE_240,1.0,"PC - sesso, età, titolo di studio","PC - sex, age, educational level",DCCV_AVQ_PERSONE,1.0,IT1
83_63_DF_DCCV_AVQ_PERSONE_241,1.0,PC - dettaglio età,PC - age detail,DCCV_AVQ_PERSONE,1.0,IT1
83_63_DF_DCCV_AVQ_PERSONE_242,1.0,PC - condizione occupazionale,PC - occupational status,DCCV_AVQ_PERSONE,1.0,IT1
83_63_DF_DCCV_AVQ_PERSONE_243,1.0,PC - reg. e tipo di comune,PC - reg. and type of municipality,DCCV_AVQ_PERSONE,1.0,IT1
83_63_DF_DCCV_AVQ_PERSONE_256,1.0,Soddisfazione per i vari aspetti del ricovero - regioni e tipo di comune,Satisfaction with health care facilities - regions and type of municipality,DCCV_AVQ_PERSONE,1.0,IT1
83_63_DF_DCCV_AVQ_PERSONE__YOUTH_1,1.0,"Giovani - Cultura sport, salute e stili di vita","Youth - Culture sport, health and lifestyles",DCCV_AVQ_PERSONE,1.0,IT1
83_85,1.0,Aspetti della vita quotidiana - Persone,Aspects of daily life - Persons,DCCV_AVQ_PERSONE1,1.0,IT1
83_85_DF_DCCV_AVQ_PERSONE1_100,1.0,"Anagrafe, ASL - età","Registry office, local health agency - age",DCCV_AVQ_PERSONE1,1.0,IT1
83_85_DF_DCCV_AVQ_PERSONE1_101,1.0,"Anagrafe, ASL - condizione professionale","Registry office, local health agency - occupational status",DCCV_AVQ_PERSONE1,1.0,IT1
83_85_DF_DCCV_AVQ_PERSONE1_102,1.0,"Anagrafe, ASL - posizione nella professione","Registry office, local health agency - occupational position",DCCV_AVQ_PERSONE1,1.0,IT1
83_85_DF_DCCV_AVQ_PERSONE1_103,1.0,Anagrafe - regioni e tipo di comune,Registry office - regions and type of municipality,DCCV_AVQ_PERSONE1,1.0,IT1
83_85_DF_DCCV_AVQ_PERSONE1_104,1.0,ASL - regioni e tipo di comune,Local health agency - regions and type of municipality,DCCV_AVQ_PERSONE1,1.0,IT1
83_85_DF_DCCV_AVQ_PERSONE1_105,1.0,"Ufficio postale, banca - età","Post office, bank - age",DCCV_AVQ_PERSONE1,1.0,IT1
83_85_DF_DCCV_AVQ_PERSONE1_106,1.0,"Ufficio postale, banca - condizione professionale","Post office, bank - occupational status",DCCV_AVQ_PERSONE1,1.0,IT1
83_85_DF_DCCV_AVQ_PERSONE1_107,1.0,"Ufficio postale, banca - posizione nella professione","Post office, bank - occupational position",DCCV_AVQ_PERSONE1,1.0,IT1
83_85_DF_DCCV_AVQ_PERSONE1_108,1.0,Ufficio postale - regioni e tipo di comune,Post office - regions and type of municipality,DCCV_AVQ_PERSONE1,1.0,IT1
83_85_DF_DCCV_AVQ_PERSONE1_109,1.0,Banca - regioni e tipo di comune,Bank - regions and type of municipality,DCCV_AVQ_PERSONE1,1.0,IT1
83_85_DF_DCCV_AVQ_PERSONE1_201,1.0,Persone andate in vacanza - serie storica,Persons who went on holiday - time series,DCCV_AVQ_PERSONE1,1.0,IT1
83_85_DF_DCCV_AVQ_PERSONE1_202,1.0,Persone andate in vacanza - classe di età,Persons who went on holiday - age class,DCCV_AVQ_PERSONE1,1.0,IT1
83_85_DF_DCCV_AVQ_PERSONE1_203,1.0,Persone andate in vacanza - titolo di studio,Persons who went on holiday - educational level,DCCV_AVQ_PERSONE1,1.0,IT1
83_85_DF_DCCV_AVQ_PERSONE1_204,1.0,Persone andate in vacanza - condizione nella professione,Persons who went on holiday - occupational status,DCCV_AVQ_PERSONE1,1.0,IT1
83_85_DF_DCCV_AVQ_PERSONE1_205,1.0,Persone andate in vacanza - numero di periodi,Persons who went on holiday - number of periods,DCCV_AVQ_PERSONE1,1.0,IT1
83_85_DF_DCCV_AVQ_PERSONE1_206,1.0,Persone non andate in vacanza - serie storica,Persons who didn't go on holiday - time series,DCCV_AVQ_PERSONE1,1.0,IT1
83_85_DF_DCCV_AVQ_PERSONE1_207,1.0,Persone non andate in vacanza - classe di età,Persons who didn't go on holiday - age class,DCCV_AVQ_PERSONE1,1.0,IT1
83_85_DF_DCCV_AVQ_PERSONE1_208,1.0,Persone non andate in vacanza - titolo di studio,Persons who didn't go on holiday - educational level,DCCV_AVQ_PERSONE1,1.0,IT1
83_85_DF_DCCV_AVQ_PERSONE1_209,1.0,Persone non andate in vacanza - condizione nella professione,Persons who didn't go on holiday - occupational status,DCCV_AVQ_PERSONE1,1.0,IT1
83_85_DF_DCCV_AVQ_PERSONE1_210,1.0,Persone non andate in vacanza - motivi della mancata vacanza,Persons who didn't go on holiday - main reasons,DCCV_AVQ_PERSONE1,1.0,IT1
83_85_DF_DCCV_AVQ_PERSONE1_211,1.0,Acqua e bevande gassate - età dettaglio,Water and carbonate beverages - age detail,DCCV_AVQ_PERSONE1,1.0,IT1
83_85_DF_DCCV_AVQ_PERSONE1_212,1.0,"Acqua e bevande gassate - età, titolo di studio","Water and carbonate beverages - age, educational level",DCCV_AVQ_PERSONE1,1.0,IT1
83_85_DF_DCCV_AVQ_PERSONE1_213,1.0,Acqua e bevande gassate - posizione nella professione,Water and carbonate beverages - occupational position,DCCV_AVQ_PERSONE1,1.0,IT1
83_85_DF_DCCV_AVQ_PERSONE1_214,1.0,Acqua e bevande gassate - regioni e tipo di comune,Water and carbonate beverages - regions and type of municipality,DCCV_AVQ_PERSONE1,1.0,IT1
83_85_DF_DCCV_AVQ_PERSONE1_215,1.0,Vino e birra - età dettaglio,Wine and beer - age detail,DCCV_AVQ_PERSONE1,1.0,IT1
83_85_DF_DCCV_AVQ_PERSONE1_216,1.0,"Vino e birra - età, titolo di studio","Wine and beer - age, educational level",DCCV_AVQ_PERSONE1,1.0,IT1
83_85_DF_DCCV_AVQ_PERSONE1_217,1.0,Vino e birra - posizione nella professione,Wine and beer - occupational position,DCCV_AVQ_PERSONE1,1.0,IT1
83_85_DF_DCCV_AVQ_PERSONE1_218,1.0,Vino e birra - regioni e tipo di comune,Wine and beer - regions and type of municipality,DCCV_AVQ_PERSONE1,1.0,IT1
83_85_DF_DCCV_AVQ_PERSONE1_219,1.0,"Aperitivi, amari e liquori - età dettaglio","Drinks, bitter drinks and spirits - age detail",DCCV_AVQ_PERSONE1,1.0,IT1
83_85_DF_DCCV_AVQ_PERSONE1_220,1.0,"Aperitivi, amari e liquori - età, titolo di studio","Drinks, bitter drinks and spirits - age, educational level",DCCV_AVQ_PERSONE1,1.0,IT1
83_85_DF_DCCV_AVQ_PERSONE1_221,1.0,"Aperitivi, amari e liquori - posizione nella professione","Drinks, bitter drinks and spirits - occupational position",DCCV_AVQ_PERSONE1,1.0,IT1
83_85_DF_DCCV_AVQ_PERSONE1_222,1.0,"Aperitivi, amari e liquori - regioni e tipo di comune","Drinks, bitter drinks and spirits - regions and type of municipality",DCCV_AVQ_PERSONE1,1.0,IT1
83_85_DF_DCCV_AVQ_PERSONE1_223,1.0,Alcolici fuori pasto - età dettaglio,Alcoholic beverages beetwen meals - age detail,DCCV_AVQ_PERSONE1,1.0,IT1
83_85_DF_DCCV_AVQ_PERSONE1_224,1.0,"Alcolici fuori pasto - età, titolo di studio","Alcoholic beverages beetwen meals - age, educational level",DCCV_AVQ_PERSONE1,1.0,IT1
83_85_DF_DCCV_AVQ_PERSONE1_225,1.0,Alcolici fuori pasto - posizione nella professione,Alcoholic beverages beetwen meals - occupational position,DCCV_AVQ_PERSONE1,1.0,IT1
83_85_DF_DCCV_AVQ_PERSONE1_226,1.0,Alcolici fuori pasto - regioni e tipo di comune,Alcoholic beverages beetwen meals - regions and type of municipality,DCCV_AVQ_PERSONE1,1.0,IT1
83_85_DF_DCCV_AVQ_PERSONE1_227,1.0,Indice di massa corporea e controllo del peso - sesso,Body mass index and weight control - gender,DCCV_AVQ_PERSONE1,1.0,IT1
83_85_DF_DCCV_AVQ_PERSONE1_228,1.0,Indice di massa corporea - età dettaglio,Body mass index - age detail,DCCV_AVQ_PERSONE1,1.0,IT1
83_85_DF_DCCV_AVQ_PERSONE1_229,1.0,"Indice di massa corporea - età, titolo di studio","Body mass index - age, educational level",DCCV_AVQ_PERSONE1,1.0,IT1
83_85_DF_DCCV_AVQ_PERSONE1_230,1.0,Indice di massa corporea - posizione nella professione,Body mass index - occupational position,DCCV_AVQ_PERSONE1,1.0,IT1
83_85_DF_DCCV_AVQ_PERSONE1_231,1.0,Indice di massa corporea - regioni e tipo di comune,Body mass index - regions and type of municipality,DCCV_AVQ_PERSONE1,1.0,IT1
83_85_DF_DCCV_AVQ_PERSONE1_232,1.0,Incidenti in ambiente domestico - età dettaglio,Domestic accidents - age detail,DCCV_AVQ_PERSONE1,1.0,IT1
83_85_DF_DCCV_AVQ_PERSONE1_233,1.0,"Incidenti in ambiente domestico - età, titolo di studio","Domestic accidents - age, educational level",DCCV_AVQ_PERSONE1,1.0,IT1
83_85_DF_DCCV_AVQ_PERSONE1_234,1.0,Incidenti in ambiente domestico - posizione nella professione,Domestic accidents- occupational position,DCCV_AVQ_PERSONE1,1.0,IT1
83_85_DF_DCCV_AVQ_PERSONE1_235,1.0,Incidenti in ambiente domestico - regioni e tipo di comune,Domestic accidents - regions and type of municipality,DCCV_AVQ_PERSONE1,1.0,IT1
83_85_DF_DCCV_AVQ_PERSONE1_236,1.0,Abitudini nei pasti - età dettaglio,Meal habits - age detail,DCCV_AVQ_PERSONE1,1.0,IT1
83_85_DF_DCCV_AVQ_PERSONE1_237,1.0,"Abitudini nei pasti - età, titolo di studio","Meal habits - age, educational level",DCCV_AVQ_PERSONE1,1.0,IT1
83_85_DF_DCCV_AVQ_PERSONE1_238,1.0,Abitudini nei pasti - posizione nella professione,Meal habits - - occupational position,DCCV_AVQ_PERSONE1,1.0,IT1
83_85_DF_DCCV_AVQ_PERSONE1_239,1.0,Abitudini nei pasti - regioni e tipo di comune,Meal habits - regions and type of municipality,DCCV_AVQ_PERSONE1,1.0,IT1
83_85_DF_DCCV_AVQ_PERSONE1_240,1.0,"Salumi, carni, uova, pesce - età dettaglio","Coldcuts, meat, eggs, fish - age detail",DCCV_AVQ_PERSONE1,1.0,IT1
83_85_DF_DCCV_AVQ_PERSONE1_241,1.0,"Salumi, carni, uova, pesce - età, titolo di studio","Coldcuts, meat, eggs, fish - age, educational level",DCCV_AVQ_PERSONE1,1.0,IT1
83_85_DF_DCCV_AVQ_PERSONE1_242,1.0,"Salumi, carni, uova, pesce - posizione nella professione","Coldcuts, meat, eggs, fish - occupational position",DCCV_AVQ_PERSONE1,1.0,IT1
83_85_DF_DCCV_AVQ_PERSONE1_243,1.0,"Salumi, carni, uova, pesce - regioni e tipo di comune","Coldcuts, meat, eggs, fish - regions and type of municipality",DCCV_AVQ_PERSONE1,1.0,IT1
83_85_DF_DCCV_AVQ_PERSONE1_244,1.0,"Pane, legumi, dolci, latte e formaggi - età dettaglio","Bread, legumes, milk and cheese - age detail",DCCV_AVQ_PERSONE1,1.0,IT1
83_85_DF_DCCV_AVQ_PERSONE1_245,1.0,"Pane, legumi, dolci, latte e formaggi - età, titolo di studio","Bread, legumes, milk and cheese - age, educational level",DCCV_AVQ_PERSONE1,1.0,IT1
83_85_DF_DCCV_AVQ_PERSONE1_246,1.0,"Pane, legumi, dolci, latte e formaggi - posizione nella professione","Bread, legumes, milk and cheese - occupational position",DCCV_AVQ_PERSONE1,1.0,IT1
83_85_DF_DCCV_AVQ_PERSONE1_247,1.0,"Pane, legumi, dolci, latte e formaggi - regioni e tipo di comune","Bread, legumes, milk and cheese - regions and type of municipality",DCCV_AVQ_PERSONE1,1.0,IT1
83_85_DF_DCCV_AVQ_PERSONE1_248,1.0,"Verdure, ortaggi e frutta - età dettaglio","Vegetables, green and fruit - age detail",DCCV_AVQ_PERSONE1,1.0,IT1
83_85_DF_DCCV_AVQ_PERSONE1_249,1.0,"Verdure, ortaggi e frutta - età, titolo di studio","Vegetables, green and fruit - age, educational level",DCCV_AVQ_PERSONE1,1.0,IT1
83_85_DF_DCCV_AVQ_PERSONE1_250,1.0,"Verdure, ortaggi e frutta - posizione nella professione","Vegetables, green and fruit - occupational position",DCCV_AVQ_PERSONE1,1.0,IT1
83_85_DF_DCCV_AVQ_PERSONE1_251,1.0,"Verdure, ortaggi e frutta - regioni e tipo di comune","Vegetables, green and fruit - regions and type of municipality",DCCV_AVQ_PERSONE1,1.0,IT1
83_85_DF_DCCV_AVQ_PERSONE1_252,1.0,Olio e sale - età dettaglio,Oil and salt - age detail,DCCV_AVQ_PERSONE1,1.0,IT1
83_85_DF_DCCV_AVQ_PERSONE1_253,1.0,"Olio e sale - età, titolo di studio","Oil and salt - age, educational level",DCCV_AVQ_PERSONE1,1.0,IT1
83_85_DF_DCCV_AVQ_PERSONE1_254,1.0,Olio e sale - posizione nella professione,Oil and salt - occupational position,DCCV_AVQ_PERSONE1,1.0,IT1
83_85_DF_DCCV_AVQ_PERSONE1_255,1.0,Olio e sale - regioni e tipo di comune,Oil and salt - regions and type of municipality,DCCV_AVQ_PERSONE1,1.0,IT1
85_170,1.0,Volontariato in organizzazioni,Volunteering in organizations,DCSA_VOLON_ORG,1.0,IT1
85_170_DF_DCSA_VOLON_ORG_1,1.0,"Sesso, appartenenza a più gruppi o associazioni, settore dell'organizzazione","Gender, membership of multiple groups or associations, main activity sector",DCSA_VOLON_ORG,1.0,IT1
85_170_DF_DCSA_VOLON_ORG_2,1.0,"Sesso, motivo dell'attività gratuita","Gender, reason of unpaid activities",DCSA_VOLON_ORG,1.0,IT1
85_170_DF_DCSA_VOLON_ORG_3,1.0,"Sesso, tipo di organizzazione","Gender, institutional setting",DCSA_VOLON_ORG,1.0,IT1
85_170_DF_DCSA_VOLON_ORG_4,1.0,"Sesso, ricadute personali","Gender, personal impact",DCSA_VOLON_ORG,1.0,IT1
85_171,1.0,Volontariato in organizzazioni,Volunteering in organizations,DCSA_VOLON_ORG1,1.0,IT1
85_171_DF_DCSA_VOLON_ORG1_1,1.0,"Volontariato organizzato - Sesso, appartenenza a più gruppi o associazioni, settore dell'organizzazione","Organization based volunteering - Gender, membership of multiple groups or associations, main activity sector",DCSA_VOLON_ORG1,1.0,IT1
85_171_DF_DCSA_VOLON_ORG1_2,1.0,"Volontariato organizzato - Sesso, tipo di organizzazione","Organization based volunteering -  Gender, institutional setting",DCSA_VOLON_ORG1,1.0,IT1
85_171_DF_DCSA_VOLON_ORG1_3,1.0,"Volontariato organizzato - Sesso, motivazioni","Organization based volunteering - Gender, reason of volunteering",DCSA_VOLON_ORG1,1.0,IT1
85_171_DF_DCSA_VOLON_ORG1_4,1.0,"Volontariato organizzato - Sesso, ricadute personali","Organization based volunteering - Gender, personal impact",DCSA_VOLON_ORG1,1.0,IT1
85_83,1.0,Volontariato con o senza organizzazioni,Volunteering with or withouth organizations,DCSA_VOLON,1.0,IT1
85_83_DF_DCSA_VOLON_1,1.0,"Sesso, età","Gender, age",DCSA_VOLON,1.0,IT1
85_83_DF_DCSA_VOLON_2,1.0,"Sesso, attività svolta","Gender, type of activity performed",DCSA_VOLON,1.0,IT1
85_83_DF_DCSA_VOLON_3,1.0,"Sesso, numero di anni di attività gratuita","Gender, years of activities",DCSA_VOLON,1.0,IT1
85_83_DF_DCSA_VOLON_4,1.0,"Titolo di studio, condizione lavorativa","Highest level of education attained, main status",DCSA_VOLON,1.0,IT1
85_83_DF_DCSA_VOLON_5,1.0,Ampiezza della famiglia e risorse economiche,Household number of components and assessment of economic resources,DCSA_VOLON,1.0,IT1
85_83_DF_DCSA_VOLON_6,1.0,Regioni e tipo di comuni,Regions regions and type of municipality,DCSA_VOLON,1.0,IT1
85_84,1.0,Volontariato con o senza organizzazioni,Volunteering with or withouth organizations,DCSA_VOLON1,1.0,IT1
85_84_DF_DCSA_VOLON1_1,1.0,"Volontariato - Sesso, età e tipo di volontariato","Volunteering - Gender, age and form of volunteering",DCSA_VOLON1,1.0,IT1
85_84_DF_DCSA_VOLON1_2,1.0,Attività volontaria - Sesso e tipo di volontariato,Type of activity performed - Gender and form of volunteering,DCSA_VOLON1,1.0,IT1
85_84_DF_DCSA_VOLON1_3,1.0,Numero di anni di attività volontaria - Sesso e tipo di volontariato,Years of activities - Gender and form of volunteering,DCSA_VOLON1,1.0,IT1
85_84_DF_DCSA_VOLON1_4,1.0,"Volontariato - Titolo di studio, condizione lavorativa","Volunteering  - Highest level of education attained, main status",DCSA_VOLON1,1.0,IT1
85_84_DF_DCSA_VOLON1_5,1.0,Volontariato - Ampiezza della famiglia e risorse economiche,Volunteering  - Household number of components and assessment of economic resources,DCSA_VOLON1,1.0,IT1
85_84_DF_DCSA_VOLON1_6,1.0,Volontariato - Regioni e tipo di comuni,Volunteering - Regions regions and type of municipality,DCSA_VOLON1,1.0,IT1
8_197_DF_DCCN_PRODUTTIVITA_B19_1,1.0,Indicatori di produttività - edizioni novembre 2019 - aprile 2024,Main productivity indicators - editions from November 2019 to April 2024,DCCN_PRODUTTIVITA_B19,1.0,IT1
8_197_DF_DCCN_PRODUTTIVITA_B19_2,1.0,Contributi alla crescita del valore aggiunto - edizioni novembre 2019 - aprile 2024,Contributions to growth of value added - editions from November 2019 to April 2024,DCCN_PRODUTTIVITA_B19,1.0,IT1
8_197_DF_DCCN_PRODUTTIVITA_B19_3,1.0,Contributi alla crescita della produttività del lavoro - edizioni novembre 2019 - aprile 2024,Contributions to growth of labour productivity - editions from November 2019 to April 2024,DCCN_PRODUTTIVITA_B19,1.0,IT1
8_197_DF_DCCN_PRODUTTIVITA_B19_4,1.0,Serie per il calcolo delle produttività - edizioni novembre 2019 - aprile 2024,Series for calculation of productivity - editions from November 2019 to April 2024,DCCN_PRODUTTIVITA_B19,1.0,IT1
8_197_DF_DCCN_PRODUTTIVITA_B19_5,1.0,Contributi settoriali alla variazione della produttività del lavoro - edizioni novembre 2019 - aprile 2024,Contributions of each industry to labour productivity growth - editions from November 2019 to April 2024,DCCN_PRODUTTIVITA_B19,1.0,IT1
8_277,1.0,Imprese - Ent (1 impresa corrisponde a 1 o più unità giuridiche attive),Enterprises - Ent (1 enterprise corresponds to 1 or more active legal units),DICA_ASIAUE1P_ENT,1.0,IT1
8_277_DF_DICA_ASIAUE1P_ENT_1,1.0,Imprese e addetti (Ent) - Principali dati,Enterprises and persons employed (Ent) - Key data,DICA_ASIAUE1P_ENT,1.0,IT1
8_277_DF_DICA_ASIAUE1P_ENT_2,1.0,"Imprese e addetti (Ent) - Forma giuridica, settori economici (Ateco 5 cifre) - Italia","Enterprises and persons employed (Ent) - Legal form, economic activity (Nace 5 digit) - Italy",DICA_ASIAUE1P_ENT,1.0,IT1
8_277_DF_DICA_ASIAUE1P_ENT_3,1.0,"Imprese e addetti (Ent) - Forma giuridica, settori economici (Ateco 4 cifre) - ripartizioni","Enterprises and persons employed (Ent) - Legal form, economic activity (Nace 4 digit) - geographical area",DICA_ASIAUE1P_ENT,1.0,IT1
8_277_DF_DICA_ASIAUE1P_ENT_4,1.0,"Imprese e addetti (Ent) - Forma giuridica, settori economici (Ateco 3 cifre) - regioni","Enterprises and persons employed (Ent) - Legal form, economic activity (Nace 3 digit) - regions",DICA_ASIAUE1P_ENT,1.0,IT1
8_277_DF_DICA_ASIAUE1P_ENT_5,1.0,"Imprese e addetti (Ent) - Forma giuridica, settori economici (Ateco 2 cifre) , classe di addetti - ripartizioni","Enterprises and persons employed (Ent) - Legal form, economic ativity (Nace 2 digit), size class of persons employed - geographical area",DICA_ASIAUE1P_ENT,1.0,IT1
8_277_DF_DICA_ASIAUE1P_ENT_6,1.0,"Imprese e addetti appartenenti ad un gruppo (Ent) - Settori economici (Ateco 1 cifra), classe di addetti - Tipo di relazione","Enterprises and persons employed belonging to an enterprise group (Ent) - Economic ativity (Nace 1 digit), size class of persons employed - Type of relationship",DICA_ASIAUE1P_ENT,1.0,IT1
8_277_DF_DICA_ASIAUE1P_ENT_7,1.0,Imprese e addetti appartenenti ad un gruppo (Ent) - Settori economici (Ateco 1 cifra) - Tipo di relazione - regioni,Enterprises and persons employed belonging to an enterprise group (Ent) - Economic ativity (Nace 1 digit) - Type of relationship  - regions,DICA_ASIAUE1P_ENT,1.0,IT1
91_963,1.0,Sistema dei conti della sanità,System of Health Accounts (SHA),DCCN_SHA,1.0,IT1
91_963_DF_DCCN_SHA_1,1.0,Spesa sanitaria per tipo di funzione di assistenza sanitaria e finanziamento,Health expenditure by health care function and financing scheme,DCCN_SHA,1.0,IT1
91_963_DF_DCCN_SHA_2,1.0,Spesa sanitaria per tipo di funzione di assistenza sanitaria e soggetto erogatore,Health expenditure by health care function and health care provider,DCCN_SHA,1.0,IT1
91_963_DF_DCCN_SHA_3,1.0,Spesa sanitaria per soggetto erogatore e tipo di finanziamento,Health expenditure by health care provider and financing scheme,DCCN_SHA,1.0,IT1
92_1225,1.0,Principali aggregati annnuali di contabilità nazionale,National accounts annual main aggregates,DCCN_ANA1,1.0,IT1
92_1225_DF_DCCN_ANA1_1,1.0,Produzione e valore aggiunto per branca di attività,Output and value added by industry,DCCN_ANA1,1.0,IT1
92_1225_DF_DCCN_ANA1_2,1.0,Redditi da lavoro dipendente e componenti per branca di attività,Compensation of employees and its components by industry,DCCN_ANA1,1.0,IT1
92_1225_DF_DCCN_ANA1_3,1.0,Imposte e contributi alla produzione per branca di attività,Taxes and subsidies on production by industry,DCCN_ANA1,1.0,IT1
92_1225_DF_DCCN_ANA1_4,1.0,Investimenti fissi lordi per tipo di investimento e branca proprietaria,Gross fixed capital formation by asset and industry,DCCN_ANA1,1.0,IT1
92_1225_DF_DCCN_ANA1_5,1.0,Stock di capitale e ammortamenti per tipo di investimento e branca proprietaria,Stocks of fixed assets and consumption of fixed capital by industry,DCCN_ANA1,1.0,IT1
92_1225_DF_DCCN_ANA1_6,1.0,Spesa per consumi finali delle famiglie per voce di spesa (Coicop 2018 3 cifre) e durata,Final consumption expenditure of household by expenditure item (Coicop 2018 3 digit) and durability,DCCN_ANA1,1.0,IT1
92_1225_DF_DCCN_ANA1_7,1.0,Valori pro capite,Per capita values,DCCN_ANA1,1.0,IT1
92_143,1.0,Principali aggregati per branca di attività -  (Nace Rev.1.1) - edizioni precedenti ottobre 2011,Main aggregates by industry (Nace Rev.1.1) - editions prior to October 2011,DCCN_AGGREGBRANCAN,1.0,IT1
92_504,1.0,Principali aggregati annnuali di contabilità nazionale - edizioni settembre 2019 - marzo 2024,National accounts annual main aggregates - editions from September 2019 to March 2024,DCCN_ANA,1.0,IT1
92_504_DF_DCCN_ANA_1,1.0,Produzione e valore aggiunto per branca di attività - edizioni settembre 2019 - marzo 2024,Output and value added by industry - editions from September 2019 to March 2024,DCCN_ANA,1.0,IT1
92_504_DF_DCCN_ANA_2,1.0,Redditi da lavoro dipendente e componenti per branca di attività - edizioni settembre 2019 - marzo 2024,Compensation of employees and its components by industry - editions from September 2019 to March 2024,DCCN_ANA,1.0,IT1
92_504_DF_DCCN_ANA_3,1.0,Imposte e contributi alla produzione per branca di attività - edizioni settembre 2019 - marzo 2024,Taxes and subsidies on production by industry - editions from September 2019 to March 2024,DCCN_ANA,1.0,IT1
92_504_DF_DCCN_ANA_4,1.0,Investimenti fissi lordi per tipo di investimento e branca proprietaria - edizioni settembre 2019 - marzo 2024,Gross fixed capital formation by asset and industry - editions from September 2019 to March 2024,DCCN_ANA,1.0,IT1
92_504_DF_DCCN_ANA_5,1.0,Stock di capitale e ammortamenti per tipo di investimento e branca proprietaria,Stocks of fixed assets and consumption of fixed capital by industry,DCCN_ANA,1.0,IT1
92_504_DF_DCCN_ANA_6,1.0,Spesa per consumi finali delle famiglie per voce di spesa (Coicop 3 cifre) e durata - edizioni settembre 2019 - marzo 2024,Final consumption expenditure of household by expenditure item (Coicop 3 digit) and durability - editions from September 2019 to March 2024,DCCN_ANA,1.0,IT1
92_504_DF_DCCN_ANA_7,1.0,Valori pro capite - edizioni settembre 2019 - marzo 2024,Per capita values - editions from September 2019 to March 2024,DCCN_ANA,1.0,IT1
92_504_NOTE_TIME,1.0,test note time,test note time,DCCN_ANA_NOTE,1.0,IT1
92_505,1.0,Sequenza dei conti,Sequence of accounts,DCCN_SQCN,1.0,IT1
92_505_DF_DCCN_SQCN_1,1.0,Sequenza dei conti,Sequence of accounts,DCCN_SQCN,1.0,IT1
92_506,1.0,Prodotto interno lordo e principali componenti,Gross Domestic Product and main components,DCCN_PILN,1.0,IT1
92_506_DF_DCCN_PILN_1,1.0,Prodotto interno lordo e principali componenti,Gross Domestic Product and main components,DCCN_PILN,1.0,IT1
92_507,1.0,Occupazione regolare e irregolare,Regular and irregular employment,DCCN_OCCNSEC2010,1.0,IT1
92_507_DF_DCCN_OCCNSEC2010_1,1.0,"Occupati, unità di lavoro, posizioni lavorative e ore lavorate","Employment in persons, full time equivalent, jobs and hours worked",DCCN_OCCNSEC2010,1.0,IT1
92_507_DF_DCCN_OCCNSEC2010_2,1.0,Tassi di irregolarità,Rate of undeclared work,DCCN_OCCNSEC2010,1.0,IT1
92_507_DF_DCCN_OCCNSEC2010_3,1.0,Popolazione media annua,Annual average population,DCCN_OCCNSEC2010,1.0,IT1
93_1095,1.0,Reddito disponibile delle famiglie  nelle regioni italiane,Disposable income of the households  in the italian regions,DCCN_ISTITUZ_TNA1,1.0,IT1
93_1095_DF_DCCN_ISTITUZ_TNA1_1,1.0,Reddito disponibile delle famiglie nelle regioni italiane,Disposable income of the households in the italian regions,DCCN_ISTITUZ_TNA1,1.0,IT1
93_1227,1.0,Principali aggregati territoriali di Contabilità Nazionale,National Accounts regional main aggregates,DCCN_TNA1,1.0,IT1
93_1227_DF_DCCN_TNA1_1,1.0,Valore aggiunto per branca di attività,Value added by industry,DCCN_TNA1,1.0,IT1
93_1227_DF_DCCN_TNA1_2,1.0,Redditi da lavoro dipendente e componenti per branca di attività,Compensation of employees and its components by industry,DCCN_TNA1,1.0,IT1
93_1227_DF_DCCN_TNA1_3,1.0,Spesa per consumi finali delle famiglie per voce di spesa (Coicop 2018 2 cifre) e durata,Final consumption expenditure of households by expenditure item (Coicop 2018 2 digit) and durability,DCCN_TNA1,1.0,IT1
93_1227_DF_DCCN_TNA1_4,1.0,Spesa per consumi finali della Pa per funzione di spesa,Final consumption expenditure of general government by function,DCCN_TNA1,1.0,IT1
93_1227_DF_DCCN_TNA1_5,1.0,Investimenti fissi lordi per branca proprietaria,Gross fixed capital formation breakdown by industry,DCCN_TNA1,1.0,IT1
93_1227_DF_DCCN_TNA1_6,1.0,Valori pro capite,Per capita values,DCCN_TNA1,1.0,IT1
93_209,1.0,Aggregati dei conti per branca di attività (NACE Rev.1.1) - edizione ottobre 2010,Accounts aggregates by industry (NACE Rev.1.1) - edition October 2010,DCCN_AGGREGBRANCAT,1.0,IT1
93_256,1.0,Occupazione per branca di attività economica (NACE Rev.1.1) - edizione ottobre 2010,Employment breakdown by industry (NACE Rev.1.1) - edition October 2010,DCCN_OCCUPT,1.0,IT1
93_379,1.0,Occupazione regolare ed irregolare,Regular and irregular employment,DCCN_OCCTSEC2010,1.0,IT1
93_379_DF_DCCN_OCCTSEC2010_1,1.0,Occupazione regionale,Employment - regions,DCCN_OCCTSEC2010,1.0,IT1
93_379_DF_DCCN_OCCTSEC2010_2,1.0,Occupazione provinciale,Employment - provinces,DCCN_OCCTSEC2010,1.0,IT1
93_379_DF_DCCN_OCCTSEC2010_3,1.0,Tasso di irregolarità,Rate of undeclared work,DCCN_OCCTSEC2010,1.0,IT1
93_379_DF_DCCN_OCCTSEC2010_4,1.0,Popolazione media annua,Annual average population,DCCN_OCCTSEC2010,1.0,IT1
93_382,1.0,Sequenza dei conti,Sequence of accounts,DCCN_SQCT,1.0,IT1
93_382_DF_DCCN_SQCT_1,1.0,Sequenza dei conti,Sequence of accounts,DCCN_SQCT,1.0,IT1
93_48,1.0,"Conti della branca agricoltura, silvicoltura e pesca","Agriculture, forestry and fishing accounts",DCCN_VAAGSIPET,1.0,IT1
93_48_DF_DCCN_VAAGSIPET_1,1.0,Produzione e valore aggiunto ai prezzi base,Production and value added at basic prices,DCCN_VAAGSIPET,1.0,IT1
93_48_DF_DCCN_VAAGSIPET_2,1.0,Prodotti e voci di costo,Products and cost items,DCCN_VAAGSIPET,1.0,IT1
93_498,1.0,Prodotto interno lordo lato produzione,Gross domestic product supply side,DCCN_PILT,1.0,IT1
93_498_DF_DCCN_PILT_1,1.0,Prodotto interno lordo lato produzione,Gross domestic product supply side,DCCN_PILT,1.0,IT1
93_500,1.0,Principali aggregati territoriali di Contabilità Nazionale - edizioni gennaio 2020 - dicembre 2023,National Accounts regional main aggregates - editions from January 2020 to December 2023,DCCN_TNA,1.0,IT1
93_500_DF_DCCN_TNA_1,1.0,Valore aggiunto per branca di attività - edizioni gennaio 2020 - dicembre 2023,Value added by industry - editions from January 2020 to December 2023,DCCN_TNA,1.0,IT1
93_500_DF_DCCN_TNA_2,1.0,Redditi da lavoro dipendente e componenti per branca di attività - edizioni gennaio 2020 - dicembre 2023,Compensation of employees and its components by industry - editions from January 2020 to December 2023,DCCN_TNA,1.0,IT1
93_500_DF_DCCN_TNA_3,1.0,Spesa per consumi finali delle famiglie per voce di spesa (Coicop 2 cifre) e durata - edizioni gennaio 2020 - dicembre 2023,Final consumption expenditure of households by expenditure item (Coicop 2 digit) and durability - editions from January 2020 to December 2023,DCCN_TNA,1.0,IT1
93_500_DF_DCCN_TNA_4,1.0,Spesa per consumi finali della Pa per funzione di spesa - edizioni gennaio 2020 - dicembre 2023,Final consumption expenditure of general government by function - editions from January 2020 to December 2023,DCCN_TNA,1.0,IT1
93_500_DF_DCCN_TNA_5,1.0,Investimenti fissi lordi per branca proprietaria - edizioni gennaio 2020 - dicembre 2023,Gross fixed capital formation breakdown by industry - editions from January 2020 to December 2023,DCCN_TNA,1.0,IT1
93_500_DF_DCCN_TNA_6,1.0,Valori pro capite - edizioni gennaio 2020 - dicembre 2023,Per capita values - editions from January 2020 to December 2023,DCCN_TNA,1.0,IT1
94_1063,1.0,Stock  di attività non finanziarie  e sequenza dei conti per settore istituzionale,Non-financial  assets  and sequence of accounts by institutional sector,DCCN_ISTITUZ_ANA1,1.0,IT1
94_1063_DF_DCCN_ISTITUZ_ANA1_1,1.0,Sequenza dei conti,Sequence of accounts,DCCN_ISTITUZ_ANA1,1.0,IT1
94_1063_DF_DCCN_ISTITUZ_ANA1_2,1.0,Indicatori su famiglie consumatrici e società non finanziarie,Key indicators on households as consumers and non-financial corporations,DCCN_ISTITUZ_ANA1,1.0,IT1
94_1063_DF_DCCN_ISTITUZ_ANA1_3,1.0,Valore aggiunto e redditi da lavoro dipendente per branca di attività economica,Value added and compensation of employees breakdown by industry,DCCN_ISTITUZ_ANA1,1.0,IT1
94_1063_DF_DCCN_ISTITUZ_ANA1_4,1.0,Investimenti fissi lordi per tipo di investimento,Gross fixed capital formation by asset,DCCN_ISTITUZ_ANA1,1.0,IT1
94_1063_DF_DCCN_ISTITUZ_ANA1_5,1.0,Stock di attività non finanziarie,Stock of non-financial assets,DCCN_ISTITUZ_ANA1,1.0,IT1
94_251,1.0,Sequenza dei conti - edizioni fino a settembre 2015,Sequence of accounts - editions until September 2015,DCCN_SEQCONTIASA,1.0,IT1
94_335,1.0,Occupazione per branca di attività - edizioni marzo 2012 e marzo 2013,Employment breakdown by industry - editions March 2012 and March 2013,DCCN_OCCUPIREV2,1.0,IT1
94_571,1.0,"Sequenza dei conti e stock di attività non finanziarie, per settore istituzionale","Sequence of accounts and non-financial assets, by institutional sector",DCCN_ISTITUZ_ANA,1.0,IT1
94_805,1.0,Occupazione  per branca di attività,Employment breakdown  by industry,DCCN_OCCSISEC2010,1.0,IT1
94_805_DF_DCCN_OCCSISEC2010_1,1.0,Occupazione per branca di attività,Employment breakdown by industry,DCCN_OCCSISEC2010,1.0,IT1
94_805_DF_DCCN_OCCSISEC2010_2,1.0,Occupazione per sottosettore,Employment by subsector,DCCN_OCCSISEC2010,1.0,IT1
95_42,1.0,Conto trimestrale,Quarterly account,DCCN_FPQ,1.0,IT1
95_42_DF_DCCN_FPQ_1,1.0,Conto economico,Economic account,DCCN_FPQ,1.0,IT1
95_42_DF_DCCN_FPQ_2,1.0,Indicatori (in rapporto al PIL),Indicators (GDP ratio),DCCN_FPQ,1.0,IT1
95_815,1.0,Conto annuale per sottosettore,Annual non-financial accounts by subsectors,DCCN_FPA,1.0,IT1
95_815_DF_DCCN_FPA_1,1.0,Conto economico per sottosettore,Economic account by subsector,DCCN_FPA,1.0,IT1
95_815_DF_DCCN_FPA_2,1.0,Indicatori (in rapporto al PIL),Indicators (GDP ratio),DCCN_FPA,1.0,IT1
95_815_DF_DCCN_FPA_3,1.0,Redditi e retribuzione pro capite per sottosettore,"Compensation of employees, wages and salaries per capita by subsector",DCCN_FPA,1.0,IT1
95_815_DF_DCCN_FPA_4,1.0,Investimenti fissi lordi per sottosettore,Gross fixed capital formation by subsector,DCCN_FPA,1.0,IT1
95_815_DF_DCCN_FPA_5,1.0,Imposte e contributi sociali per sottosettore,Taxes and social contributions by subsector,DCCN_FPA,1.0,IT1
95_815_DF_DCCN_FPA_6,1.0,Formazione della spesa per consumi finali,Generation of final consumption expenditure,DCCN_FPA,1.0,IT1
95_94,1.0,Uscite annuali per sottosettore,Annual expenditure by subsector,DCCN_OTEPPA,1.0,IT1
95_94_DF_DCCN_OTEPPA_1,1.0,Spesa per consumi per funzione (COFOG 2 e 3 cifre),Consumption expenditure by function (COFOG 2 and 3 digit),DCCN_OTEPPA,1.0,IT1
95_94_DF_DCCN_OTEPPA_2,1.0,Voci di uscita per funzione (COFOG 2 e 3 cifre),Expenditure items by function (COFOG 2 and 3 digit),DCCN_OTEPPA,1.0,IT1
96_1068,1.0,Conti della Protezione sociale versione 2014,Social protection accounts in the 2014 version,DCCN_PROTSOC_B14,1.0,IT1
96_1068_DF_DCCN_PROTSOC_B14_1,1.0,Conti economici consolidati - edizioni maggio 2015 e aprile 2019,Consolidated accounts - editions from May 2015 to April 2019,DCCN_PROTSOC_B14330145,1.0,IT1
96_1068_DF_DCCN_PROTSOC_B14_2,1.0,"Prestazioni secondo evento, rischio e bisogno - edizioni maggio 2015 e aprile 2019","Social benefits by policy area, risk and need - editions from May 2015 to April 2019",DCCN_PROTSOC_B14,1.0,IT1
96_1069,1.0,Conti della Protezione sociale versione 2011,Social protection accounts in the 2011 Version,DCCN_PROTSOC_B11,1.0,IT1
97_1027,1.0,Conti dei flussi fisici di energia (PEFA),Physical energy flow accounts (PEFA),DCCN_PEFA,1.1,IT1
97_1027_DF_DCCN_PEFA_1,1.0,Risorse e impieghi: schema di sintesi,Supply and use: scheme,DCCN_PEFA,1.1,IT1
97_1027_DF_DCCN_PEFA_2,1.0,Risorse per attività e tipo di flusso,Supply by activity and energy flow,DCCN_PEFA,1.1,IT1
97_1027_DF_DCCN_PEFA_3,1.0,Impieghi per attività e tipo di flusso,Use by activity and energy flow,DCCN_PEFA,1.1,IT1
97_1027_DF_DCCN_PEFA_4,1.0,Impieghi rilevanti per le emissioni atmosferiche (impieghi da combustione),Emission-relevant use by activity and energy flow (related to fuel combustion),DCCN_PEFA,1.1,IT1
97_1027_DF_DCCN_PEFA_5B,1.0,Vettori di indicatori chiave sui flussi di energia,Vectors of key energy indicators,DCCN_PEFA,1.1,IT1
97_1027_DF_DCCN_PEFA_6,1.0,Tavola di raccordo: consumo di energia,Bridge table: energy consumption,DCCN_PEFA,1.1,IT1
97_1027_DF_DCCN_PEFA_7,1.0,Impieghi dei flussi di energia per tipo di uso,Use of energy flows by type,DCCN_PEFA,1.1,IT1
97_1027_DF_DCCN_PEFA_8,1.0,Intensità energetica,Energy intensity,DCCN_PEFA,1.1,IT1
97_1027_DF_DCCN_PEFA_9,1.0,Intensità di emissione  dei consumi energetici,Emission intensity of energy consumption,DCCN_PEFA,1.1,IT1
97_1028,1.0,Conti dei beni e servizi ambientali,Environmental goods and services accounts,DCCN_EGSS,1.0,IT1
97_1028_DF_DCCN_EGSS_1,1.0,"Produzione, valore aggiunto, esportazioni","Output, value added, exports",DCCN_EGSS,1.0,IT1
97_1028_DF_DCCN_EGSS_2,1.0,Occupazione (unità di lavoro),Employment (full time equivalent),DCCN_EGSS,1.0,IT1
97_187,1.0,Emissioni atmosferiche NAMEA (NACE Rev.2),NAMEA air emissions (NACE Rev.2),DCCN_CONTIEMATMREV2,1.1,IT1
97_187_DF_DCCN_CONTIEMATMREV2_1,1.0,Attività produttive,Production activities,DCCN_CONTIEMATMREV2,1.1,IT1
97_187_DF_DCCN_CONTIEMATMREV2_2,1.0,Famiglie,Households,DCCN_CONTIEMATMREV2,1.1,IT1
97_187_DF_DCCN_CONTIEMATMREV2_3,1.0,Raccordo tra totale NAMEA e totale UNFCCC/CLRTAP,Bridging items between NAMEA total and UNFCCC/CLRTAP total,DCCN_CONTIEMATMREV2,1.1,IT1
97_187_DF_DCCN_CONTIEMATMREV2_4,1.0,Intensità della produzione e del valore aggiunto,Intensity of output and value added,DCCN_CONTIEMATMREV2,1.1,IT1
97_187_DF_DCCN_CONTIEMATMREV2_5,1.0,Intensità della occupazione,Intensity of employment,DCCN_CONTIEMATMREV2,1.1,IT1
97_26,1.0,Gettito delle imposte ambientali,Environmental tax revenue,DCCN_IMPAMB1,1.0,IT1
97_26_DF_DCCN_IMPAMB1_1,1.0,Categoria di imposta,Tax category,DCCN_IMPAMB1,1.0,IT1
97_26_DF_DCCN_IMPAMB1_2,1.0,Unità che corrisponde l'imposta,Paying unit,DCCN_IMPAMB1,1.0,IT1
97_26_DF_DCCN_IMPAMB1_3,1.0,Gettito corrisposto dalle attività economiche,Taxes paid by economic activity,DCCN_IMPAMB1,1.0,IT1
97_26_DF_DCCN_IMPAMB1_4,1.0,Classe CEPA,CEPA class,DCCN_IMPAMB1,1.0,IT1
97_26_DF_DCCN_IMPAMB1_5,1.0,Destinazione del gettito,Use of the tax revenue,DCCN_IMPAMB1,1.0,IT1
97_334,1.0,Conti dei flussi di materia,National materials' use accounts,DCCN_FLUMAT,1.0,IT1
97_334_DF_DCCN_FLUMAT_1,1.0,Indicatori aggregati nazionali,National economy-wide material flow indicators,DCCN_FLUMAT,1.0,IT1
97_334_DF_DCCN_FLUMAT_2,1.0,Estrazione interna di materiali utilizzati,Domestic extraction of used materials,DCCN_FLUMAT,1.0,IT1
97_334_DF_DCCN_FLUMAT_3,1.0,Scambi con il resto del mondo,Exchanges with the rest of the world,DCCN_FLUMAT,1.0,IT1
97_334_DF_DCCN_FLUMAT_4,1.0,Indicatori aggregati regionali,Economy-wide material flow indicators by region,DCCN_FLUMAT,1.0,IT1
97_366,1.0,Conti della Protezione sociale,Social protection accounts,DCCN_PROTSOC,1.0,IT1
97_366_DF_DCCN_PROTSOC_1,1.0,Conti economici consolidati,Consolidated accounts,DCCN_PROTSOC,1.0,IT1
97_366_DF_DCCN_PROTSOC_2,1.0,"Prestazioni secondo evento, rischio e bisogno","Social benefits by policy area, risk and need",DCCN_PROTSOC,1.0,IT1
97_79,1.0,Emissioni atmosferiche NAMEA (NACE Rev.1.1),NAMEA air emissions (NACE Rev.1.1),DCCN_CONTIEMATM,1.0,IT1
97_932,1.0,Conti dell'impiego di energia versione 2014,Energy use accounts 2014 version,DCCN_PRODENER,1.0,IT1
97_953,1.0,Spese per la protezione dell'ambiente,Environmental protection expenditure,DCCN_SPESAPROTAMB,1.0,IT1
97_953_DF_DCCN_SPESAPROTAMB_1,1.0,Spesa nazionale,National expenditure,DCCN_SPESAPROTAMB,1.0,IT1
97_953_DF_DCCN_SPESAPROTAMB_2,1.0,Aggregati economici per settore istituzionale,Economic aggregates by institutional sector,DCCN_SPESAPROTAMB,1.0,IT1
97_953_DF_DCCN_SPESAPROTAMB_3,1.0,"Investimenti, consumi intermedi e produzione ausiliaria delle società come produttori ausiliari per attività economica","Gross fixed capital formation, intermediate consumption and ancillary output of corporations as ancillary producers by economic activity",DCCN_SPESAPROTAMB,1.0,IT1
98_1066,1.0,Misure di produttività - Conti versione 2014,Productivity measures - Accounts in the 2014 version,DCCN_PRODUTTIVITA_B14,1.0,IT1
98_1066_DF_DCCN_PRODUTTIVITA_B14_1,1.0,Indicatori di produttività - edizioni marzo 2015 - marzo 2019,Main productivity indicators - editions from March 2015 to March 2019,DCCN_PRODUTTIVITA_B14803649,1.0,IT1
98_1066_DF_DCCN_PRODUTTIVITA_B14_2,1.0,Contributi alla crescita del valore aggiunto - edizioni marzo 2015 - marzo 2019,Contributions to growth of value added - editions from March 2015 to March 2019,DCCN_PRODUTTIVITA_B14972708,1.0,IT1
98_1066_DF_DCCN_PRODUTTIVITA_B14_3,1.0,Contributi alla crescita della produttività del lavoro - edizioni marzo 2015 - marzo 2019,Contributions to growth of labour productivity - editions from March 2015 to March 2019,DCCN_PRODUTTIVITA_B14314547,1.0,IT1
98_1066_DF_DCCN_PRODUTTIVITA_B14_4,1.0,Serie per il calcolo delle produttività - edizioni marzo 2015 - marzo 2019,Series for calculation of productivity - editions from March 2015 to March 2019,DCCN_PRODUTTIVITA_B14473313,1.0,IT1
98_1066_DF_DCCN_PRODUTTIVITA_B14_5,1.0,Contributi settoriali alla variazione della produttività del lavoro - edizioni marzo 2015 - marzo 2019,Contributions of each industry to labour productivity growth - editions from March 2015 to March 2019,DCCN_PRODUTTIVITA_B14104430,1.0,IT1
98_1067,1.0,Misure di produttività - Conti versione 2011,Productivity measures - Accounts in the 2011 version,DCCN_PRODUTTIVITA_B11,1.0,IT1
98_197,1.0,Misure di produttività,Productivity measures,DCCN_PRODUTTIVITA,1.0,IT1
98_197_DF_DCCN_PRODUTTIVITA_1,1.0,Indicatori di produttività,Main productivity indicators,DCCN_PRODUTTIVITA,1.0,IT1
98_197_DF_DCCN_PRODUTTIVITA_2,1.0,Contributi alla crescita del valore aggiunto,Contributions to growth of value added,DCCN_PRODUTTIVITA,1.0,IT1
98_197_DF_DCCN_PRODUTTIVITA_3,1.0,Contributi alla crescita della produttività del lavoro,Contributions to growth of labour productivity,DCCN_PRODUTTIVITA,1.0,IT1
98_197_DF_DCCN_PRODUTTIVITA_4,1.0,Serie per il calcolo delle produttività,Series for calculation of productivity,DCCN_PRODUTTIVITA,1.0,IT1
98_197_DF_DCCN_PRODUTTIVITA_5,1.0,Contributi settoriali alla variazione della produttività del lavoro,Contributions of each industry to labour productivity growth,DCCN_PRODUTTIVITA,1.0,IT1
999_1226_DF_DCCN_NOE_1,1.0,Valore aggiunto generato dall'economia non osservata per componente e branca di attività,Value added by non-observed economy by components and by industry,DCCN_NOE,1.0,IT1
9_951,1.0,Cave e miniere,Mining and quarrying,DCCV_CAVE_MIN,1.0,IT1
9_951_DF_DCCV_CAVE_MIN_1,1.0,Siti estrattivi,Extractive sites,DCCV_CAVE_MIN,1.0,IT1
9_951_DF_DCCV_CAVE_MIN_2,1.0,Risorse minerali non energetiche estratte (in unità di peso),Non-energetic  mineral resources extracted (units of weight),DCCV_CAVE_MIN,1.0,IT1
9_951_DF_DCCV_CAVE_MIN_3,1.0,Risorse minerali non energetiche estratte (in unità di volume),Non-energetic mineral resources extracted (units of volume),DCCV_CAVE_MIN,1.0,IT1
9_951_DF_DCCV_CAVE_MIN_4,1.0,Acque minerali naturali estratte a fini di produzione (in unità di peso e volume),Natural mineral waters extracted for production purposes (in units of weight and volume),DCCV_CAVE_MIN,1.0,IT1
9_951_DF_DCCV_CAVE_MIN_5,1.0,Indicatore Intesità di Estrazione (in unità di peso e volume),Extraction Intencity Indicator (in unit of weihgt and volume),DCCV_CAVE_MIN,1.0,IT1
BULK_MS_VIDEO,1.0,Le macchine della statistica 2016,The statistical machines 2016,VIRTUALDSD,1.0,MDM
CATCUBE,1.0,Lista Cubi,Cubes list,VIRTUALDSD,1.0,MDM
CPI,1.0,Prezzi al consumo,Consumer prices,ECOFIN_DSD,1.0,IMF
DCAT_CENSAGRIC2020_AGE_INF,1.0,Aziende per tipo di informatizzazione ed età del capo azienda,Farms by type of computerization and age of the manager,DCAT_CENSAGRIC2020_AGE_INF,1.0,IT1
DCAT_CENSAGRIC2020_GAIN,1.0,Aziende con attività connesse,Farms with gainful activities,DCAT_CENSAGRIC2020_GAIN,1.0,IT1
DCCV_CARGEOMOR_COM,1.0,Superfici esposte a rischio idrogeologico,Areas at hydrogeological risk,DCCV_CARGEOMOR_COM,1.0,IT1
DCCV_CARGEOMOR_ST_COM,1.0,Superfici territoriali,Total area,DCCV_CARGEOMOR_ST_COM,1.0,IT1
DCSS_BULK_ABITAZIONI,1.0,Abitazioni,Conventional dwellings,VIRTUALDSD,1.0,MDM
DCSS_BULK_CONVIVENZE,1.0,Convivenze anagrafiche,Institutional households,VIRTUALDSD,1.0,MDM
DCSS_BULK_FAMIGLIE,1.0,Famiglie per numero di componenti,Private households by number of members,VIRTUALDSD,1.0,MDM
DCSS_BULK_FAM_POP,1.0,Numero di famiglie e popolazione residente in famiglia,Number of private households and resident population in private household,VIRTUALDSD,1.0,MDM
DCSS_BULK_ISTR_LAV_PEN_2,1.0,"Istruzione, lavoro, spostamenti pendolari e cittadinanza","Education, work, commuting and citizenship",VIRTUALDSD,1.0,MDM
DCSS_BULK_POP_CAMPI_ATTR,1.0,"Campi attrezzati, insediamenti tollerati e spontanei",Authorized and not authorized settlement,VIRTUALDSD,1.0,MDM
DCSS_BULK_POP_DEMCITMIG,1.0,Caratteristiche demografiche e cittadinanza,Demographic characteristics and citizenship,VIRTUALDSD,1.0,MDM
DCSS_BULK_SENZA_TETTO,1.0,Senza tetto e senza fissa dimora,Primary and secondary homeless,VIRTUALDSD,1.0,MDM
DF_BES_TERRIT,1.0,Bes dei territori,Bes at local level,BES_TERRIT,1.1,IT1
DF_BES_TERRIT_0,1.0,Indicatori per singolo territorio,All indicators by individual territory,BES_TERRIT,1.1,IT1
DF_BES_TERRIT_0T,1.0,Indicatori e territorio,All indicators - All territories,BES_TERRIT,1.1,IT1
DF_BES_TERRIT_1,1.0,Salute,Health,BES_TERRIT,1.1,IT1
DF_BES_TERRIT_10,1.0,Ambiente,Environment,BES_TERRIT,1.1,IT1
DF_BES_TERRIT_11,1.0,"Innovazione, ricerca e creatività","Innovation, research and creativity",BES_TERRIT,1.1,IT1
DF_BES_TERRIT_12,1.0,Qualità dei servizi,Quality of services,BES_TERRIT,1.1,IT1
DF_BES_TERRIT_2,1.0,Istruzione e formazione,Education and training,BES_TERRIT,1.1,IT1
DF_BES_TERRIT_3,1.0,Lavoro e conciliazione dei tempi di vita,Work and life balance,BES_TERRIT,1.1,IT1
DF_BES_TERRIT_4,1.0,Benessere economico,Economic well-being,BES_TERRIT,1.1,IT1
DF_BES_TERRIT_5,1.0,Relazioni sociali,Social relationships,BES_TERRIT,1.1,IT1
DF_BES_TERRIT_6,1.0,Politica e istituzioni,Politics and Institutions,BES_TERRIT,1.1,IT1
DF_BES_TERRIT_7,1.0,Sicurezza,Safety,BES_TERRIT,1.1,IT1
DF_BES_TERRIT_9,1.0,Paesaggio e patrimonio culturale,Landscape and cultural heritage,BES_TERRIT,1.1,IT1
DF_BULK_2014TABLES,1.0,Tavole 2014,2014 tables,VIRTUALDSD,1.0,MDM
DF_BULK_AGRMULTI_INN_1,1.0,Innovazione,Innovation,VIRTUALDSD,1.0,MDM
DF_BULK_AGRMULTI_RISK_1,1.0,Gestione del rischio,Risk management,VIRTUALDSD,1.0,MDM
DF_BULK_AGRMULTI_SUST_1,1.0,Sostenibilità,Sustainability,VIRTUALDSD,1.0,MDM
DF_BULK_AGRMULTI_WATER_1,1.0,Risorse idriche,Water resources,VIRTUALDSD,1.0,MDM
DF_BULK_ANIMALFEED,1.0,Mangimi serie interrotte 2003-2014,Animal feeds broken time series 2003-2014,VIRTUALDSD,1.0,MDM
DF_BULK_BANKRUPTCI,1.0,Fallimenti serie interrotte 1990-2007,Bankruptcies broken time series 1990-2007,VIRTUALDSD,1.0,MDM
DF_BULK_CAG2000_1,1.0,Censimento agricoltura 2000,Agricultural Census 2000,VIRTUALDSD,1.0,MDM
DF_BULK_CAG2010_DICA_ALLEVAMENTI,1.0,Consistenza degli allevamenti,Livestock,VIRTUALDSD,1.0,MDM
DF_BULK_CAG2010_DICA_ALLEVAMENTIBIO,1.0,Consistenza degli allevamenti biologici certificati,Certified organic livestock,VIRTUALDSD,1.0,MDM
DF_BULK_CAG2010_DICA_ALLEVAMENTIDOP,1.0,Consistenza degli allevamenti DOP e/o IGP,PDO and/or PGI livestock,VIRTUALDSD,1.0,MDM
DF_BULK_CAG2010_DICA_ALLEVAMENTIUBI,1.0,Consistenza degli allevamenti per ubicazione delle unità agricole,Livestock by agricultural unit location,VIRTUALDSD,1.0,MDM
DF_BULK_CAG2010_DICA_ATTIVCON,1.0,Attività remunerative connesse alle aziende,Other gainful activities related to the farms,VIRTUALDSD,1.0,MDM
DF_BULK_CAG2010_DICA_ATTIVCONBIO,1.0,Attività remunerative connesse alle aziende biologiche,Other gainful activities related to the organic farms,VIRTUALDSD,1.0,MDM
DF_BULK_CAG2010_DICA_CAPOAZ,1.0,Capo azienda,Farm manager,VIRTUALDSD,1.0,MDM
DF_BULK_CAG2010_DICA_CAPOAZBIO,1.0,Capo azienda delle aziende biologiche,Farm manager of organic farms,VIRTUALDSD,1.0,MDM
DF_BULK_CAG2010_DICA_COMMERCIALIZ,1.0,Commercializzazione delle aziende,Marketing of the farms,VIRTUALDSD,1.0,MDM
DF_BULK_CAG2010_DICA_COMMERCIALIZBIO,1.0,Commercializzazione delle aziende biologiche,Marketing of the organic farms,VIRTUALDSD,1.0,MDM
DF_BULK_CAG2010_DICA_CONTOTERZ,1.0,Contoterzismo delle aziende,Third parties work of the farms,VIRTUALDSD,1.0,MDM
DF_BULK_CAG2010_DICA_CONTOTERZBIO,1.0,Contoterzismo delle aziende biologiche,Third parties work of the organic farms,VIRTUALDSD,1.0,MDM
DF_BULK_CAG2010_DICA_CONTRICAUT,1.0,Altre informazioni economiche delle aziende agricole,Other economic items of the farms,VIRTUALDSD,1.0,MDM
DF_BULK_CAG2010_DICA_CONTRICAUTBIO,1.0,Altre informazioni economiche delle aziende agricole biologiche,Other economic items of the organic farms,VIRTUALDSD,1.0,MDM
DF_BULK_CAG2010_DICA_GAEZALL,1.0,Stabulazione del bestiame,Animal housing,VIRTUALDSD,1.0,MDM
DF_BULK_CAG2010_DICA_GAEZALLBIO,1.0,Stabulazione del bestiame delle aziende biologiche,Animal housing of organic farms,VIRTUALDSD,1.0,MDM
DF_BULK_CAG2010_DICA_GAEZEXP,1.0,Letame e liquame portati fuori dall'azienda,Solid dung and slurry esported from the farm,VIRTUALDSD,1.0,MDM
DF_BULK_CAG2010_DICA_GAEZEXPBIO,1.0,Letame e liquame portati fuori dall'azienda biologica,Solid dung and slurry esported from the organic farm,VIRTUALDSD,1.0,MDM
DF_BULK_CAG2010_DICA_GAEZIMP,1.0,Impianti di stoccaggio e trattamento degli effluenti zootecnici,Manure storage and treatment facilities,VIRTUALDSD,1.0,MDM
DF_BULK_CAG2010_DICA_GAEZIMPBIO,1.0,Impianti di stoccaggio e trattamento degli effluenti zootecnici delle aziende biologiche,Manure storage and treatment facilities of organic farms,VIRTUALDSD,1.0,MDM
DF_BULK_CAG2010_DICA_GAEZPAS,1.0,Pascolo del bestiame,Animal grazing,VIRTUALDSD,1.0,MDM
DF_BULK_CAG2010_DICA_GAEZPASBIO,1.0,Pascolo del bestiame delle aziende biologiche,Animal grazing of organic farms,VIRTUALDSD,1.0,MDM
DF_BULK_CAG2010_DICA_GCSCON,1.0,Metodi di produzione dei seminativi,Production methods for arable land,VIRTUALDSD,1.0,MDM
DF_BULK_CAG2010_DICA_GCSCONBIO,1.0,Metodi di produzione dei seminativi delle aziende biologiche,Production methods for arable land of organic farms,VIRTUALDSD,1.0,MDM
DF_BULK_CAG2010_DICA_GCSGES,1.0,Metodi di produzione delle legnose agrarie,Production methods for permanent crops,VIRTUALDSD,1.0,MDM
DF_BULK_CAG2010_DICA_GCSGESBIO,1.0,Metodi di produzione delle legnose agrarie delle aziende biologiche,Production methods for permanent crops of organic farms,VIRTUALDSD,1.0,MDM
DF_BULK_CAG2010_DICA_GCSZOO,1.0,Applicazione degli effluenti zootecnici,Manure application,VIRTUALDSD,1.0,MDM
DF_BULK_CAG2010_DICA_GCSZOOBIO,1.0,Applicazione degli effluenti zootecnici delle aziende biologiche,Manure application of organic farms,VIRTUALDSD,1.0,MDM
DF_BULK_CAG2010_DICA_IMPENRIN,1.0,Impianti di produzione di energia rinnovabile delle aziende,Renewable energy production equipments of the farms,VIRTUALDSD,1.0,MDM
DF_BULK_CAG2010_DICA_IMPENRINBIO,1.0,Impianti di produzione di energia rinnovabile delle aziende agricole biologiche,Renewable energy production equipments of the organic farms,VIRTUALDSD,1.0,MDM
DF_BULK_CAG2010_DICA_IRRIGAB,1.0,Aziende e superficie irrigabile,Farms and irrigable area,VIRTUALDSD,1.0,MDM
DF_BULK_CAG2010_DICA_IRRIGAB_BIO,1.0,Aziende biologiche e superficie irrigabile,Organic farms and irrigable area,VIRTUALDSD,1.0,MDM
DF_BULK_CAG2010_DICA_IRRIGATFG,1.0,"Aziende, superficie irrigata e volumi irrigui","Farms, irrigated area and volume of water used for irrigation",VIRTUALDSD,1.0,MDM
DF_BULK_CAG2010_DICA_IRRIGATFG_BIO,1.0,"Aziende biologiche, superficie irrigata e volumi irrigui","Organic farms, irrigated area and volume of water used for irrigation",VIRTUALDSD,1.0,MDM
DF_BULK_CAG2010_DICA_MANODOPALTR1,1.0,Altra manodopera aziendale,Other labour force of farms,VIRTUALDSD,1.0,MDM
DF_BULK_CAG2010_DICA_MANODOPALTRBIO,1.0,Altra manodopera delle aziende biologiche,Other labour force of organic farms,VIRTUALDSD,1.0,MDM
DF_BULK_CAG2010_DICA_MANODOPFAM,1.0,Manodopera familiare,Family labour force,VIRTUALDSD,1.0,MDM
DF_BULK_CAG2010_DICA_MANODOPFAMBIO,1.0,Manodopera familiare delle aziende biologiche,Family labour force of organic farms,VIRTUALDSD,1.0,MDM
DF_BULK_CAG2010_DICA_NOTAUS2,1.0,Altre caratteristiche,Additional characteristics,VIRTUALDSD,1.0,MDM
DF_BULK_CAG2010_DICA_NOTAUSBIO,1.0,Altre caratteristiche delle aziende biologiche,Additional characteristics of organic farms,VIRTUALDSD,1.0,MDM
DF_BULK_CAG2010_DICA_NOTAUSDOP,1.0,Altre caratteristiche delle aziende DOP e/o IGP,Additional characteristics of PDO and/or PGI farms,VIRTUALDSD,1.0,MDM
DF_BULK_CAG2010_DICA_NOTGEN,1.0,Caratteristiche delle aziende,Farm characteristics,VIRTUALDSD,1.0,MDM
DF_BULK_CAG2010_DICA_NOTGENBIO,1.0,Caratteristiche delle aziende biologiche,Characteristics of organic farms,VIRTUALDSD,1.0,MDM
DF_BULK_CAG2010_DICA_NOTGENDOP,1.0,Caratteristiche delle aziende DOP e/o IGP,Characteristics of PDO and/or PGI farms,VIRTUALDSD,1.0,MDM
DF_BULK_CAG2010_DICA_SERIESTOR1,1.0,Serie storiche,Historical series,VIRTUALDSD,1.0,MDM
DF_BULK_CAG2010_DICA_TIPOLOGIA,1.0,Caratteristiche tipologiche,Typology of the farms,VIRTUALDSD,1.0,MDM
DF_BULK_CAG2010_DICA_UTILTERR,1.0,Utilizzazione del terreno delle aziende,Land use,VIRTUALDSD,1.0,MDM
DF_BULK_CAG2010_DICA_UTILTERRBIO,1.0,Utilizzazione del terreno condotto con metodo biologico,Use of land managed with organic method,VIRTUALDSD,1.0,MDM
DF_BULK_CAG2010_DICA_UTILTERRDOP,1.0,Utilizzazione del terreno per coltivazioni DOP e/o IGP,Use of land for PDO and/or PGI crops,VIRTUALDSD,1.0,MDM
DF_BULK_CAG2010_DICA_UTILTERRUBI,1.0,Utilizzazione del terreno per ubicazione delle unità agricole,Land use by agricultural unit location,VIRTUALDSD,1.0,MDM
DF_BULK_CAG2010_DICA_VITE,1.0,Notizie sulla vite e relativo materiale di propagazione,Informations on vineyard and related propagation material,VIRTUALDSD,1.0,MDM
DF_BULK_CAUSESOFDE,1.0,Cause di morte - Short_list V2024-01-30,Causes of death - Short_list V2024-01-30,VIRTUALDSD,1.0,MDM
DF_BULK_CEN2011_DICA_ACD,1.0,Occupazione delle imprese,Enterprises' employment,VIRTUALDSD,1.0,MDM
DF_BULK_CEN2011_DICA_ADIPP,1.0,Dipendenti delle imprese per tipologia di beneficiari di sgravi contributivi,Enterprises' persons employees by social security contribution allowance,VIRTUALDSD,1.0,MDM
DF_BULK_CEN2011_DICA_ADIPW,1.0,Dipendenti delle imprese (15vc),Enterprises' persons employees (15vc),VIRTUALDSD,1.0,MDM
DF_BULK_CEN2011_DICA_ADIPW1,1.0,Dipendenti delle imprese,Enterprises' persons employees,VIRTUALDSD,1.0,MDM
DF_BULK_CEN2011_DICA_AESTC,1.0,Lavoratori esterni delle imprese per periodo di attività e compensi percepiti,Enterprises' outworkers by class of annual income and work period,VIRTUALDSD,1.0,MDM
DF_BULK_CEN2011_DICA_AESTL,1.0,Lavoratori esterni delle imprese per tipologia di lavoratore,Enterprises' outworkers by type of outworker,VIRTUALDSD,1.0,MDM
DF_BULK_CEN2011_DICA_AIND,1.0,Indipendenti delle imprese,Enterprises' self employers,VIRTUALDSD,1.0,MDM
DF_BULK_CEN2011_DICA_AINT,1.0,Lavoratori temporanei delle imprese,Enterprises' temporary workers,VIRTUALDSD,1.0,MDM
DF_BULK_CEN2011_DICA_ASIAUE1,1.0,Imprese e risorse umane,Enterprises and human resources,VIRTUALDSD,1.0,MDM
DF_BULK_CEN2011_DICA_ASIAUEABR,1.0,Abruzzo,Abruzzo,VIRTUALDSD,1.0,MDM
DF_BULK_CEN2011_DICA_ASIAUEBAS1,1.0,Basilicata PROVA,Basilicata PROVA,VIRTUALDSD,1.0,MDM
DF_BULK_CEN2011_DICA_ASIAUEBAS2,1.0,Basilicata,Basilicata,VIRTUALDSD,1.0,MDM
DF_BULK_CEN2011_DICA_ASIAUECAL,1.0,Calabria,Calabria,VIRTUALDSD,1.0,MDM
DF_BULK_CEN2011_DICA_ASIAUECAM,1.0,Campania,Campania,VIRTUALDSD,1.0,MDM
DF_BULK_CEN2011_DICA_ASIAUEEMI,1.0,Emilia-Romagna,Emilia-Romagna,VIRTUALDSD,1.0,MDM
DF_BULK_CEN2011_DICA_ASIAUEFRI,1.0,Friuli-Venezia Giulia,Friuli-Venezia Giulia,VIRTUALDSD,1.0,MDM
DF_BULK_CEN2011_DICA_ASIAUELAZ,1.0,Lazio,Lazio,VIRTUALDSD,1.0,MDM
DF_BULK_CEN2011_DICA_ASIAUELIG,1.0,Liguria,Liguria,VIRTUALDSD,1.0,MDM
DF_BULK_CEN2011_DICA_ASIAUELOM,1.0,Lombardia,Lombardia,VIRTUALDSD,1.0,MDM
DF_BULK_CEN2011_DICA_ASIAUEMAR,1.0,Marche,Marche,VIRTUALDSD,1.0,MDM
DF_BULK_CEN2011_DICA_ASIAUEMOL,1.0,Molise,Molise,VIRTUALDSD,1.0,MDM
DF_BULK_CEN2011_DICA_ASIAUEOCC,1.0,Occupazione nelle Imprese,Enterprises' employment,VIRTUALDSD,1.0,MDM
DF_BULK_CEN2011_DICA_ASIAUEPIE,1.0,Piemonte,Piemonte,VIRTUALDSD,1.0,MDM
DF_BULK_CEN2011_DICA_ASIAUEPUG,1.0,Puglia,Puglia,VIRTUALDSD,1.0,MDM
DF_BULK_CEN2011_DICA_ASIAUESAR,1.0,Sardegna,Sardegna,VIRTUALDSD,1.0,MDM
DF_BULK_CEN2011_DICA_ASIAUESIC,1.0,Sicilia,Sicilia,VIRTUALDSD,1.0,MDM
DF_BULK_CEN2011_DICA_ASIAUETAA,1.0,Trentino Alto Adige / Südtirol,Trentino Alto Adige / Südtirol,VIRTUALDSD,1.0,MDM
DF_BULK_CEN2011_DICA_ASIAUETOS,1.0,Toscana,Toscana,VIRTUALDSD,1.0,MDM
DF_BULK_CEN2011_DICA_ASIAUEUMB,1.0,Umbria,Umbria,VIRTUALDSD,1.0,MDM
DF_BULK_CEN2011_DICA_ASIAUEVDA,1.0,Valle d'Aosta / Vallée d'Aoste,Valle d'Aosta / Vallée d'Aoste,VIRTUALDSD,1.0,MDM
DF_BULK_CEN2011_DICA_ASIAUEVEN,1.0,Veneto,Veneto,VIRTUALDSD,1.0,MDM
DF_BULK_CEN2011_DICA_ASIAUL,1.0,Unità locali e addetti delle unità locali - Dati sino al livello comunale e per Sistema locale del lavoro 2001,Local units and local units' persons employed - Data until municipal level and by 2001 Local labour market area,VIRTUALDSD,1.0,MDM
DF_BULK_CEN2011_DICA_ASIAULOCC,1.0,Occupazione delle unità locali delle imprese,Enterprises' employment of local units,VIRTUALDSD,1.0,MDM
DF_BULK_CEN2011_DICA_IPICTDCOM,1.0,Dotazione di risorse ICT - dati comunali,Endowment of ICT resources - municipal level,VIRTUALDSD,1.0,MDM
DF_BULK_CEN2011_DICA_IPICTDNP,1.0,Dotazione di risorse ICT,Endowment of ICT resources,VIRTUALDSD,1.0,MDM
DF_BULK_CEN2011_DICA_IPICTUCOM,1.0,Utilizzo di risorse ICT - dati comunali,Use of ICT resources - municipal level,VIRTUALDSD,1.0,MDM
DF_BULK_CEN2011_DICA_IPICTUNP,1.0,Utilizzo di risorse ICT,Use of ICT resources,VIRTUALDSD,1.0,MDM
DF_BULK_CEN2011_DICA_IPIF,1.0,"Attività formativa del personale 2011, 2015","Qualification 2011, 2015",VIRTUALDSD,1.0,MDM
DF_BULK_CEN2011_DICA_IPO,1.0,"Occupazione per tipologia contrattuale, regime orario e classe di età 2011, 2015","Employment by contract type, working time and age class 2011, 2015",VIRTUALDSD,1.0,MDM
DF_BULK_CEN2011_DICA_IPQLTFCOM,1.0,Sostenibilità ambientale - dati comunali,Environmental sustainability - municipal level,VIRTUALDSD,1.0,MDM
DF_BULK_CEN2011_DICA_IPQLTFNP,1.0,Sostenibilità ambientale,Environmental sustainability,VIRTUALDSD,1.0,MDM
DF_BULK_CEN2011_DICA_IPQLTGCOM,1.0,Salute e sicurezza nei luoghi di lavoro e trasparenza - dati comunali,Health and safety at work and transparency - municipal level,VIRTUALDSD,1.0,MDM
DF_BULK_CEN2011_DICA_IPQLTGNP,1.0,Salute e sicurezza nei luoghi di lavoro e trasparenza,Health and safety at work and transparency,VIRTUALDSD,1.0,MDM
DF_BULK_CEN2011_DICA_IPSTRIPCOM,1.0,"Istituzioni, risorse umane e genere - dati comunali 2011, 2015","Institutions, human resources and gender - municipal level 2011, 2015",VIRTUALDSD,1.0,MDM
DF_BULK_CEN2011_DICA_IPSTRIPNP,1.0,"Istituzioni, risorse umane e genere 2011, 2015","Institutions, human resources and gender 2011, 2015",VIRTUALDSD,1.0,MDM
DF_BULK_CEN2011_DICA_IPSTRULCOM,1.0,"Unità locali, risorse umane e genere - dati comunali 2011, 2015","Local units, human resources and gender - municipal level 2011, 2015",VIRTUALDSD,1.0,MDM
DF_BULK_CEN2011_DICA_IPSTRULNP,1.0,"Unità locali, risorse umane e genere 2011, 2015","Local units, human resources and gender 2011, 2015",VIRTUALDSD,1.0,MDM
DF_BULK_CEN2011_DICA_IPSUL,1.0,"Unità locali, funzioni e servizi offerti","Local units, related functions and services",VIRTUALDSD,1.0,MDM
DF_BULK_CEN2011_DICA_MPSCUM,1.0,Capitale umano - Dati sino al livello regionale,Human capital - Data until regional level,VIRTUALDSD,1.0,MDM
DF_BULK_CEN2011_DICA_MPSFIN1,1.0,Finanza - Dati sino al livello provinciale,Finance - Data until provincial level,VIRTUALDSD,1.0,MDM
DF_BULK_CEN2011_DICA_MPSINN1,1.0,Innovazione - Dati sino al livello regionale,Innovation - Data until regional level,VIRTUALDSD,1.0,MDM
DF_BULK_CEN2011_DICA_MPSINT1,1.0,Internazionalizzazione - Dati sino al livello regionale,Internalisation - Data until regional level,VIRTUALDSD,1.0,MDM
DF_BULK_CEN2011_DICA_MPSMER,1.0,Competitività e mercato - Dati sino al livello provinciale,Competitiveness and market - Data until provincial level,VIRTUALDSD,1.0,MDM
DF_BULK_CEN2011_DICA_MPSPCGDEM,1.0,"Proprietà, controllo, gestione - caratteristiche demografiche",Ownership and governance - demographic characteristics,VIRTUALDSD,1.0,MDM
DF_BULK_CEN2011_DICA_MPSPCGEVP1,1.0,"Proprietà, controllo, gestione - eventi precedenti",Ownership and governance - past events,VIRTUALDSD,1.0,MDM
DF_BULK_CEN2011_DICA_MPSPCGTOT1,1.0,"Proprietà, controllo, gestione",Ownership and governance,VIRTUALDSD,1.0,MDM
DF_BULK_CEN2011_DICA_MPSRLZ1,1.0,Relazioni tra imprese - Dati sino al livello regionale,Inter-enterprise relations - Data until regional level,VIRTUALDSD,1.0,MDM
DF_BULK_CEN2011_DICA_N01BCOM,1.0,Risorse economiche - dati comunali,Economic and financial resources - municipal level,VIRTUALDSD,1.0,MDM
DF_BULK_CEN2011_DICA_N01C,1.0,"Risorse umane 2011, 2015","Human resources 2011, 2015",VIRTUALDSD,1.0,MDM
DF_BULK_CEN2011_DICA_N01CB,1.0,Risorse umane e risorse economiche,"Human resources, economic and financial resources",VIRTUALDSD,1.0,MDM
DF_BULK_CEN2011_DICA_N01CCOM,1.0,Risorse umane - dati comunali,Human resources - municipal level,VIRTUALDSD,1.0,MDM
DF_BULK_CEN2011_DICA_N01GCOM,1.0,Caratteristiche istituzione - dati comunali,Institution characteristics - municipal level,VIRTUALDSD,1.0,MDM
DF_BULK_CEN2011_DICA_N01P,1.0,Periodo assunzione forma giuridica,Period of legal form acquisition,VIRTUALDSD,1.0,MDM
DF_BULK_CEN2011_DICA_N01PB,1.0,Periodo assunzione forma giuridica e risorse economiche,"Period of legal form acquisition, economic and financial resources",VIRTUALDSD,1.0,MDM
DF_BULK_CEN2011_DICA_N01PCOM,1.0,Periodo assunzione forma giuridica - dati comunali,Period of legal form acquisition - municipal level,VIRTUALDSD,1.0,MDM
DF_BULK_CEN2011_DICA_N01SS,1.0,"Attività prevalente e secondaria 2011, 2015","Prevalent and secondary activity 2011, 2015",VIRTUALDSD,1.0,MDM
DF_BULK_CEN2011_DICA_N02M,1.0,"Mission 2011, 2015","Mission 2011, 2015",VIRTUALDSD,1.0,MDM
DF_BULK_CEN2011_DICA_N02MCOM,1.0,Mission - municipal level,Mission - municipal level,VIRTUALDSD,1.0,MDM
DF_BULK_CEN2011_DICA_N02S,1.0,Servizi offerti,Offered services,VIRTUALDSD,1.0,MDM
DF_BULK_CEN2011_DICA_N02SCOM,1.0,Servizi offerti - dati comunali,Offered services - municipal level,VIRTUALDSD,1.0,MDM
DF_BULK_CEN2011_DICA_N03ACOM,1.0,Tipo di attività economica - dati comunali,Type of business activity - municipal level,VIRTUALDSD,1.0,MDM
DF_BULK_CEN2011_DICA_N03B,1.0,Risorse economiche,Economic and financial resources,VIRTUALDSD,1.0,MDM
DF_BULK_CEN2011_DICA_N03FCOM,1.0,Tipologia di finanziamento prevalente - dati comunali,Prevalent type of financing - municipal level,VIRTUALDSD,1.0,MDM
DF_BULK_CEN2011_DICA_N03G,1.0,"Caratteristiche istituzione 2011, 2015","Institution characteristics 2011, 2015",VIRTUALDSD,1.0,MDM
DF_BULK_CEN2011_DICA_N03OCOM,1.0,Orientamento dell'istituzione - dati comunali,Scope of the institution - municipal level,VIRTUALDSD,1.0,MDM
DF_BULK_CEN2011_DICA_N03S,1.0,Servizi offerti,Offered services,VIRTUALDSD,1.0,MDM
DF_BULK_CEN2011_DICA_N04E,1.0,Entrate,Revenues,VIRTUALDSD,1.0,MDM
DF_BULK_CEN2011_DICA_N04ECOM,1.0,Entrate - dati comunali,Revenues - municipal level,VIRTUALDSD,1.0,MDM
DF_BULK_CEN2011_DICA_N04U,1.0,Uscite,Expenditures,VIRTUALDSD,1.0,MDM
DF_BULK_CEN2011_DICA_N04UCOM,1.0,Uscite - dati comunali,Expenditures - municipal level,VIRTUALDSD,1.0,MDM
DF_BULK_CEN2011_DICA_N05B,1.0,Risorse economiche,Economic and financial resources,VIRTUALDSD,1.0,MDM
DF_BULK_CEN2011_DICA_N05C,1.0,Categorie professionali,Categories of occupations,VIRTUALDSD,1.0,MDM
DF_BULK_CEN2011_DICA_N05CB,1.0,Categorie professionali e risorse economiche,"Categories of occupations, economic and financial resources",VIRTUALDSD,1.0,MDM
DF_BULK_CEN2011_DICA_N05CCOM,1.0,Categorie professionali - dati comunali,Categories of occupations - municipal level,VIRTUALDSD,1.0,MDM
DF_BULK_CEN2011_DICA_N05GCOM,1.0,Istituzioni lavoratori dipendenti e lavoratori esterni - dati comunali,Employees and outworkers institutions - municipal level,VIRTUALDSD,1.0,MDM
DF_BULK_CEN2011_DICA_N05W,1.0,"Lavoratori dipendenti e lavoratori esterni 2011, 2015","Employees and outworkers 2011, 2015",VIRTUALDSD,1.0,MDM
DF_BULK_CEN2011_DICA_N05WCOM,1.0,Tipo contratto e regime orario dei dipendenti - dati comunali,Type of contract and working-time regime of employees - municipal level,VIRTUALDSD,1.0,MDM
DF_BULK_CEN2011_DICA_N06ECOM,1.0,Titolo di studio dei volontari - dati comunali,Highest level of education attained of volunteers - municipal level,VIRTUALDSD,1.0,MDM
DF_BULK_CEN2011_DICA_N06GCOM,1.0,Istituzioni con volontari - dati comunali,Institutions with volunteers - municipal level,VIRTUALDSD,1.0,MDM
DF_BULK_CEN2011_DICA_N06I,1.0,Istituzioni con volontari,Institutions with volunteers,VIRTUALDSD,1.0,MDM
DF_BULK_CEN2011_DICA_N06PCOM,1.0,Condizione occupazionale dei volontari - dati comunali,Professional status of volunteers - municipal level,VIRTUALDSD,1.0,MDM
DF_BULK_CEN2011_DICA_N06T,1.0,Volontari,Volunteers,VIRTUALDSD,1.0,MDM
DF_BULK_CEN2011_DICA_N06YCOM,1.0,Classe di età dei volontari - dati comunali,Age class of volunteers - municipal level,VIRTUALDSD,1.0,MDM
DF_BULK_CEN2011_DICA_N07A,1.0,Struttura,Structure,VIRTUALDSD,1.0,MDM
DF_BULK_CEN2011_DICA_N07ACOM,1.0,Struttura - dati comunali,Structure - municipal level,VIRTUALDSD,1.0,MDM
DF_BULK_CEN2011_DICA_N07B,1.0,Entrate ed uscite,Expenditure and revenues,VIRTUALDSD,1.0,MDM
DF_BULK_CEN2011_DICA_N07BCOM,1.0,Entrate ed uscite - dati comunali,Expenditure and revenues - municipal level,VIRTUALDSD,1.0,MDM
DF_BULK_CEN2011_DICA_N08C,1.0,Tipologia di contatti diretti per raccolta fondi,Type of direct appeals for fundraising,VIRTUALDSD,1.0,MDM
DF_BULK_CEN2011_DICA_N08CCOM,1.0,Tipologia di contatti diretti per raccolta fondi - dati comunali,Type of direct appeals for fundraising - municipal level,VIRTUALDSD,1.0,MDM
DF_BULK_CEN2011_DICA_N08M,1.0,Modalità raccolta fondi,Type of fundraising,VIRTUALDSD,1.0,MDM
DF_BULK_CEN2011_DICA_N08MCOM,1.0,Modalità raccolta fondi - dati comunali,Type of fundraising - municipal level,VIRTUALDSD,1.0,MDM
DF_BULK_CEN2011_DICA_N08S,1.0,Strumenti comunicazione,Communication tools,VIRTUALDSD,1.0,MDM
DF_BULK_CEN2011_DICA_N08SCOM,1.0,Strumenti comunicazione - dati comunali,Communication tools - municipal level,VIRTUALDSD,1.0,MDM
DF_BULK_CEN2011_DICA_N09AG,1.0,Forme aggregative,Membership to other institutions,VIRTUALDSD,1.0,MDM
DF_BULK_CEN2011_DICA_N09AGCOM,1.0,Forme aggregative - dati comunali,Membership to other institutions - municipal level,VIRTUALDSD,1.0,MDM
DF_BULK_CEN2011_DICA_N09AZ,1.0,Ambito azione,Territorial level of action,VIRTUALDSD,1.0,MDM
DF_BULK_CEN2011_DICA_N09AZCOM,1.0,Ambito azione - dati comunali,Territorial level of action - municipal level,VIRTUALDSD,1.0,MDM
DF_BULK_CEN2011_DICA_N09CC,1.0,"Contratti, convenzioni","Contracts, conventions",VIRTUALDSD,1.0,MDM
DF_BULK_CEN2011_DICA_N09CCCOM,1.0,"Contratti, convenzioni - dati comunali","Contracts, conventions - municipal level",VIRTUALDSD,1.0,MDM
DF_BULK_CEN2011_DICA_N09PI,1.0,"Patti, intese","Covenants, agreements",VIRTUALDSD,1.0,MDM
DF_BULK_CEN2011_DICA_N09PICOM,1.0,"Patti, intese - dati comunali","Covenants, agreements - municipal level",VIRTUALDSD,1.0,MDM
DF_BULK_CEN2011_DICA_N10G,1.0,Risorse umane,Human resources,VIRTUALDSD,1.0,MDM
DF_BULK_CEN2011_DICA_N10GCOM,1.0,Risorse umane - dati comunali,Human resources - municipal level,VIRTUALDSD,1.0,MDM
DF_BULK_CEN2011_DICA_N10N,1.0,"Periodo assunzione forma giuridica, numerosità","Period of legal form acquisition, number",VIRTUALDSD,1.0,MDM
DF_BULK_CEN2011_DICA_N10NCOM,1.0,"Periodo assunzione forma giuridica, numerosità - dati comunali","Period of legal form acquisition, number - municipal level",VIRTUALDSD,1.0,MDM
DF_BULK_CEN2011_DICA_N11EU1,1.0,"Modalità di attività, entrate, uscite","Period of activity, expenditures, revenues",VIRTUALDSD,1.0,MDM
DF_BULK_CEN2011_DICA_N11G1,1.0,Struttura,Structure,VIRTUALDSD,1.0,MDM
DF_BULK_CEN2011_DICA_N12G,1.0,"Periodo assunzione forma giuridica, orientamento istituzione","Period of legal form acquisition, institution scope",VIRTUALDSD,1.0,MDM
DF_BULK_CEN2011_DICA_N12SS,1.0,"Attività secondaria, servizi offerti","Secondary activity, offered services",VIRTUALDSD,1.0,MDM
DF_BULK_CEN2011_DICA_N13F,1.0,"Adesione forme aggregative, strumenti comunicazione","Membership to other institutions, communication tools",VIRTUALDSD,1.0,MDM
DF_BULK_CEN2011_DICA_N13G,1.0,"Periodo assunzione forma giuridica, tipologia affiliazioni","Period of legal form acquisition, type of memberships",VIRTUALDSD,1.0,MDM
DF_BULK_CEN2011_DICA_N14E,1.0,Entrate,Revenues,VIRTUALDSD,1.0,MDM
DF_BULK_CEN2011_DICA_N14G,1.0,Tipologia di disagio,Type of vulnerabillty,VIRTUALDSD,1.0,MDM
DF_BULK_CEN2011_DICA_N14S,1.0,Attività secondaria,Secondary activity,VIRTUALDSD,1.0,MDM
DF_BULK_CEN2011_DICA_TRASVABR,1.0,Abruzzo,Abruzzo,VIRTUALDSD,1.0,MDM
DF_BULK_CEN2011_DICA_TRASVBAS,1.0,Basilicata,Basilicata,VIRTUALDSD,1.0,MDM
DF_BULK_CEN2011_DICA_TRASVCAL,1.0,Calabria,Calabria,VIRTUALDSD,1.0,MDM
DF_BULK_CEN2011_DICA_TRASVCAM,1.0,Campania,Campania,VIRTUALDSD,1.0,MDM
DF_BULK_CEN2011_DICA_TRASVEMI,1.0,Emilia-Romagna,Emilia-Romagna,VIRTUALDSD,1.0,MDM
DF_BULK_CEN2011_DICA_TRASVFRI,1.0,Friuli-Venezia Giulia,Friuli-Venezia Giulia,VIRTUALDSD,1.0,MDM
DF_BULK_CEN2011_DICA_TRASVLAZ,1.0,Lazio,Lazio,VIRTUALDSD,1.0,MDM
DF_BULK_CEN2011_DICA_TRASVLIG,1.0,Liguria,Liguria,VIRTUALDSD,1.0,MDM
DF_BULK_CEN2011_DICA_TRASVLOM,1.0,Lombardia,Lombardia,VIRTUALDSD,1.0,MDM
DF_BULK_CEN2011_DICA_TRASVMAR,1.0,Marche,Marche,VIRTUALDSD,1.0,MDM
DF_BULK_CEN2011_DICA_TRASVMOL,1.0,Molise,Molise,VIRTUALDSD,1.0,MDM
DF_BULK_CEN2011_DICA_TRASVNPPROV,1.0,"Settore di attività (ICNPO), forma giuridica e classe di addetti - Dati fino al livello comunale","Sector of activity (ICNPO), legal form and size class of persons employed - Data until municipal level",VIRTUALDSD,1.0,MDM
DF_BULK_CEN2011_DICA_TRASVPIE,1.0,Piemonte,Piemonte,VIRTUALDSD,1.0,MDM
DF_BULK_CEN2011_DICA_TRASVPROV,1.0,Sedi e risorse umane,Units and human resources,VIRTUALDSD,1.0,MDM
DF_BULK_CEN2011_DICA_TRASVPUG,1.0,Puglia,Puglia,VIRTUALDSD,1.0,MDM
DF_BULK_CEN2011_DICA_TRASVSAR,1.0,Sardegna,Sardegna,VIRTUALDSD,1.0,MDM
DF_BULK_CEN2011_DICA_TRASVSIC,1.0,Sicilia,Sicilia,VIRTUALDSD,1.0,MDM
DF_BULK_CEN2011_DICA_TRASVTAA,1.0,Trentino Alto Adige / Südtirol,Trentino Alto Adige / Südtirol,VIRTUALDSD,1.0,MDM
DF_BULK_CEN2011_DICA_TRASVTOS,1.0,Toscana,Toscana,VIRTUALDSD,1.0,MDM
DF_BULK_CEN2011_DICA_TRASVUMB,1.0,Umbria,Umbria,VIRTUALDSD,1.0,MDM
DF_BULK_CEN2011_DICA_TRASVVDA,1.0,Valle d'Aosta / Vallée d'Aoste,Valle d'Aosta / Vallée d'Aoste,VIRTUALDSD,1.0,MDM
DF_BULK_CEN2011_DICA_TRASVVEN,1.0,Veneto,Veneto,VIRTUALDSD,1.0,MDM
DF_BULK_COECLASS,1.0,Classificazioni,Classifications,VIRTUALDSD,1.0,MDM
DF_BULK_COECPA,1.0,Classificazioni delle merci secondo le attività economiche (CPAteco 2007) e RPI,"Classification of Products by Activities, CPA and MIGs",VIRTUALDSD,1.0,MDM
DF_BULK_COECTCI,1.0,Classificazione tipo del commercio internazionale (CTCI),Standard international trade classification (SITC),VIRTUALDSD,1.0,MDM
DF_BULK_COEINDEXES,1.0,Numeri indici,Indexes,VIRTUALDSD,1.0,MDM
DF_BULK_COENOTES,1.0,Note sui dati e note metodologiche,Notes on data and methodological notes,VIRTUALDSD,1.0,MDM
DF_BULK_COENST,1.0,Nomenclatura uniforme delle merci per le statistiche dei trasporti (NST 2007),Standard goods classification for transport statistics (NST-2007),VIRTUALDSD,1.0,MDM
DF_BULK_COEPORTAL,1.0,Statistiche del commercio estero - Home page del portale,External Trade statistics - Data portal home page,VIRTUALDSD,1.0,MDM
DF_BULK_COESH6,1.0,Nomenclatura combinata (NC8) - sistema armonizzato (SH6),Combined Nomenclature (CN),VIRTUALDSD,1.0,MDM
DF_BULK_COMP_FRA_IND_MUN,1.0,Nota metodologica - Indice composito di fragilità comunale,Nota metodologica - Indice composito di fragilità comunale,VIRTUALDSD,1.0,MDM
DF_BULK_CPO2011_CUBO_LOC_TEST,1.0,Cubo_loc_TEST,Cubo_loc_TEST,VIRTUALDSD,1.0,MDM
DF_BULK_CPO2011_DCCV_OCCUP16,1.0,prova dim16,prova dim16,VIRTUALDSD,1.0,MDM
DF_BULK_CPO2011_DCCV_OCCUPATIT,1.0,Occupati,Employment,VIRTUALDSD,1.0,MDM
DF_BULK_CPO2011_DCCV_OCCUP_15,1.0,PROVA DIM15,PROVA DIM15,VIRTUALDSD,1.0,MDM
DF_BULK_CPO2011_DCSP_NIC1B2015,1.0,NIC - Dati mensili dal 2016,NIC - Monthly data from 2016 onwards,VIRTUALDSD,1.0,MDM
DF_BULK_CPO2011_DCSP_NICUNOBB2010,1.0,NIC – Dati mensili dal 2011,NIC – Monthly data from 2011 onwards,VIRTUALDSD,1.0,MDM
DF_BULK_CPO2011_DICA_ABIT_PR,1.0,Abitazioni occupate da persone residenti,Conventional dwellings occupied by resident persons,VIRTUALDSD,1.0,MDM
DF_BULK_CPO2011_DICA_ABIT_PR_COM,1.0,Abitazioni occupate da persone residenti - Dati comunali,Conventional dwellings occupied by resident persons - Municipal data,VIRTUALDSD,1.0,MDM
DF_BULK_CPO2011_DICA_ABIT_PR_COM1,1.0,Abitazioni occupate da persone residenti - Dati comunali,Conventional dwellings occupied by resident persons - Municipal data,VIRTUALDSD,1.0,MDM
DF_BULK_CPO2011_DICA_ALLOGGI,1.0,Alloggi,Housing units,VIRTUALDSD,1.0,MDM
DF_BULK_CPO2011_DICA_ALLOGGI_TEST,1.0,Alloggi - TEST,Housing units - TEST,VIRTUALDSD,1.0,MDM
DF_BULK_CPO2011_DICA_CARATT_ATTL,1.0,Caratteristiche dell'attività lavorativa,Characteristics of occupation,VIRTUALDSD,1.0,MDM
DF_BULK_CPO2011_DICA_CARATT_ATTL_COM,1.0,Occupati per sezioni di attività economica - Dati comunali,Employed persons by industry (branch of economic activity) - Municipal data,VIRTUALDSD,1.0,MDM
DF_BULK_CPO2011_DICA_CARATT_ATTL_TS,1.0,Occupati e in cerca di prima occupazione per titolo di studio,Employed persons and unemployed persons never worked before by certificate or degree obtained,VIRTUALDSD,1.0,MDM
DF_BULK_CPO2011_DICA_COMPOP,1.0,Numero di comuni e popolazione residente - Dati provvisori,Number of municipalities and resident population - Provisional data,VIRTUALDSD,1.0,MDM
DF_BULK_CPO2011_DICA_COMPOPDEF,1.0,Numero di comuni e popolazione residente - Dati definitivi,Number of municipalities and resident population - Final data,VIRTUALDSD,1.0,MDM
DF_BULK_CPO2011_DICA_CONDPROF,1.0,Condizione professionale o non professionale della popolazione residente,Current activity status of resident population,VIRTUALDSD,1.0,MDM
DF_BULK_CPO2011_DICA_CONDPROF_COP,1.0,Condizione professionale o non professionale dei componenti della coppia,Current activity status of partners in a couple,VIRTUALDSD,1.0,MDM
DF_BULK_CPO2011_DICA_CONDPROF_NUC,1.0,Condizione professionale o non professionale dei nuclei familiari costituiti da un solo genitore,Current activity status of lone parents,VIRTUALDSD,1.0,MDM
DF_BULK_CPO2011_DICA_CONDPROF_TEST,1.0,Condizione professionale o non professionale della popolazione residente_TEST,Current activity status of resident population_TEST,VIRTUALDSD,1.0,MDM
DF_BULK_CPO2011_DICA_CONV,1.0,Convivenze,Institutional households,VIRTUALDSD,1.0,MDM
DF_BULK_CPO2011_DICA_COPPIE1,1.0,Coppie,Couple families,VIRTUALDSD,1.0,MDM
DF_BULK_CPO2011_DICA_EDIFICI1,1.0,Edifici,Buildings,VIRTUALDSD,1.0,MDM
DF_BULK_CPO2011_DICA_EDIFICI1_COM,1.0,Edifici per stato d'uso,Utilized buildings,VIRTUALDSD,1.0,MDM
DF_BULK_CPO2011_DICA_EDIFICIRES,1.0,Edifici residenziali,Residential buildings,VIRTUALDSD,1.0,MDM
DF_BULK_CPO2011_DICA_FAMST_CARATT,1.0,Famiglie con almeno uno straniero residente,Famiglie con almeno uno straniero residente,VIRTUALDSD,1.0,MDM
DF_BULK_CPO2011_DICA_FAMST_CARATT1,1.0,Famiglie con almeno uno straniero residente per tipologia della famiglia,Private households with at least one foreign member by type of private household,VIRTUALDSD,1.0,MDM
DF_BULK_CPO2011_DICA_FAM_ABITBS,1.0,Famiglie per caratteristiche dell'abitazione e beni e servizi posseduti,Private households by conventional dwelling characteristics and goods and services,VIRTUALDSD,1.0,MDM
DF_BULK_CPO2011_DICA_FAM_ABITED,1.0,Famiglie in abitazione per caratteristiche dell'abitazione e dell'edificio,Private households by conventional dwelling and building characteristics,VIRTUALDSD,1.0,MDM
DF_BULK_CPO2011_DICA_FAM_CARATT,1.0,Caratteristiche delle famiglie,Private households characteristics,VIRTUALDSD,1.0,MDM
DF_BULK_CPO2011_DICA_FAM_CARATT1,1.0,Famiglie per titolo di godimento,Private households by tenure status of the household,VIRTUALDSD,1.0,MDM
DF_BULK_CPO2011_DICA_FAM_CARATT4,1.0,Famiglie per tipologia di famiglia,Private households by type of private household,VIRTUALDSD,1.0,MDM
DF_BULK_CPO2011_DICA_FAM_CARATT5,1.0,Famiglie per caratteristiche della persona di riferimento,Private household by characteristic of reference person,VIRTUALDSD,1.0,MDM
DF_BULK_CPO2011_DICA_FAM_CARATT_TEST_NOTA,1.0,Caratteristiche delle famiglie - test nota,Private households characteristics - test nota,VIRTUALDSD,1.0,MDM
DF_BULK_CPO2011_DICA_FORMAZIONE1,1.0,Popolazione  residente che ha concluso o frequenta corsi di formazione professionale,Resident  population who has attained or attend vocational training courses,VIRTUALDSD,1.0,MDM
DF_BULK_CPO2011_DICA_GRADOISTR,1.0,Grado di istruzione della popolazione residente di 6 anni e più,Educational attainment of resident population aged 6 years and over,VIRTUALDSD,1.0,MDM
DF_BULK_CPO2011_DICA_GRADOISTR1,1.0,Grado di istruzione dettagliato della popolazione residente di 6 anni e più,Detailed educational attainment of resident population aged 6 years and over,VIRTUALDSD,1.0,MDM
DF_BULK_CPO2011_DICA_INDIC_EDU,1.0,Indicatori relativi all'istruzione,Educational attainment status rate,VIRTUALDSD,1.0,MDM
DF_BULK_CPO2011_DICA_INDIC_LAV,1.0,Indicatori relativi al lavoro,Current activity status rate,VIRTUALDSD,1.0,MDM
DF_BULK_CPO2011_DICA_ISCRFREQ,1.0,Popolazione residente che frequenta o è iscritta ad un corso regolare di studi,Resident population who attend or enrolled at the school,VIRTUALDSD,1.0,MDM
DF_BULK_CPO2011_DICA_LCAB_AE,1.0,Abitazioni ed edifici per tipo di località abitata,Conventional dwellings and buildings by type of locality,VIRTUALDSD,1.0,MDM
DF_BULK_CPO2011_DICA_LCAB_PF,1.0,Popolazione residente e famiglie per tipo di località abitata,Resident population and private households by type of locality,VIRTUALDSD,1.0,MDM
DF_BULK_CPO2011_DICA_NUCLEI,1.0,Nuclei familiari,Family nuclei,VIRTUALDSD,1.0,MDM
DF_BULK_CPO2011_DICA_PEND,1.0,Spostamenti per studio o lavoro,Commuting for studying or working,VIRTUALDSD,1.0,MDM
DF_BULK_CPO2011_DICA_POPALED,1.0,"Popolazione residente, alloggi ed edifici - Dati provvisori","Resident population, dwellings and buildings - Provisional data",VIRTUALDSD,1.0,MDM
DF_BULK_CPO2011_DICA_POPINALL,1.0,Popolazione residente in famiglia che vive in alloggio,Resident population in private household living in a housing unit,VIRTUALDSD,1.0,MDM
DF_BULK_CPO2011_DICA_POPINCV,1.0,Popolazione in convivenza,Population in institutional household,VIRTUALDSD,1.0,MDM
DF_BULK_CPO2011_DICA_POPINFM,1.0,Popolazione residente in famiglia,Resident population in private household,VIRTUALDSD,1.0,MDM
DF_BULK_CPO2011_DICA_POPINFM1,1.0,Popolazione residente in famiglia per tipologia della famiglia,Resident population in private household by type of private household,VIRTUALDSD,1.0,MDM
DF_BULK_CPO2011_DICA_POPLEGALE,1.0,Popolazione residente - Dati definitivi,Resident population - Final data,VIRTUALDSD,1.0,MDM
DF_BULK_CPO2011_DICA_POP_RESPRE,1.0,Popolazione residente e popolazione presente,Resident population and present population,VIRTUALDSD,1.0,MDM
DF_BULK_CPO2011_DICA_POP_RSPR_CITT1,1.0,Popolazione residente per cittadinanza - comuni,Resident population by citizenship - municipalities,VIRTUALDSD,1.0,MDM
DF_BULK_CPO2011_DICA_POP_RSPR_CITT2,1.0,Popolazione residente per cittadinanza,Resident population by citizenship,VIRTUALDSD,1.0,MDM
DF_BULK_CPO2011_DICA_POP_RS_DMP1,1.0,Popolazione residente: luogo di nascita e dimora precedente,Resident population: place of birth and previous place of usual residence,VIRTUALDSD,1.0,MDM
DF_BULK_CPO2011_DICA_STANZE,1.0,Stanze in abitazioni occupate da persone residenti,Rooms in conventional dwellings occupied by resident persons,VIRTUALDSD,1.0,MDM
DF_BULK_CPO2011_DICA_TITPOST,1.0,Popolazione residente che ha conseguito titoli di studio post-laurea o post-diploma AFAM,Resident population with  post-university specialization or post-diploma AFAM,VIRTUALDSD,1.0,MDM
DF_BULK_CPO2011_DICA_TITSTUDIO,1.0,Titolo di studio della popolazione residente di 6 anni e più,Certificate or degree obtained by resident population 6 years and over,VIRTUALDSD,1.0,MDM
DF_BULK_CPO2011_DS_POP_INFAMCONV_TEST,1.0,ds pop in fam conv,ds pop in fam conv,VIRTUALDSD,1.0,MDM
DF_BULK_CPO2011_DS_SSA_TEST,1.0,ds  serie storiche alloggi,ds  serie storiche alloggi,VIRTUALDSD,1.0,MDM
DF_BULK_CPO2011_DS_SSF_TEST,1.0,ds  serie storiche famiglie,ds  serie storiche famiglie,VIRTUALDSD,1.0,MDM
DF_BULK_CPO2011_DS_SSP_TEST,1.0,ds  serie storiche popolazione,ds  serie storiche popolazione,VIRTUALDSD,1.0,MDM
DF_BULK_CPO2011_DS_SS_TEST,1.0,ds  serie storiche,ds  serie storiche,VIRTUALDSD,1.0,MDM
DF_BULK_CPO2011_DS_STRANIERI_TEST,1.0,ds stranieri,ds stranieri,VIRTUALDSD,1.0,MDM
DF_BULK_CPO2011_DS_TEST_PUT,1.0,ds test put,ds test put,VIRTUALDSD,1.0,MDM
DF_BULK_CRIMESINTO,1.0,"Delitti in totale e delitti commessi da autori noti, per tipo di delitto – Anni 1983-2003","Crimes in total and crimes committed by known offender, by type of crime – Years 1983-2003",VIRTUALDSD,1.0,MDM
DF_BULK_CRIMESPERS,1.0,"Delitti, persone e condannati serie 1985-2008","Crimes, persons and convicted persons series 1985-2008",VIRTUALDSD,1.0,MDM
DF_BULK_DCCN_FPA,1.0,Raccordo tra fabbisogno del settore pubblico ed indebitamento netto delle amministrazioni pubbliche,Transition between working balance and net borrowing,VIRTUALDSD,1.0,MDM
DF_BULK_DCCV_INCOME_GINI,1.0,Nota sul reddito familiare e sull'indice di Gini,Note on household income and on Gini coefficient,VIRTUALDSD,1.0,MDM
DF_BULK_DCIS_SPESESERSOC1,1.0,Interventi e servizi sociali dei comuni -  BULKDOWNLOAD,Social services and benefits of municipalities - BULKDOWNLOAD,VIRTUALDSD,1.0,MDM
DF_BULK_DCSC_CAPACOFTUR,1.0,Capacità degli esercizi ricettivi per tipo di alloggio e per comune,Capacity of collective tourist accommodation by type of accommodation and municipality,VIRTUALDSD,1.0,MDM
DF_BULK_DCSC_OCCUPCOLLE,1.0,"Movimento dei clienti (arrivi e presenze) negli esercizi ricettivi per tipologia ricettiva, residenza dei clienti e comune di destinazione",Occupancy in collective accommodation establishments at municipality level by type of accomodation and residence of guests,VIRTUALDSD,1.0,MDM
DF_BULK_DCSC_TURISAREA,1.0,"Movimento dei clienti (arrivi e presenze) negli esercizi ricettivi per aree e classificazioni territoriali (brand turistici, urbanizzazione, comuni costieri e altre classificazioni)","Occupancy in collective accommodation establishments by touristical areas and classifications (brands, degree of urbanisation, coastal municipalities and other classification",VIRTUALDSD,1.0,MDM
DF_BULK_DCSP_FOI1B2010_TB4,1.0,Tabelle dei coefficienti di raccordo dalla base precedente alla base 2010,Splicing coefficient table from previous base to base 2010,VIRTUALDSD,1.0,MDM
DF_BULK_DCSP_FOI1B2015_NUTS3,1.0,Tabella dei coefficienti di raccordo dalla base precedente alla base 2010 e alla base 2015 - per provincia,Splicing coefficients from base 1995 to base 2010 and from base 2010 to base 2015,VIRTUALDSD,1.0,MDM
DF_BULK_DCSP_FOI1B2015_TB4,1.0,Splicing coefficients from base 1995 to base 2010 and from base 2010 to base 2015,Splicing coefficients from base 1995 to base 2010 and from base 2010 to base 2015,VIRTUALDSD,1.0,MDM
DF_BULK_DCSP_FOI1B2025_TB1,1.0,Tabelle dei coefficienti di raccordo dalla base 1995 al 2010 - base 2010 al 2015 - base 2015 al 2025 - Codici Ecoicop 2,Splicing coefficient table previous base from 1995 to 2010 - from 2010 to 2015 - from 2015 to 2025 - Codes Ecoicop 2,VIRTUALDSD,1.0,MDM
DF_BULK_DCSP_NIC1B2015_NUTS1,1.0,Tabella dei coefficienti di raccordo da base dicembre 1998 a base 2010 e da base 2010 a base 2015 - per ripartizione,Splicing coefficient table from base December 1998 to base 2010 and from base 2010 to base 2015,VIRTUALDSD,1.0,MDM
DF_BULK_DCSP_NIC1B2015_NUTS2,1.0,Tabella dei coefficienti di raccordo da base dicembre 1998 a base 2010 e da base 2010 a base 2015 - per regione,Splicing coefficient table from base December 1998 to base 2010 and from base 2010 to base 2015 - by region,VIRTUALDSD,1.0,MDM
DF_BULK_DCSP_NIC1B2015_NUTS3,1.0,"Tabella dei coefficienti di raccordo dalla base precedente alla base 2010 e dalla base 2010 alla base 2015, per provincia",Splicing coefficient table from previous base to base 2010 and from base 2010 to base 2015 - by province,VIRTUALDSD,1.0,MDM
DF_BULK_DCSP_NIC1B2015_RECONNIC,1.0,RICOSTRUZIONE STORICA DEGLI INDICI DEI PREZZI AL CONSUMO PER L'INTERA COLLETTIVITA' (NIC) IN BASE 2015 =100 PER GLI ANNI 1996-2015,Reconstruction of Italian Consumer Price Indices for whole nation (NIC) in reference base year 2015 for the period 1996-2015,VIRTUALDSD,1.0,MDM
DF_BULK_DCSP_NIC1B2015_SPLICECO,1.0,Tabella dei coefficienti di raccordo da base Dicembre 1998 a base 2010 e da base 2010 a base 2015 per ECOICOP per area geografica,CPI by special aggregates - Splicing coefficients ECOICOP group level from base December 1998 to base 2010 and from base 2010 to 2015 for geographic area,VIRTUALDSD,1.0,MDM
DF_BULK_DCSP_NIC1B2015_SPLICI,1.0,Tabella dei coefficienti di raccordo da base 2010 a base 2015 per aggregati speciali e per area geografica,CPI by special aggregates - Splicing coefficients table for geographic area from base 2010 to base 2015,VIRTUALDSD,1.0,MDM
DF_BULK_DCSP_NIC1B2015_TB2,1.0,Tabella di corrispondenza classificazione e coefficienti di raccordo da base 1995 a base 2010 e da base 2010 a base 2015,Correspondence table and splicing coefficient from base 1995 to base 2010 and from base 2010 to base 2015,VIRTUALDSD,1.0,MDM
DF_BULK_DCSP_NIC1B2015_TB3,1.0,Aggregati speciali NIC  - Coefficienti di raccordo da base 1995 a base 2010 e da base 2010 a base 2015,CPI by special aggregates - Splicing coefficients from base 1995 to base 2010 and from base 2010 to 2015,VIRTUALDSD,1.0,MDM
DF_BULK_DCSP_NIC1B2025_TB1,1.0,Tabelle dei coefficienti di raccordo dalla base 1995 al 2010 - base 2010 al 2015 - base 2015 al 2025 - Codici Ecoicop 2,Splicing coefficient table previous base from 1995 to 2010 - from 2010 to 2015 - from 2015 to 2025 - Codes Ecoicop 2,VIRTUALDSD,1.0,MDM
DF_BULK_DCSP_NIC1B2025_TB2,1.0,Tabelle dei coefficienti di raccordo dalla base 1995 al 2010 - base 2010 al 2015 - base 2015 al 2025 - Tipologie di prodotto,Splicing coefficient table previous base from 1995 to 2010 - from 2010 to 2015 - from 2015 to 2025 - Product typology,VIRTUALDSD,1.0,MDM
DF_BULK_DCSP_NIC1B2025_TB3,1.0,Tabelle dei coefficienti di raccordo da base 2015 a base 2025 per regione (Ecoicopv2),Splicing coefficient table from base 2015 to base 2025 by region (ECOICOP v2),VIRTUALDSD,1.0,MDM
DF_BULK_DCSP_NICDUEB2010_CPI,1.0,Ricostruzione storica degli indici dei prezzi al consumo per l'intera collettività (NIC) in base 2010=100 per gli anni 1996-2010,Reconstruction of Italian Consumer Price Indices for whole nation (NIC) in reference base year 2010 for the period 1996-2010,VIRTUALDSD,1.0,MDM
DF_BULK_DCSP_NICDUEB2010_TB2,1.0,Tabella di corrispondenza classificazione e coefficienti di raccordo da base 1995 a base 2010,Correspondence table and splicing coefficient from base 1995 to base 2010,VIRTUALDSD,1.0,MDM
DF_BULK_DCSP_NICDUEB2010_TB3,1.0,"Tabelle dei coefficienti di raccordo dalla base precedente a base 2010 per ripartizione geografica, regione, provincia e aggregati speciali",Splicing coefficient table from previous base to base 2010,VIRTUALDSD,1.0,MDM
DF_BULK_DCSP_NICUNOBB2010_CPI,1.0,Ricostruzione storica degli indici dei prezzi al consumo per l'intera collettività (NIC) in base 2010=100 per gli anni 1996-2010,Reconstruction of Italian Consumer Price Indices for whole nation (NIC) in reference base year 2010 for the period 1996-2010,VIRTUALDSD,1.0,MDM
DF_BULK_DCSP_NICUNOBB2010_NIC,1.0,Dettaglio composizione degli aggregati speciali NIC,NIC Special Aggregates Detail,VIRTUALDSD,1.0,MDM
DF_BULK_DCSP_NICUNOBB2010_TB2,1.0,Tabella di corrispondenza classificazione e coefficienti di raccordo da base 1995 a base 2010,Correspondence table and splicing coefficient from base 1995 to base 2010,VIRTUALDSD,1.0,MDM
DF_BULK_DCSP_NICUNOBB2010_TB3,1.0,"Tabelle dei coefficienti di raccordo dalla base precedente a base 2010 per ripartizione geografica, regione, provincia e aggregati speciali",Splicing coefficient table from previous base to base 2010,VIRTUALDSD,1.0,MDM
DF_BULK_DIPS_SIR_IND_TERR_DRT,1.0,Nota metodologica - imprese,Methodological note - enterprises,VIRTUALDSD,1.0,MDM
DF_BULK_DIPS_SIR_IND_TERR_DRT_OCC_RBI,1.0,Nota metodologica - occupazione nelle imprese,Methodological note - employment in enterprises,VIRTUALDSD,1.0,MDM
DF_BULK_DIVORCESSE,1.0,Divorzi serie 1980-2007,Divorces series 1980-2007,VIRTUALDSD,1.0,MDM
DF_BULK_ENTERPRISE,1.0,Imprese - Occupazione dal 2018 al 2024,Enterprises - Employment from 2018 to 2024,VIRTUALDSD,1.0,MDM
DF_BULK_ENT_GEN,1.0,Quota occupazione femminile (parità di genere) 2022 e 2023,Female employment rate (gender equality) 2022 and 2023,VIRTUALDSD,1.0,MDM
DF_BULK_ENT_PERS_EMPL,1.0,Tavole aggiuntive per imprese e addetti_1997_2011,Tavole aggiuntive per imprese e addetti_1997_2011,VIRTUALDSD,1.0,MDM
DF_BULK_FARMSTRUCT,1.0,Struttura delle aziende agricole serie interrotte 2003-2007,Farm structure broken time series 2003-2007,VIRTUALDSD,1.0,MDM
DF_BULK_FISHERYBRO,1.0,Pesca serie interrotte 2001-2019,Fishery broken time series 2001-2019,VIRTUALDSD,1.0,MDM
DF_BULK_FLOWERSBRO,1.0,Fiori serie interrotte 2002-2007,Flowers broken time series 2002-2007,VIRTUALDSD,1.0,MDM
DF_BULK_FORESTRYBR,1.0,Foreste o silvicoltura serie interrotte 2001-2015,Forestry broken time series 2001-2015,VIRTUALDSD,1.0,MDM
DF_BULK_GLOSSARYDE,1.0,Glossario Popolazione residente - bilancio,Glossario Popolazione residente - bilancio,VIRTUALDSD,1.0,MDM
DF_BULK_GLOSSARYST,1.0,Glossario Stranieri residenti - Bilancio,Glossario Stranieri residenti - Bilancio,VIRTUALDSD,1.0,MDM
DF_BULK_HIGHSCHOOL,1.0,Diplomati serie 1998-2007,High school graduates series 1998-2007,VIRTUALDSD,1.0,MDM
DF_BULK_HOURLYWAGE,1.0,Retribuzione oraria e per dipendente (base 2000),Hourly wages and wages per employee (base 2000),VIRTUALDSD,1.0,MDM
DF_BULK_HUNTINGBRO,1.0,Caccia serie interrotte 2001-2008,Hunting broken time series 2001-2008,VIRTUALDSD,1.0,MDM
DF_BULK_HVD,1.0,HVD,HVD,VIRTUALDSD,1.0,MDM
DF_BULK_LOCALUNITS,1.0,Unità locali - Occupazione dal 2018 al 2023,Local units - Employment from 2018 to 2023,VIRTUALDSD,1.0,MDM
DF_BULK_NOTASULTAS,1.0,Nota sul tasso standardizzato di mortalità,Note on the standardised mortality rate,VIRTUALDSD,1.0,MDM
DF_BULK_PEND_LAV_2021_1,1.0,Matrice di pendolarismo per lavoro,Commuting matrix for work,VIRTUALDSD,1.0,MDM
DF_BULK_PEND_LAV_2021_2,1.0,Matrice di pendolarismo per lavoro - leggimi,Commuting matrix for work - info,VIRTUALDSD,1.0,MDM
DF_BULK_PEND_STU_2021_1,1.0,Matrice di pendolarismo per studio,Commuting matrix for study,VIRTUALDSD,1.0,MDM
DF_BULK_PEND_STU_2021_2,1.0,Matrice di pendolarismo per studio - leggimi,Commuting matrix for study - info,VIRTUALDSD,1.0,MDM
DF_BULK_PERMANENTC,1.0,Coltivazioni legnose agrarie serie interrotte 2002-2017,Permanent crops broken time series 2002-2017,VIRTUALDSD,1.0,MDM
DF_BULK_POPOLAZION,1.0,Popolazione  per condizione professionale e sesso – Tabella di sintesi - Dati trimestrali,POPULATION  BY LABOUR STATUS AND GENDER - summary table - quarterly data,VIRTUALDSD,1.0,MDM
DF_BULK_PREVIOUSBA,1.0,Basi precedenti,Previous basis,VIRTUALDSD,1.0,MDM
DF_BULK_PROCEEDING,1.0,Procedimenti e decisioni serie 1980-2008,Proceedings and decisions series 1980-2008,VIRTUALDSD,1.0,MDM
DF_BULK_PROTECTION,1.0,"Tutela, affidamento e adozioni dei minori e Procedimenti civili serie interrrotte 1990-2007","Protection, Fostering and Adoption of minor children and Civil proceedings broken time series 1990-2007",VIRTUALDSD,1.0,MDM
DF_BULK_PROTESTSSE,1.0,Protesti serie 1990-2009,Protests series 1990-2009,VIRTUALDSD,1.0,MDM
DF_BULK_PUBLISHEDB,1.0,Opere librarie pubblicate serie 1984-2009,Published books series 1984-2009,VIRTUALDSD,1.0,MDM
DF_BULK_REPORTSOFP,1.0,"Segnalazioni relative a persone e a minori denunciati, per tipo di delitto – Anni 1983-2003","Reports of persons, in total and minors, suspected to have committed crime, by type of crime – Years 1983-2003",VIRTUALDSD,1.0,MDM
DF_BULK_SCHOOLSSER,1.0,Scuole serie 2002-2009,Schools series 2002-2009,VIRTUALDSD,1.0,MDM
DF_BULK_SEEDSBROKE,1.0,Sementi serie interrotte 2003-2010,Seeds broken time series 2003-2010,VIRTUALDSD,1.0,MDM
DF_BULK_SEPARATION,1.0,Separazioni serie 1980-2007,Separations series 1980-2007,VIRTUALDSD,1.0,MDM
DF_BULK_STATEARCHI,1.0,Archivi di stato 2008,State Archives 2008,VIRTUALDSD,1.0,MDM
DF_BULK_STATEOWNED,1.0,Biblioteche pubbliche statali serie 1985-2008,State owned libraries series 1985-2008,VIRTUALDSD,1.0,MDM
DF_BULK_STIMEPERGR,1.0,Stime per grandi comuni e errori campionari- aggiornamento media annua,Estimates for large municipalities and sampling errors - annual average update ​,VIRTUALDSD,1.0,MDM
DF_BULK_SUBCOM1991,1.0,Censimento della popolazione e delle abitazioni 1991,Census of population and housing 1991,VIRTUALDSD,1.0,MDM
DF_BULK_SUBCOM2001,1.0,Censimento della popolazione e delle abitazioni 2001,Census of population and housing 2001,VIRTUALDSD,1.0,MDM
DF_BULK_SUBCOM2011,1.0,Censimento della popolazione e delle abitazioni 2011,Census of population and housing 2011,VIRTUALDSD,1.0,MDM
DF_BULK_SUBCOM2021,1.0,Dati comuni capoluogo delle citta' metropolitane_,Dati comuni capoluogo delle citta' metropolitane_,VIRTUALDSD,1.0,MDM
DF_BULK_SUBCOM2023,1.0,Dati comuni capoluogo delle città metropolitane,Dati comuni capoluogo delle città metropolitane,VIRTUALDSD,1.0,MDM
DF_BULK_SUBREG2021,1.0,Dati regionali,Regional data,VIRTUALDSD,1.0,MDM
DF_BULK_SUBREG2023,1.0,Dati regionali,Regional data,VIRTUALDSD,1.0,MDM
DF_BULK_SUBREG_CORRIS,1.0,Corrispondenza tra il codice e il nome della Regione,Correspondence between the code and the name of the Region,VIRTUALDSD,1.0,MDM
DF_BULK_SUICIDESAN,1.0,Suicidi e tentativi di suicidio serie interrotte 1985-2008,Suicides and suicide attempts broken time series 1985-2008,VIRTUALDSD,1.0,MDM
DF_BULK_SUICIDI,1.0,Suicidi e malattie associate - metadati,Suicide and associated comorbidity - metadata,VIRTUALDSD,1.0,MDM
DF_BULK_SURVEYCALE,1.0,Calendario della rilevazione (Estimative),Survey calendar (Estimate of crop),VIRTUALDSD,1.0,MDM
DF_BULK_UNIVERSITY,1.0,Università serie 2002-2007,University series 2002-2007,VIRTUALDSD,1.0,MDM
DF_BULK_UNIVERSITY_DEGREE,1.0,Laureati serie 1998-2007,University graduates series 1998-2007,VIRTUALDSD,1.0,MDM
DF_BULK_WAGESACCOR,1.0,Retribuzioni contrattuali (base 2000),Wages according to collective labour agreements (base 2000),VIRTUALDSD,1.0,MDM
DF_CENSAGRIC2020_AGE_TRA,1.0,Aziende con corsi di formazione per età del capo azienda,Farms with agricultural training by age of the manager,DCAT_CENSAGRIC2020_AGE,1.0,IT1
DF_COMP_FRA_IND_MUNICIPAL_01,1.0,Indice composito di fragilità e sue componenti - livello comunale,Composite fragility index - all municipalities,COMP_FRA_IND_MUNICIPAL,1.0,IT1
DF_COMP_FRA_IND_MUNICIPAL_02,1.0,Indice composito di fragilità e sue componenti - per singolo comune,Composite fragility index - by single municipality,COMP_FRA_IND_MUNICIPAL,1.0,IT1
DF_DCAT_CENSAGRIC2020_AGE,1.0,"Aziende e superficie utilizzata e aziende biologiche, per età del capo azienda","Farms and utilized agricultural area and organic farms, by age of the manager",DCAT_CENSAGRIC2020_AGE,1.0,IT1
DF_DCAT_CENSAGRIC2020_AGE_ASS,1.0,Aziende per tipo di associazionismo ed età del capo azienda,Farms by type of association and age of the manager,DCAT_CENSAGRIC2020_AGE_ASS,1.0,IT1
DF_DCAT_CENSAGRIC2020_AGE_EDU,1.0,Aziende per titolo di studio ed età del capo azienda,Farms by educational level and age of the manager,DCAT_CENSAGRIC2020_AGE_EDU,1.0,IT1
DF_DCAT_CENSAGRIC2020_AGE_GAIN,1.0,Aziende con attività connesse per età del capo azienda,Farms with gainful activities by age of the manager,DCAT_CENSAGRIC2020_AGE_GAIN,1.0,IT1
DF_DCAT_CENSAGRIC2020_AGE_GAIN_SPA2023_1,1.0,Aziende con attività connesse,Farms with gainful activities,DCAT_CENSAGRIC2020_AGE_GAIN,1.0,IT1
DF_DCAT_CENSAGRIC2020_AGE_INV,1.0,Aziende per tipo di investimento ed età del capo azienda,Farms by type of investment and age of the manager,DCAT_CENSAGRIC2020_AGE_INV,1.0,IT1
DF_DCAT_CENSAGRIC2020_AGE_INV_SPA2023_1,1.0,Aziende con investimenti,Farms with investments,DCAT_CENSAGRIC2020_AGE_INV,1.0,IT1
DF_DCAT_CENSAGRIC2020_AGE_MANDUR,1.0,Aziende per durata della conduzione ed età del capo azienda,Farms by management duration and age of the manager,DCAT_CENSAGRIC2020_AGE_MANDUR,1.0,IT1
DF_DCAT_CENSAGRIC2020_AGE_MANTOV,1.0,"Aziende per soggetto da cui è stata rilevata la conduzione, per età del capo azienda",Farms by entity from which the management of the farm is taken over by age of the manager,DCAT_CENSAGRIC2020_AGE_MANTOV,1.0,IT1
DF_DCAT_CENSAGRIC2020_AGE_MAR,1.0,Aziende per tipo di commercializzazione ed età del capo azienda,Farms by type of marketing channel and age of the manager,DCAT_CENSAGRIC2020_AGE_MAR,1.0,IT1
DF_DCAT_CENSAGRIC2020_AGE_OWN,1.0,Aziende e superifici per titolo di possesso ed età del capo azienda,Farms and areas by ownership and age of the manager,DCAT_CENSAGRIC2020_AGE_OWN,1.0,IT1
DF_DCAT_CENSAGRIC2020_AGE_SELF,1.0,Aziende per autoconsumo della produzione finale ed età del capo azienda,Farms by self-consumption of final production and age of the manager,DCAT_CENSAGRIC2020_AGE_SELF,1.0,IT1
DF_DCAT_CENSAGRIC2020_AU_CATTLE_1,1.0,Unità agricole e numero di capi per tipo di allevamento e zona altimetrica,Agricultural units and number of heads by type of livestock and altimetric zone,DCAT_CENSAGRIC2020_UA_CATTLE,1.0,IT1
DF_DCAT_CENSAGRIC2020_CATTLE_ALL,1.0,Aziende e capi per tipo di allevamento,Farms and herd by type of livestock,DCAT_CENSAGRIC2020_CATTLE,1.0,IT1
DF_DCAT_CENSAGRIC2020_CATTLE_SPA2023_1,1.0,Aziende e capi per tipo di allevamento,Farms and herd by type of livestock,DCAT_CENSAGRIC2020_CATTLE,1.0,IT1
DF_DCAT_CENSAGRIC2020_CROPS_ALL,1.0,Aziende con superficie agricola utilizzata per tipo di coltivazione,Farms with utilised agricultural area by type of crops,DCAT_CENSAGRIC2020_CROPS,1.0,IT1
DF_DCAT_CENSAGRIC2020_CROPS_SPA2023_1,1.0,Aziende con superficie agricola utilizzata per tipo di coltivazione,Farms and agricoltural area by crops,DCAT_CENSAGRIC2020_CROPS,1.0,IT1
DF_DCAT_CENSAGRIC2020_ECSIZE_ALL,1.0,Dimensione economica e orientamento tecnico economico,Economic size and farm typology,DCAT_CENSAGRIC2020_ECSIZE,1.0,IT1
DF_DCAT_CENSAGRIC2020_INV_ALL,1.0,Aziende con investimenti,Farms with investments,DCAT_CENSAGRIC2020_INV,1.0,IT1
DF_DCAT_CENSAGRIC2020_IRRCROPS_SPA2023_1,1.0,Aziende e superfici irrigate per tipo di coltivazione,Farms and irrigated areas by crops,DCAT_CENSAGRIC2020_IRRCROPS,1.0,IT1
DF_DCAT_CENSAGRIC2020_IRRSIS,1.0,Aziende e superfici irrigate per sistema di irrigazione,Farms and irrigated areas by irrigation system,DCAT_CENSAGRIC2020_IRRSIS,1.0,IT1
DF_DCAT_CENSAGRIC2020_IRRSIS_SPA2023,1.0,Aziende e superfici irrigate per sistema di irrigazione,Farms and irrigated areas by irrigation system,DCAT_CENSAGRIC2020_IRRSIS,1.0,IT1
DF_DCAT_CENSAGRIC2020_IRRSOU,1.0,Aziende e superfici irrigate per fonte di approvvigionamento,Farms and irrigated areas by source of supply,DCAT_CENSAGRIC2020_IRRSOU,1.0,IT1
DF_DCAT_CENSAGRIC2020_IRRSOU_SPA2023_1,1.0,Aziende e superfici irrigate per fonte di approvvigionamento,Farms and irrigated areas by source of supply,DCAT_CENSAGRIC2020_IRRSOU,1.0,IT1
DF_DCAT_CENSAGRIC2020_LABCAT_ALL,1.0,Aziende e giornate di lavoro per sesso e categoria di manodopera,Farms and labour days by gender and labor category,DCAT_CENSAGRIC2020_LABCAT,1.0,IT1
DF_DCAT_CENSAGRIC2020_LABCAT_SPA2023_1,1.0,Aziende e giornate di lavoro per sesso e categoria di manodopera,Farms and labour days by gender and labor category,DCAT_CENSAGRIC2020_LABCAT,1.0,IT1
DF_DCAT_CENSAGRIC2020_LEGOWN_ALL,1.0,Aziende e superfici per forma giuridica e titolo di possesso,Farms and areas by legal form and ownership,DCAT_CENSAGRIC2020_LEGOWN,1.0,IT1
DF_DCAT_CENSAGRIC2020_LEGOWN_SPA2023_1,1.0,Aziende e superfici per forma giuridica e titolo di possesso,Farms and areas by legal form and ownership,DCAT_CENSAGRIC2020_LEGOWN,1.0,IT1
DF_DCAT_CENSAGRIC2020_ORG_CATTLE_ALL,1.0,Aziende e capi per tipo di allevamento biologico,Farms and herd by type of organic livestock,DCAT_CENSAGRIC2020_CATTLE,1.0,IT1
DF_DCAT_CENSAGRIC2020_ORG_CROPS,1.0,Aziende con superfice biologica per tipo di coltivazione,Organic farms and area by organic crops,DCAT_CENSAGRIC2020_CROPS,1.0,IT1
DF_DCAT_CENSAGRIC2020_QUAL_ALL,1.0,"Numero e giornate di lavoro del capo azienda per titolo di studio, categoria di manodopera del capo azienda, sesso, età del capo azienda","Number of farm managers and working days by qualification, workforce category, gender, age of the manager",DCAT_CENSAGRIC2020_QUAL,1.0,IT1
DF_DCAT_CENSAGRIC2020_QUAL_SPA2023_1,1.0,"Numero e giornate di lavoro del capo azienda per titolo di studio, categoria di manodopera del capo azienda, sesso, età del capo azienda","Number of farm managers and working days by qualification, workforce category, gender, age of the manager",DCAT_CENSAGRIC2020_QUAL,1.0,IT1
DF_DCAT_CENSAGRIC2020_SAUAZONE_SPA2023_1,1.0,Aziende per classi di superfici (SAU),Farms by class of agricoltural area (UAA),DCAT_CENSAGRIC2020_SAU_AZONE,1.0,IT1
DF_DCAT_CENSAGRIC2020_SAU_AZONE_ALL,1.0,Aziende per classi di superfici (SAU) e zona altimetrica,Farms by class of agricoltural area (UAA) and altimetric zone,DCAT_CENSAGRIC2020_SAU_AZONE,1.0,IT1
DF_DCAT_CENSAGRIC2020_SAU_SELF,1.0,Aziende per quota di autoconsumo,Farms by level of self-consumption,DCAT_CENSAGRIC2020_SAU_SELF,1.0,IT1
DF_DCAT_CENSAGRIC2020_SAU_SELF_SPA2023_1,1.0,Aziende per quota di autoconsumo e classe di superficie,Farms by level of self-consumption and agricoltural areas,DCAT_CENSAGRIC2020_SAU_SELF,1.0,IT1
DF_DCAT_CENSAGRIC2020_SAU_SUBC,1.0,Aziende per tipo di contoterzismo e classe di superfice,Farms by type of subcontracting and areas class,DCAT_CENSAGRIC2020_SAU_SUBC,1.0,IT1
DF_DCAT_CENSAGRIC2020_SAU_SUBC_SPA2023_1,1.0,Aziende con contoterzismo e classe di superfice,Farms with subcontracting and areas class,DCAT_CENSAGRIC2020_SAU_SUBC,1.0,IT1
DF_DCAT_CENSAGRIC2020_SAU_TURN,1.0,Aziende per fonte di ricavo e classe di superfice,Farms by source of revenue and areas class,DCAT_CENSAGRIC2020_SAU_TURN,1.0,IT1
DF_DCAT_CENSAGRIC2020_SAU_TURN_1,1.0,Aziende per fonte di ricavo e classe di superficie,Farms by source of revenue and areas class,DCAT_CENSAGRIC2020_SAU_TURN,1.0,IT1
DF_DCAT_CENSAGRIC2020_SURF_ALL,1.0,Aziende agricole e superfici,Farms and areas,DCAT_CENSAGRIC2020_SURF,1.0,IT1
DF_DCAT_CENSAGRIC2020_SURF_IRRCROPS,1.0,Aziende e superfici irrigate per tipo di coltivazione,Farms and irrigated areas by crops,DCAT_CENSAGRIC2020_IRRCROPS,1.0,IT1
DF_DCAT_CENSAGRIC2020_SURF_IRR_CONS,1.0,"Aziende e superfici irrigabili, irrigate, consulenza irrigua","Farms and areas irrigable, irrigated, irrigation consultancy",DCAT_CENSAGRIC2020_SURF,1.0,IT1
DF_DCAT_CENSAGRIC2020_SURF_SPA2023_1,1.0,Aziende agricole e superfici,Farms and areas,DCAT_CENSAGRIC2020_SURF,1.0,IT1
DF_DCAT_CENSAGRIC2020_SURF_SPA2023_2,1.0,"Aziende e superfici irrigabili, irrigate, consulenza irrigua","Farms and areas irrigable, irrigated, irrigation consultancy",DCAT_CENSAGRIC2020_SURF,1.0,IT1
DF_DCAT_CENSAGRIC2020_TRAI_ALL,1.0,"Capi azienda con corsi di formazione, per sesso ed età","Company managers with training courses, by gender and age",DCAT_CENSAGRIC2020_TRAI,1.0,IT1
DF_DCAT_CENSAGRIC2020_TRAI_SPA2023,1.0,"Capi azienda con corsi di formazione, per sesso ed età","Company managers with training courses, by gender and age",DCAT_CENSAGRIC2020_TRAI,1.0,IT1
DF_DCAT_CENSAGRIC2020_UA_CROPS_1,1.0,Unità agricole e superfici per zona altimentrica,Agricultural units and areas by altimetric zone,DCAT_CENSAGRIC2020_UA_CROPS,1.0,IT1
DF_DCAT_CENSAGRIC2020_UA_CROPS_2,1.0,Unità agricole con superficie agricola utilizzata per tipo di coltivazione e zona altimetrica,Agricultural units and agricoltural area by crops and altimetric zone,DCAT_CENSAGRIC2020_UA_CROPS,1.0,IT1
DF_DCSE_CPA_AT2007_COE_OPT_A_REG_ALL_PROV_LAZIO,1.0,CPAteco 2007 dato annuale a livello provinciale - dal 1991 - Lazio,CPA annual data at provincial level - from 1991 - Lazio,DCSE_CPA_ATECO2007_COE_OPT,1.0,IT1
DF_DCSE_CPA_AT2007_COE_OPT_A_REG_ALL_REG,1.0,CPAteco 2007 dato annuale a livello provinciale - dal 1991 - Regioni,CPA annual data at provincial level - from 1991 - Regions,DCSE_CPA_ATECO2007_COE_OPT,1.0,IT1
DF_DCSE_CPA_ATECO2007_COE_A_M_CONJ_FIL1,1.0,CPA Ateco 2007 dati annuali e mensili a livello nazionale (filtro 1),CPA annual and monthly data at nationall level (filter 1),DCSE_CPA_ATECO2007_COE_OPT,1.0,IT1
DF_DCSE_CPA_ATECO2007_COE_A_M_CONJ_FIL2,1.0,CPA Ateco 2007 dati annuali e mensili a livello nazionale (filtro 2),CPA annual and monthly data at nationall level (filter 2),DCSE_CPA_ATECO2007_COE_OPT,1.0,IT1
DF_DCSE_CPA_ATECO2007_COE_A_M_CONJ_FIL3,1.0,CPA Ateco 2007 dati annuali e mensili a livello nazionale (filtro 3),CPA annual and monthly data at nationall level (filter 3),DCSE_CPA_ATECO2007_COE_OPT,1.0,IT1
DF_DCSE_CPA_ATECO2007_COE_A_Q_CONJ_PROV_LAZIO,1.0,CPA Ateco 2007 dati annuali e trimestrali a livello provinciale - Lazio,CPA annual and quarterly data at provincial level - Lazio,DCSE_CPA_ATECO2007_COE_OPT,1.0,IT1
DF_DCSE_CPA_ATECO2007_COE_A_Q_CONJ_REG,1.0,CPA Ateco 2007 dati annuali e trimestrali a livello regionale,CPA annual and quarterly data at regional level,DCSE_CPA_ATECO2007_COE_OPT,1.0,IT1
DF_DCSE_NC8_A_M_CONJ_2_EXP1,1.0,Nomenclatura combinata (NC8) (quantità e valore) dati mensili (Filtro EXP1),Combined Nomenclature (CN8) (value - quantity) monthly data (Filter EXP1),DCSE_NC8_VQ_OPT,1.0,IT1
DF_DCSE_NC8_A_M_CONJ_2_EXP2,1.0,Nomenclatura combinata (NC8) (quantità e valore) dati mensili (Filtro EXP1),Combined Nomenclature (CN8) (value - quantity) monthly data (Filter EXP2),DCSE_NC8_VQ_OPT,1.0,IT1
DF_DCSS_ABITAZIONI_TV_1,1.0,Abitazioni occupate e non occupate - comuni,Occupancy status of conventional dwellings - municipalities,DCSS_ABITAZIONI_TV,1.0,IT1
DF_DCSS_ABITAZIONI_TV_2,1.0,"Abitazioni occupate a titolo di proprietà, affitto, altro titolo - comuni",Occupied conventional dwellings by type of ownership - municipalities,DCSS_ABITAZIONI_TV,1.0,IT1
DF_DCSS_BEST_PPC_1_GC,1.0,Famiglie per percezione del rischio di criminalità nella zona in cui abitano - province e grandi comuni,Private households by perception of crime risk in the area where they live - provinces and large cities,DCSS_BEST_PPC_TV,1.0,IT1
DF_DCSS_BEST_PPC_2_GC,1.0,Persone di 14 anni e più per livello di soddisfazione della vita - province e grandi comuni,Population aged 14 years and over by life satisfaction - provinces and large cities,DCSS_BEST_PPC_TV,1.0,IT1
DF_DCSS_BEST_PPC_3_GC,1.0,Persone di 14 anni e più che hanno parenti su cui contare - province e grandi comuni,Population aged 14 years and over who have family members you can count on - provinces and large cities,DCSS_BEST_PPC_TV,1.0,IT1
DF_DCSS_BEST_PPC_4_GC,1.0,Persone di 14 anni e più che hanno amici su cui contare - province e grandi comuni,Population aged 14 years and over who have friends you can count on - provinces and large cities,DCSS_BEST_PPC_TV,1.0,IT1
DF_DCSS_BEST_PPC_5_GC,1.0,Persone di 14 anni e più che hanno vicini su cui contare - province e grandi comuni,Population aged 14 years and over who have neighbors you can count on - provinces and large cities,DCSS_BEST_PPC_TV,1.0,IT1
DF_DCSS_BEST_PPC_6_GC,1.0,Persone di 14 anni e più per percezione della sicurezza camminando al buio da soli nella zona in cui abitano - province e grandi comuni,Population aged 14 years and over by perception of safety walking alone in the dark in the area where they live - provinces and large cities,DCSS_BEST_PPC_TV,1.0,IT1
DF_DCSS_CARS_1,1.0,Automobili di proprietà per cittadinanza del proprietario - comuni,Owned cars by citizenship of the owner - municipalities,DCSS_CARS,1.0,IT1
DF_DCSS_CARS_2,1.0,Automobili di proprietà per numero di componenti della famiglia - comuni,Owned cars by number of household members - municipalities,DCSS_CARS,1.0,IT1
DF_DCSS_CARS_3,1.0,Automobili di proprietà per cittadinanza dei componenti della famiglia - comuni,Owned cars by citizenship of household members - municipalities,DCSS_CARS,1.0,IT1
DF_DCSS_CARS_PARK_1,1.0,Automobili di proprietà per cittadinanza del proprietario - comuni,Owned cars by citizenship of the owner - municipalities,DCSS_CARS_PARK,1.0,IT1
DF_DCSS_CARS_PARK_2,1.0,Automobili di proprietà per numero di componenti della famiglia - comuni,Owned cars by number of household members - municipalities,DCSS_CARS_PARK,1.0,IT1
DF_DCSS_CARS_PARK_3,1.0,Automobili di proprietà per cittadinanza dei componenti della famiglia - comuni,Owned cars by citizenship of household members - municipalities,DCSS_CARS_PARK,1.0,IT1
DF_DCSS_CARS_PARK_4,1.0,Famiglie per disponibilità di posto auto privato - province e grandi comuni,Private households by availability of car parking - provinces and large cities,DCSS_CARS_PARK,1.0,IT1
DF_DCSS_CARS_PARK_5,1.0,Famiglie che dispongono di posto auto privato per tipo di posto auto - province e grandi comuni,Private households with a car parking by type of parking - provinces and large cities,DCSS_CARS_PARK,1.0,IT1
DF_DCSS_CONVIVENZE_TV_1,1.0,"Popolazione residente in convivenza per tipo di convivenza, sesso, classi di età e cittadinanza - province e grandi comuni","Resident population in institutional household by type of institutional household, gender, age class and citizenship - provinces and large cities",DCSS_CONVIVENZE_TV,1.0,IT1
DF_DCSS_CONVIVENZE_TV_2,1.0,Popolazione residente in convivenza per tipo di convivenza e sesso - comuni,Resident population in institutional household by type of institutional household and gender - municipalities,DCSS_CONVIVENZE_TV,1.0,IT1
DF_DCSS_CONVIVENZE_TV_3,1.0,Convivenze anagrafiche per numero di componenti in convivenza - province e grandi comuni,Institutional households with at least one resident person by number of members in institutional household - provinces and large cities,DCSS_CONVIVENZE_TV,1.0,IT1
DF_DCSS_CONVIVENZE_TV_4,1.0,Convivenze anagrafiche per tipo di convivenza - comuni,Institutional households with at least one resident person by type of institutional household - municipalities,DCSS_CONVIVENZE_TV,1.0,IT1
DF_DCSS_EMPLP_1_COM,1.0,Occupati per sesso e posizione nella professione - comuni,Employed persons by gender and status in employment - municipalities,DCSS_EMPLP_TV,1.0,IT1
DF_DCSS_EMPLP_2_COM,1.0,Occupati per sesso e settori di attività economica - comuni,Employed persons by gender and industry (branch of economic activity) - municipalities,DCSS_EMPLP_TV,1.0,IT1
DF_DCSS_FAMIGLIE_TV_1,1.0,Famiglie per numero di componenti - comuni,Private households by number of members - municipalities,DCSS_FAMIGLIE_TV,1.0,IT1
DF_DCSS_FAMIGLIE_TV_2,1.0,Famiglie con almeno uno straniero residente  - comuni,Private household with at least a resident foreign one persons  - municipalities,DCSS_FAMIGLIE_TV,1.0,IT1
DF_DCSS_FAMIGLIE_TV_3,1.0,Famiglie con tutti i componenti stranieri - comuni,Private households with all foreign members - municipalities,DCSS_FAMIGLIE_TV,1.0,IT1
DF_DCSS_FAMILY_NUCLEI_1_GC,1.0,Nuclei familiari per tipo di nucleo e numero di figli - province e grandi comuni,Family nuclei by type of family and number of children - provinces and large cities,DCSS_FAMILY_NUCLEI_TV,1.0,IT1
DF_DCSS_FAMILY_NUCLEI_2_GC,1.0,"Coppie per tipo di coppia, stato coniugale e presenza di figli - province e grandi comuni","Couples by type of couple, conjugal status and presence of children - provinces and large cities",DCSS_FAMILY_NUCLEI_TV,1.0,IT1
DF_DCSS_FAMILY_NUCLEI_3_GC,1.0,"Coppie per classe di età del partner 1, del partner 2 e presenza di figli - province e grandi comuni","Cuoples by age class of partner 1, of partner 2 and presence of children - provinces and large cities",DCSS_FAMILY_NUCLEI_TV,1.0,IT1
DF_DCSS_FAMILY_NUCLEI_4_GC,1.0,"Nuclei familiari monogenitore per tipo di nucleo, sesso e classe di età del genitore - province e grandi comuni","Lone parent families by type of family, sex and age class of the parent - provinces and large cities",DCSS_FAMILY_NUCLEI_TV,1.0,IT1
DF_DCSS_FAM_POP_TV_1,1.0,Numero di famiglie e popolazione residente in famiglia - comuni,Number of private households and resident population in private household - municipalities,DCSS_FAM_POP_TV,1.0,IT1
DF_DCSS_FAM_POP_TV_2,1.0,Numero medio di componenti per famiglia - comuni,Average number of members per private household - municipalities,DCSS_FAM_POP_TV,1.0,IT1
DF_DCSS_FORPOP_1_GC,1.0,Popolazione straniera per stato civile - province e grandi comuni,Foreign population by legal marital status - provinces and large cities,DCSS_FORPOP_TV,1.0,IT1
DF_DCSS_FORPOP_2_GC,1.0,Popolazione straniera per posizione in famiglia o non in famiglia - province e grandi comuni,Foreign population by position in the private household or not in the private household - provinces and large cities,DCSS_FORPOP_TV,1.0,IT1
DF_DCSS_FORPOP_3_GC,1.0,Popolazione straniera per posizione nel nucleo - province e grandi comuni,Foreign population by position in family nucleus - provinces and large cities,DCSS_FORPOP_TV,1.0,IT1
DF_DCSS_FPHH_FNCL_1_GC,1.0,"Popolazione straniera residente in famiglia per sesso, classe di età e tipologia della famiglia - province e grandi comuni","Foreign resident population in private household by gender, age class and type of private households - provinces and large cities",DCSS_FPHH_FNCL_TV,1.0,IT1
DF_DCSS_FPHH_FNCL_2_GC,1.0,Famiglie con almeno uno straniero residente per tipologia di famiglia - province e grandi comuni,Private household with at least a resident foreign one person by type of private households - provinces and large cities,DCSS_FPHH_FNCL_TV,1.0,IT1
DF_DCSS_FPHH_FNCL_3_GC,1.0,Nuclei familiari con almeno uno straniero residente per tipologia di nucleo e area geografica di cittadinanza della persona di riferimento - province e grandi comuni,Family nuclei with at least one foreign by type of family nuclei and geographical area of citizenship of reference person - provinces and large cities,DCSS_FPHH_FNCL_TV,1.0,IT1
DF_DCSS_HCUE_COM_1_COM,1.0,Popolazione per stato civile - comuni,Population by legal marital status - municipalities,DCSS_HCUE_COM_TV,1.1,IT1
DF_DCSS_HCUE_COM_2_COM,1.0,Popolazione per posizione in famiglia o non in famiglia - comuni,Population by position in private household or not in private household - municipalities,DCSS_HCUE_COM_TV,1.1,IT1
DF_DCSS_HCUE_COM_3_COM,1.0,Popolazione per paese di nascita - comuni,Population by place  of birth - municipalities,DCSS_HCUE_COM_TV,1.1,IT1
DF_DCSS_HCUE_COM_4_COM,1.0,Famiglie per tipo di famiglia - comuni,Private households by type of private household - municipalities,DCSS_HCUE_COM_TV,1.1,IT1
DF_DCSS_HCUE_COM_5_COM,1.0,Nuclei familiari per tipo di nucleo familiare - comuni,Family nuclei by type of family nucleus - municipalities,DCSS_HCUE_COM_TV,1.1,IT1
DF_DCSS_HCUE_COM_6_COM,1.0,Nuclei familiari per numero di componenti - comuni,Family nuclei by number of members - municipalities,DCSS_HCUE_COM_TV,1.1,IT1
DF_DCSS_HCUE_COM_7_COM,1.0,Abitazioni occupate e non occupate per tipo di edificio - comuni,Occupied and unoccupied conventional dwellings by type of building - municipalities,DCSS_HCUE_COM_TV,1.1,IT1
DF_DCSS_HCUE_COM_8_COM,1.0,Alloggi occupati - comuni,Living quarters - municipalities,DCSS_HCUE_COM_TV,1.1,IT1
DF_DCSS_HUDW_1_COM,1.0,Famiglie per titolo di godimento - comuni,Private households by tenure status of households - municipalities,DCSS_HUDW_TV,1.0,IT1
DF_DCSS_HUDW_2_PROV,1.0,Abitazioni per epoca di costruzione e stato di occupazione - regioni e province,Conventional dwellings by period of construction and occupancy status of conventional dwellings - regions and provinces,DCSS_HUDW_TV,1.0,IT1
DF_DCSS_HUDW_3_PROV,1.0,Abitazioni occupate da almeno una persona residente per classi di superficie e numero di occupanti - regioni e province,Occupied conventional dwellings by resident persons by useful floor space groups and number of occupants - regions and provinces,DCSS_HUDW_TV,1.0,IT1
DF_DCSS_HUDW_4_PROV,1.0,Abitazioni occupate da almeno una persona residente per densità abitativa - regioni e province,Occupied conventional dwellings by resident persons by density standard (floor space) - regions and provinces,DCSS_HUDW_TV,1.0,IT1
DF_DCSS_HUDW_5_PROV,1.0,Abitazioni occupate da almeno una persona residente per tipo di impianto di riscaldamento - regioni e province,Occupied conventional dwellings by resident persons by type of heating - regions and provinces,DCSS_HUDW_TV,1.0,IT1
DF_DCSS_HUDW_6_COM,1.0,Famiglie per tipo di alloggio - comuni,Private households by type of living quarter - municipalities,DCSS_HUDW_TV,1.0,IT1
DF_DCSS_ISTR_LAV_PEN_2_TV_1,1.0,Popolazione residente di 9 anni e più per grado di istruzione ed età - comuni,Resident population 9 years and over by educational attainment and age - municipalities,DCSS_ISTR_LAV_PEN_2_TV,1.0,IT1
DF_DCSS_ISTR_LAV_PEN_2_TV_2,1.0,Popolazione residente di 9 anni e più per grado di istruzione e cittadinanza - comuni,Resident population 9 years and over by educational attainment and citizenship - municipalities,DCSS_ISTR_LAV_PEN_2_TV,1.0,IT1
DF_DCSS_ISTR_LAV_PEN_2_TV_3,1.0,Popolazione residente di 15 anni e più per condizione professionale ed età - comuni,Resident population 15 years and over by current activity status and age - municipalities,DCSS_ISTR_LAV_PEN_2_TV,1.0,IT1
DF_DCSS_ISTR_LAV_PEN_2_TV_4,1.0,Popolazione residente di 15 anni e più per condizione professionale e cittadinanza - comuni,Resident population 15 years and over by current activity status and citizenship - municipalities,DCSS_ISTR_LAV_PEN_2_TV,1.0,IT1
DF_DCSS_ISTR_LAV_PEN_2_TV_5,1.0,Popolazione residente che si sposta giornalmente per studio o lavoro - comuni,Resident population commuting daily for studying or working - municipalities,DCSS_ISTR_LAV_PEN_2_TV,1.0,IT1
DF_DCSS_LCAS_FRISC_1,1.0,Occupati per utilizzo di lavoro da casa e sesso - province e grandi comuni,Employed persons working from home by number of days and sex - provinces and large cities,DCSS_LCAS_FRISC,1.0,IT1
DF_DCSS_LCAS_FRISC_2,1.0,Occupati per utilizzo di lavoro da casa e classi di età - province e grandi comuni,Employed persons working from home by number of days and age class - provinces and large cities,DCSS_LCAS_FRISC,1.0,IT1
DF_DCSS_LCAS_FRISC_3,1.0,Popolazione residente di 14 anni e più per frequenza di un corso di formazione/aggiornamento professionale e sesso - province e grandi comuni,Resident population aged 14 and over by training and educational attainment and gender - provinces and large cities,DCSS_LCAS_FRISC,1.0,IT1
DF_DCSS_LCAS_FRISC_4,1.0,Popolazione residente fino a 8 anni per frequenza di asilo nido/scuola dell'infanzia/scuola primaria e sesso - province e grandi comuni,"Resident population up to age 8 by day nursery, nursery school, primary school attendance and gender - provinces and large cities",DCSS_LCAS_FRISC,1.0,IT1
DF_DCSS_LCAS_FRISC_5,1.0,Popolazione residente di 9 anni e più per iscrizione a un corso regolare di studi  - province e grandi comuni,Resident population aged 9 and over by enrolment in a regular course of study  - provinces and large cities,DCSS_LCAS_FRISC,1.0,IT1
DF_DCSS_MIGR_BACKG_PAR_TV_10_COM,1.0,"Popolazione straniera nata in italia e all'estero per grado di istruzione, cittadinanza e luogo di nascita dei genitori - comuni","Foreign population born in Italy and abroad by educational attainment, citizenship and place of birth of parents - municipalities",DCSS_MIGR_BACKG_PAR_TV,1.0,IT1
DF_DCSS_MIGR_BACKG_PAR_TV_1_COM,1.0,"Popolazione italiana dalla nascita, italiana per acquisizione e straniera/apolide per luogo di nascita dei genitori - comuni","Italian population by birth, by acquisition and foreign/stateless population by place of birth of parents - municipalities",DCSS_MIGR_BACKG_PAR_TV,1.0,IT1
DF_DCSS_MIGR_BACKG_PAR_TV_2_COM,1.0,Popolazione italiana nata in Italia per luogo di nascita dei genitori - comuni,Italian population born in Italy by place of birth of parents - municipalities,DCSS_MIGR_BACKG_PAR_TV,1.0,IT1
DF_DCSS_MIGR_BACKG_PAR_TV_3_COM,1.0,Popolazione italiana nata all'estero (immigrata) per luogo di nascita dei genitori - comuni,Italian population born abroad (immigrant) by place of birth of parents - municipalities,DCSS_MIGR_BACKG_PAR_TV,1.0,IT1
DF_DCSS_MIGR_BACKG_PAR_TV_4_COM,1.0,Popolazione italiana per acquisizione nata in Italia per cittadinanza precedente e luogo di nascita dei genitori - comuni,Italian population by acquisition born in Italy by previous citizenship and place of birth of parents - municipalities,DCSS_MIGR_BACKG_PAR_TV,1.0,IT1
DF_DCSS_MIGR_BACKG_PAR_TV_5_COM,1.0,Popolazione italiana per acquisizione nata all'estero (immigrata) per cittadinanza precedente e luogo di nascita dei genitori - comuni,Italian population by acquisition born abroad (immigrant) by previous citizenship and place of birth of parents - municipalities,DCSS_MIGR_BACKG_PAR_TV,1.0,IT1
DF_DCSS_MIGR_BACKG_PAR_TV_6_COM,1.0,Popolazione straniera nata in Italia per cittadinanza e luogo di nascita dei genitori - comuni,Foreign population born in Italy by citizenship and place of birth of parents - municipalities,DCSS_MIGR_BACKG_PAR_TV,1.0,IT1
DF_DCSS_MIGR_BACKG_PAR_TV_7_COM,1.0,Popolazione straniera nata all'estero (immigrata) per cittadinanza e luogo di nascita dei genitori - comuni,Foreign population born abroad (immigrant) by citizenship and place of birth of parents - municipalities,DCSS_MIGR_BACKG_PAR_TV,1.0,IT1
DF_DCSS_MIGR_BACKG_PAR_TV_8_COM,1.0,Popolazione italiana nata in Italia e all'estero per grado di istruzione e luogo di nascita dei genitori - comuni,Italian population born in Italy and abroad by educational attainment and place of birth of parents - municipalities,DCSS_MIGR_BACKG_PAR_TV,1.0,IT1
DF_DCSS_MIGR_BACKG_PAR_TV_9_COM,1.0,"Popolazione italiana per acquisizione nata in Italia e all'estero per grado di istruzione, cittadinanza precedente e luogo di nascita dei genitori - comuni","Italian population by acquisition born in Italy and abroad by educational attainment, previous citizenship and place of birth of parents - municipalities",DCSS_MIGR_BACKG_PAR_TV,1.0,IT1
DF_DCSS_POPHH_PHH_1_GC,1.0,"Popolazione residente in famiglia per sesso, classe di età, e posizione nella famiglia - province e grandi comuni","Resident population in private household by gender, age class and private household status - provinces and large cities",DCSS_POPHH_PHH_TV,1.0,IT1
DF_DCSS_POPHH_PHH_2_COM,1.0,Popolazione residente in famiglia per tipologia della famiglia - comuni,Resident population in private household by type of private households - municipalities,DCSS_POPHH_PHH_TV,1.0,IT1
DF_DCSS_POPHH_PHH_3_GC,1.0,Popolazione residente in famiglia per numero di componenti e tpologia della famiglia - province e grandi comuni,Resident population in private household by number of members and type of private households - provinces and large cities,DCSS_POPHH_PHH_TV,1.0,IT1
DF_DCSS_POPHH_PHH_4_COM,1.0,Famiglie per tipologia della famiglia - comuni,Private households by type of private households - municipalities,DCSS_POPHH_PHH_TV,1.0,IT1
DF_DCSS_POPHH_PHH_5_GC,1.0,Famiglie per numero di componenti e tipologia della famiglia - province e grandi comuni,Private households by number of members and type of private households - provinces and large cities,DCSS_POPHH_PHH_TV,1.0,IT1
DF_DCSS_POPRESABR_1_GC,1.0,"Popolazione che è stata residente all'estero per classi di età,  anno di arrivo e luogo di dimora abituale 1 anno prima rispetto alla dimora attuale - province e grandi comuni","Population that has resided abroad by age class, year of arrival and place of usual residence one year prior compared to the current place of residence - provinces and large cities",DCSS_POPRESABR_TV,1.0,IT1
DF_DCSS_POPRESABR_2_GC,1.0,Popolazione che è stata residente all'estero per anno di arrivo e luogo di nascita - province e grandi comuni,Population that has resided abroad by year of arrival and place of birth - provinces and large cities,DCSS_POPRESABR_TV,1.0,IT1
DF_DCSS_POPRESABR_3_GC,1.0,Popolazione che è stata residente all'estero per anno di arrivo e area geografica di cittadinanza - province e grandi comuni,Population that has resided abroad by year of arrival and geographical area of citizenship - provinces and large cities,DCSS_POPRESABR_TV,1.0,IT1
DF_DCSS_POPRESABR_4_REGIO,1.0,"Popolazione che è stata residente all'estero per anno di arrivo, luogo di nascita e area geografica di cittadinanza - regioni","Population that has resided abroad by year of arrival,  place of birthand and geographical area of citizenship - regions",DCSS_POPRESABR_TV,1.0,IT1
DF_DCSS_POPRES_SERIES_TV_1,1.0,Popolazione residente - Serie storica,Resident population -Time series,DCSS_POP_DEMCITMIG_TV,1.0,IT1
DF_DCSS_POP_CAMPI_ATTR_TV_1,1.0,"Popolazione che vive nei campi attrezzati, negli insediamenti tollerati e spontanei - comuni",Population living in authorized and not authorized settlement - municipalities,DCSS_POP_CAMPI_ATTR_TV,1.0,IT1
DF_DCSS_POP_DEMCITMIG_SETA_1,1.0,"Popolazione residente per singole età, sesso e cittadinanza - comuni","Resident population by single age, gender and citizenship - municipalities",DCSS_POP_DEMCITMIG_SETA_TV,1.0,IT1
DF_DCSS_POP_DEMCITMIG_TV_1,1.0,Popolazione residente per classi di età (quinquennali) e sesso - comuni,Resident population by age groups (five-year) and gender - municipalities,DCSS_POP_DEMCITMIG_TV,1.0,IT1
DF_DCSS_POP_DEMCITMIG_TV_2,1.0,"Popolazione residente per classi di età (decennali), sesso e cittadinanza - comuni","Resident population by age groups (ten-year), gender and citizenship - municipalities",DCSS_POP_DEMCITMIG_TV,1.0,IT1
DF_DCSS_POP_DEMCITMIG_TV_3,1.0,Popolazione straniera residente per area geografica e paesi di cittadinanza - comuni,Resident foreign population by geographical area and countries of citizenship - municipalities,DCSS_POP_DEMCITMIG_TV,1.0,IT1
DF_DCSS_POP_DEMCITMIG_TV_4,1.0,Popolazione straniera residente per principali paesi di cittadinanza - comuni con più di 20.000 ab.,"Resident foreign population by main countries of citizenship - municipalities with more than 20,000 inhab.",DCSS_POP_DEMCITMIG_TV,1.0,IT1
DF_DCSS_POP_DEMCITMIG_TV_5,1.0,Indicatori demografici - comuni,Demographic indicators - municipalities,DCSS_POP_DEMCITMIG_TV,1.0,IT1
DF_DCSS_POP_LEGALE_TV,1.0,Popolazione legale pubblicata nella GU Serie Generale n.53 del 03-03-2023 - Suppl. Ordinario n.10,Population de jure as published in GU Serie Generale n.53 del 03-03-2023 - Suppl. Ordinario n.10,DCSS_POP_LEGALE_TV,1.0,IT1
DF_DCSS_RESPOP_PL1Y_1_GC,1.0,Popolazione residente per classe di età e luogo di dimora abituale 1 anno prima rispetto alla dimora attuale - province e grandi comuni,Resident population by age class and place of usual residence one year prior compared to the current place of residence - provinces and large cities,DCSS_RESPOP_PL1Y_TV,1.0,IT1
DF_DCSS_RESPOP_PL1Y_2_GC,1.0,Popolazione residente per cittadinanza e luogo di dimora abituale 1 anno prima rispetto alla dimora attuale - province e grandi comuni,Resident population citizenship and place of usual residence one year prior compared to the current place of residence - provinces and large cities,DCSS_RESPOP_PL1Y_TV,1.0,IT1
DF_DCSS_RESPOP_PL1Y_3_GC,1.0,Popolazione residente per classe di età e luogo di dimora abituale 1 anno prima - province e grandi comuni,Resident population by age class and place of usual residence 1 year earlier - provinces and large cities,DCSS_RESPOP_PL1Y_TV,1.0,IT1
DF_DCSS_RESPOP_PL1Y_4_GC,1.0,Popolazione residente per cittadinanza e luogo di dimora abituale 1 anno prima - province e grandi comuni,Resident population by citizenship and place of usual residence one year prior - provinces and large cities,DCSS_RESPOP_PL1Y_TV,1.0,IT1
DF_DCSS_RESPOP_PL1Y_5_GC,1.0,Popolazione residente per grado di istruzione e luogo di dimora abituale 1 anno prima rispetto alla dimora attuale - province e grandi comuni,Resident population by educational attainment and place of usual residence one year prior compared to the current place of residence - provinces and large cities,DCSS_RESPOP_PL1Y_TV,1.0,IT1
DF_DCSS_RESPOP_PL1Y_6_GC,1.0,Popolazione residente per condizione professionale e luogo di dimora abituale 1 anno prima rispetto alla dimora attuale - province e grandi comuni,Resident population by current activity status and place of usual residence one year prior compared to the current place of residence - provinces and large cities,DCSS_RESPOP_PL1Y_TV,1.0,IT1
DF_DCSS_SENZA_TETTO_TV_1,1.0,Persone senza tetto e senza fissa dimora - comuni,Primary and secondary homeless persons - municipalities,DCSS_SENZA_TETTO_TV,1.0,IT1
DF_DIFF_REPORT,1.0,Dataflow per la diffusione di report,Dissemination report Dataflow,DSD_DIFF_REPORT,1.0,IT1
DF_DIPS_SIR_IND_TERR_DRT_MUN_1,1.0,Indicatori e territorio,All indicators - All territories,DIPS_SIR_IND_TERR_DRT,1.0,IT1
DF_DIPS_SIR_IND_TERR_DRT_MUN_2,1.0,Indicatori per singolo territorio,All indicators by individual territory,DIPS_SIR_IND_TERR_DRT,1.0,IT1
DF_DIPS_SIR_IND_TERR_DRT_OCC_RBI_MUN_1,1.0,Indicatori e territorio (addetti - imprese),All indicators - All territories (persons employed - enterprises),DIPS_SIR_IND_TERR_DRT_OCC_RBI,1.0,IT1
DF_DIPS_SIR_IND_TERR_DRT_OCC_RBI_MUN_2,1.0,Indicatori per singolo territorio (addetti - imprese),All indicators by individual territory (persons employed - enterprises),DIPS_SIR_IND_TERR_DRT_OCC_RBI,1.0,IT1
DF_DIPS_SIR_IND_TERR_DRT_OCC_RBI_MUN_3,1.0,Indicatori e territorio (indipendenti),All indicators - All territories (self-employed - enterprises),DIPS_SIR_IND_TERR_DRT_OCC_RBI,1.0,IT1
DF_DIPS_SIR_IND_TERR_DRT_OCC_RBI_MUN_4,1.0,Indicatori per singolo territorio (indipendenti),All indicators by individual territory (self-employed),DIPS_SIR_IND_TERR_DRT_OCC_RBI,1.0,IT1
DF_DIPS_SIR_IND_TERR_DRT_OCC_RBI_MUN_5,1.0,Indicatori e territorio (dipendenti),All indicators - All territories (employees),DIPS_SIR_IND_TERR_DRT_OCC_RBI,1.0,IT1
DF_DIPS_SIR_IND_TERR_DRT_OCC_RBI_MUN_6,1.0,Indicatori per singolo territorio (dipendenti),All indicators by individual territory (employees),DIPS_SIR_IND_TERR_DRT_OCC_RBI,1.0,IT1
DF_DIPS_SIR_IND_TERR_DRT_OCC_RBI_SLL_1,1.0,Indicatori per Sistemi Locali del Lavoro (SLL),All indicators - All Labour Market Areas (LMAs),DIPS_SIR_IND_TERR_DRT_OCC_RBI,1.0,IT1
DF_DIPS_SIR_IND_TERR_DRT_OCC_RBI_SLL_2,1.0,Indicatori per singolo Sistema Locale del Lavoro (SLL),Indicators by Labour Market Area (LMA),DIPS_SIR_IND_TERR_DRT_OCC_RBI,1.0,IT1
DF_DIPS_SIR_IND_TERR_DRT_SLL_1,1.0,Indicatori per Sistemi Locali del Lavoro (SLL),All indicators - All Labour Market Areas (LMAs),DIPS_SIR_IND_TERR_DRT,1.0,IT1
DF_DIPS_SIR_IND_TERR_DRT_SLL_2,1.0,Indicatori per singolo Sistema Locale del Lavoro (SLL),Indicators by Labour Market Area (LMA),DIPS_SIR_IND_TERR_DRT,1.0,IT1
DF_TEST_DCIS_ABORTISPONTL,1.0,DF TEST IT,DF test,TEST_DCIS_ABORTISPONTL,1.0,IT1
DF_TST,1.0,Crops in Italy,Crops in Italy,VIRTUALDSD,1.0,MDM
EMP,1.0,Occupazione,Employment,ECOFIN_DSD,1.0,IMF
FSI07,1.0,Indicatori di solidità finanziaria,Financial Soundness Indicators,ECOFIN_DSD,1.0,IMF
GGO,1.0,Operazioni del governo,General government operations,ECOFIN_DSD,1.0,IMF
IND,1.0,Indice della produzione industriale,Index of industrial production,ECOFIN_DSD,1.0,IMF
MET,1.0,Commercio,Merchandise trade,ECOFIN_DSD,1.0,IMF
NAG_08,1.0,Conti nazionali - metodologia 2008,National accounts - 2008 methodology,ECOFIN_DSD,1.0,IMF
POP,1.0,Popolazione,Population,ECOFIN_DSD,1.0,IMF
PPI,1.0,Prezzi alla produzione,Producer prices,ECOFIN_DSD,1.0,IMF
SDDS_PLUS_CPI_DF_167_744_1,1.0,Prezzi al consumo,Consumer prices,DCSP_NIC1B2025,1.0,IT1
SDDS_PLUS_NAG_08_DF_163_156_1,1.0,Conti nazionali - prezzi correnti,National accounts (GDP) - at current prices,DCCN_SQCQ,1.0,IT1
SDDS_PLUS_NAG_08_DF_163_156_2,1.0,Conti nazionali - valori concatenati,National accounts (GDP) - chained volume in monetary terms,DCCN_SQCQ,1.0,IT1
SDDS_PLUS_POP_DF_22_315_1,1.0,Popolazione,Population,DCIS_POPORESBIL1,1.0,IT1
TEST_LINKED_DF_DCSP_PREZZIAGR_1,1.0,TEST_LINKED_DF_DCSP_PREZZIAGR_1,TEST_LINKED_DF_DCSP_PREZZIAGR_1,VIRTUALDSD,1.0,MDM
UEM,1.0,Disoccupazione,Unemployment,ECOFIN_DSD,1.0,IMF
WOE,1.0,Retribuzioni contrattuali,Contractual wages,ECOFIN_DSD,1.0,IMF
